case_id,alert_type,failed_login_count,successful_login,new_ip,location_change,login_location,endpoint_anomaly,email_anomaly,cloud_anomaly,previous_incident,evidence_missing,evidence_conflict,risk_score,risk_level,investigation_steps,containment_decision,investigation_status,case_outcome
CASE-0001,Suspicious Login,4,0,1,0,Chennai,0,0,0,0,1,0,10,LOW,Validate Alert → Check Authentication History → Investigate IP and Location → Collect Evidence → Assess Risk → Determine Containment,Continue Monitoring,BLOCKED - Missing Evidence,Benign Activity
CASE-0002,Suspicious Login,1,0,0,0,Bangalore,0,1,0,1,0,0,15,LOW,Validate Alert → Check Authentication History → Review Email Activity → Collect Evidence → Assess Risk → Determine Containment,Continue Monitoring,Normal Investigation,Benign Activity
CASE-0003,Cloud Account Anomaly,3,1,1,0,Mumbai,0,1,0,0,1,0,30,MEDIUM,Validate Alert → Check Authentication History → Investigate IP and Location → Review Email Activity → Collect Evidence → Assess Risk → Determine Containment,Escalate for Review,BLOCKED - Missing Evidence,Benign Activity
CASE-0004,Phishing Email,3,0,1,0,Chennai,1,0,1,1,0,1,45,MEDIUM,Validate Alert → Check Authentication History → Investigate IP and Location → Review Endpoint Activity → Review Cloud Activity → Collect Evidence → Assess Risk → Determine Containment,Escalate for Review,MANUAL REVIEW - Conflicting Evidence,Needs Further Investigation
CASE-0005,Endpoint Malware,1,1,0,0,Mumbai,0,1,1,1,0,0,35,MEDIUM,Validate Alert → Check Authentication History → Review Email Activity → Review Cloud Activity → Collect Evidence → Assess Risk → Determine Containment,Escalate for Review,Normal Investigation,Benign Activity
CASE-0006,Endpoint Malware,2,1,0,0,Unknown,0,0,1,1,0,1,25,LOW,Validate Alert → Check Authentication History → Review Cloud Activity → Collect Evidence → Assess Risk → Determine Containment,Continue Monitoring,MANUAL REVIEW - Conflicting Evidence,Benign Activity
CASE-0007,Endpoint Malware,1,1,0,0,Bangalore,0,1,1,1,0,0,35,MEDIUM,Validate Alert → Check Authentication History → Review Email Activity → Review Cloud Activity → Collect Evidence → Assess Risk → Determine Containment,Escalate for Review,Normal Investigation,Benign Activity
CASE-0008,Cloud Account Anomaly,1,1,1,0,Mumbai,1,0,0,1,1,1,40,MEDIUM,Validate Alert → Check Authentication History → Investigate IP and Location → Review Endpoint Activity → Collect Evidence → Assess Risk → Determine Containment,Escalate for Review,BLOCKED - Missing Evidence,Benign Activity
CASE-0009,Endpoint Malware,2,0,1,0,Chennai,0,0,0,0,1,1,10,LOW,Validate Alert → Check Authentication History → Investigate IP and Location → Collect Evidence → Assess Risk → Determine Containment,Continue Monitoring,BLOCKED - Missing Evidence,Benign Activity
CASE-0010,Cloud Account Anomaly,2,1,1,1,Bangalore,0,0,1,1,0,0,55,MEDIUM,Validate Alert → Check Authentication History → Investigate IP and Location → Review Cloud Activity → Collect Evidence → Assess Risk → Determine Containment,Escalate for Review,Normal Investigation,Benign Activity
CASE-0011,Cloud Account Anomaly,1,0,1,0,Hyderabad,0,1,0,0,0,0,25,LOW,Validate Alert → Check Authentication History → Investigate IP and Location → Review Email Activity → Collect Evidence → Assess Risk → Determine Containment,Continue Monitoring,Normal Investigation,Benign Activity
CASE-0012,Suspicious Login,0,1,1,0,Chennai,0,1,1,0,0,0,45,MEDIUM,Validate Alert → Check Authentication History → Investigate IP and Location → Review Email Activity → Review Cloud Activity → Collect Evidence → Assess Risk → Determine Containment,Escalate for Review,Normal Investigation,Needs Further Investigation
CASE-0013,Cloud Account Anomaly,4,0,0,0,Unknown,1,0,1,1,0,1,30,MEDIUM,Validate Alert → Check Authentication History → Review Endpoint Activity → Review Cloud Activity → Collect Evidence → Assess Risk → Determine Containment,Escalate for Review,MANUAL REVIEW - Conflicting Evidence,Needs Further Investigation
CASE-0014,Phishing Email,2,1,1,1,Hyderabad,1,0,0,0,0,0,55,MEDIUM,Validate Alert → Check Authentication History → Investigate IP and Location → Review Endpoint Activity → Collect Evidence → Assess Risk → Determine Containment,Escalate for Review,Normal Investigation,Needs Further Investigation
CASE-0015,Endpoint Malware,1,0,0,0,Hyderabad,0,0,0,0,0,0,0,LOW,Validate Alert → Check Authentication History → Collect Evidence → Assess Risk → Determine Containment,Continue Monitoring,Normal Investigation,Benign Activity
CASE-0016,Endpoint Malware,3,1,1,0,Chennai,0,1,0,1,1,0,35,MEDIUM,Validate Alert → Check Authentication History → Investigate IP and Location → Review Email Activity → Collect Evidence → Assess Risk → Determine Containment,Escalate for Review,BLOCKED - Missing Evidence,Needs Further Investigation
CASE-0017,Cloud Account Anomaly,2,1,1,1,Chennai,1,0,0,0,1,1,50,MEDIUM,Validate Alert → Check Authentication History → Investigate IP and Location → Review Endpoint Activity → Collect Evidence → Assess Risk → Determine Containment,Escalate for Review,BLOCKED - Missing Evidence,Benign Activity
CASE-0018,Endpoint Malware,6,0,0,1,Delhi,0,1,0,1,1,0,45,MEDIUM,Validate Alert → Check Authentication History → Investigate IP and Location → Review Email Activity → Collect Evidence → Assess Risk → Determine Containment,Escalate for Review,BLOCKED - Missing Evidence,Needs Further Investigation
CASE-0019,Suspicious Login,1,0,0,0,Delhi,0,0,1,1,1,0,10,LOW,Validate Alert → Check Authentication History → Review Cloud Activity → Collect Evidence → Assess Risk → Determine Containment,Continue Monitoring,BLOCKED - Missing Evidence,Benign Activity
CASE-0020,Suspicious Login,1,0,1,0,Bangalore,1,1,1,1,1,1,50,MEDIUM,Validate Alert → Check Authentication History → Investigate IP and Location → Review Endpoint Activity → Review Email Activity → Review Cloud Activity → Collect Evidence → Assess Risk → Determine Containment,Escalate for Review,BLOCKED - Missing Evidence,Benign Activity
CASE-0021,Endpoint Malware,2,1,0,0,Hyderabad,0,1,0,0,1,1,15,LOW,Validate Alert → Check Authentication History → Review Email Activity → Collect Evidence → Assess Risk → Determine Containment,Continue Monitoring,BLOCKED - Missing Evidence,Benign Activity
CASE-0022,Endpoint Malware,2,0,0,0,Bangalore,0,0,0,1,0,1,5,LOW,Validate Alert → Check Authentication History → Collect Evidence → Assess Risk → Determine Containment,Continue Monitoring,MANUAL REVIEW - Conflicting Evidence,Benign Activity
CASE-0023,Suspicious Login,1,0,1,1,Unknown,1,0,1,0,0,0,55,MEDIUM,Validate Alert → Check Authentication History → Investigate IP and Location → Review Endpoint Activity → Review Cloud Activity → Collect Evidence → Assess Risk → Determine Containment,Escalate for Review,Normal Investigation,Needs Further Investigation
CASE-0024,Phishing Email,3,1,1,0,Bangalore,0,1,0,0,0,1,35,MEDIUM,Validate Alert → Check Authentication History → Investigate IP and Location → Review Email Activity → Collect Evidence → Assess Risk → Determine Containment,Escalate for Review,MANUAL REVIEW - Conflicting Evidence,Benign Activity
CASE-0025,Phishing Email,4,0,0,1,Unknown,1,0,1,1,0,1,45,MEDIUM,Validate Alert → Check Authentication History → Investigate IP and Location → Review Endpoint Activity → Review Cloud Activity → Collect Evidence → Assess Risk → Determine Containment,Escalate for Review,MANUAL REVIEW - Conflicting Evidence,Benign Activity
CASE-0026,Suspicious Login,1,0,1,0,Bangalore,0,0,1,1,0,1,30,MEDIUM,Validate Alert → Check Authentication History → Investigate IP and Location → Review Cloud Activity → Collect Evidence → Assess Risk → Determine Containment,Escalate for Review,MANUAL REVIEW - Conflicting Evidence,Benign Activity
CASE-0027,Phishing Email,3,1,1,0,Unknown,0,1,1,0,0,0,45,MEDIUM,Validate Alert → Check Authentication History → Investigate IP and Location → Review Email Activity → Review Cloud Activity → Collect Evidence → Assess Risk → Determine Containment,Escalate for Review,Normal Investigation,Needs Further Investigation
CASE-0028,Phishing Email,1,0,1,1,Delhi,0,0,0,0,0,0,30,MEDIUM,Validate Alert → Check Authentication History → Investigate IP and Location → Collect Evidence → Assess Risk → Determine Containment,Escalate for Review,Normal Investigation,Needs Further Investigation
CASE-0029,Endpoint Malware,4,0,1,1,Hyderabad,0,1,0,0,0,0,40,MEDIUM,Validate Alert → Check Authentication History → Investigate IP and Location → Review Email Activity → Collect Evidence → Assess Risk → Determine Containment,Escalate for Review,Normal Investigation,Benign Activity
CASE-0030,Endpoint Malware,4,0,0,0,Unknown,1,0,0,1,1,1,15,LOW,Validate Alert → Check Authentication History → Review Endpoint Activity → Collect Evidence → Assess Risk → Determine Containment,Continue Monitoring,BLOCKED - Missing Evidence,Benign Activity
CASE-0031,Endpoint Malware,2,1,0,0,Mumbai,1,0,1,0,0,0,35,MEDIUM,Validate Alert → Check Authentication History → Review Endpoint Activity → Review Cloud Activity → Collect Evidence → Assess Risk → Determine Containment,Escalate for Review,Normal Investigation,Benign Activity
CASE-0032,Endpoint Malware,0,0,0,0,Unknown,1,1,1,0,0,0,35,MEDIUM,Validate Alert → Check Authentication History → Review Endpoint Activity → Review Email Activity → Review Cloud Activity → Collect Evidence → Assess Risk → Determine Containment,Escalate for Review,Normal Investigation,Benign Activity
CASE-0033,Phishing Email,0,0,0,1,Unknown,0,1,0,0,1,0,20,LOW,Validate Alert → Check Authentication History → Investigate IP and Location → Review Email Activity → Collect Evidence → Assess Risk → Determine Containment,Continue Monitoring,BLOCKED - Missing Evidence,Benign Activity
CASE-0034,Phishing Email,2,1,0,1,Mumbai,0,1,0,1,0,1,40,MEDIUM,Validate Alert → Check Authentication History → Investigate IP and Location → Review Email Activity → Collect Evidence → Assess Risk → Determine Containment,Escalate for Review,MANUAL REVIEW - Conflicting Evidence,Needs Further Investigation
CASE-0035,Cloud Account Anomaly,2,0,1,1,Hyderabad,0,1,1,1,0,0,55,MEDIUM,Validate Alert → Check Authentication History → Investigate IP and Location → Review Email Activity → Review Cloud Activity → Collect Evidence → Assess Risk → Determine Containment,Escalate for Review,Normal Investigation,Benign Activity
CASE-0036,Endpoint Malware,2,0,1,1,Delhi,0,1,1,0,0,0,50,MEDIUM,Validate Alert → Check Authentication History → Investigate IP and Location → Review Email Activity → Review Cloud Activity → Collect Evidence → Assess Risk → Determine Containment,Escalate for Review,Normal Investigation,Needs Further Investigation
CASE-0037,Phishing Email,1,1,1,1,Chennai,0,1,0,0,0,1,50,MEDIUM,Validate Alert → Check Authentication History → Investigate IP and Location → Review Email Activity → Collect Evidence → Assess Risk → Determine Containment,Escalate for Review,MANUAL REVIEW - Conflicting Evidence,Benign Activity
CASE-0038,Endpoint Malware,5,1,0,0,Chennai,0,0,0,0,1,1,25,LOW,Validate Alert → Check Authentication History → Collect Evidence → Assess Risk → Determine Containment,Continue Monitoring,BLOCKED - Missing Evidence,Benign Activity
CASE-0039,Cloud Account Anomaly,4,1,0,1,Bangalore,1,1,0,0,0,0,50,MEDIUM,Validate Alert → Check Authentication History → Investigate IP and Location → Review Endpoint Activity → Review Email Activity → Collect Evidence → Assess Risk → Determine Containment,Escalate for Review,Normal Investigation,Benign Activity
CASE-0040,Endpoint Malware,0,1,0,0,Hyderabad,0,1,0,1,0,0,25,LOW,Validate Alert → Check Authentication History → Review Email Activity → Collect Evidence → Assess Risk → Determine Containment,Continue Monitoring,Normal Investigation,Benign Activity
CASE-0041,Cloud Account Anomaly,1,1,0,1,Mumbai,1,1,0,1,1,1,50,MEDIUM,Validate Alert → Check Authentication History → Investigate IP and Location → Review Endpoint Activity → Review Email Activity → Collect Evidence → Assess Risk → Determine Containment,Escalate for Review,BLOCKED - Missing Evidence,Needs Further Investigation
CASE-0042,Cloud Account Anomaly,2,0,1,0,Delhi,1,1,1,0,0,0,50,MEDIUM,Validate Alert → Check Authentication History → Investigate IP and Location → Review Endpoint Activity → Review Email Activity → Review Cloud Activity → Collect Evidence → Assess Risk → Determine Containment,Escalate for Review,Normal Investigation,Needs Further Investigation
CASE-0043,Endpoint Malware,2,0,0,1,Delhi,1,1,1,1,0,0,55,MEDIUM,Validate Alert → Check Authentication History → Investigate IP and Location → Review Endpoint Activity → Review Email Activity → Review Cloud Activity → Collect Evidence → Assess Risk → Determine Containment,Escalate for Review,Normal Investigation,Benign Activity
CASE-0044,Suspicious Login,0,1,1,0,Delhi,1,1,1,1,0,0,65,HIGH,Validate Alert → Check Authentication History → Investigate IP and Location → Review Endpoint Activity → Review Email Activity → Review Cloud Activity → Collect Evidence → Assess Risk → Determine Containment,Isolate Endpoint,Normal Investigation,Escalated Incident
CASE-0045,Cloud Account Anomaly,2,0,1,1,Chennai,1,0,1,0,0,0,55,MEDIUM,Validate Alert → Check Authentication History → Investigate IP and Location → Review Endpoint Activity → Review Cloud Activity → Collect Evidence → Assess Risk → Determine Containment,Escalate for Review,Normal Investigation,Needs Further Investigation
CASE-0046,Cloud Account Anomaly,2,0,1,0,Mumbai,0,1,1,1,0,0,40,MEDIUM,Validate Alert → Check Authentication History → Investigate IP and Location → Review Email Activity → Review Cloud Activity → Collect Evidence → Assess Risk → Determine Containment,Escalate for Review,Normal Investigation,Benign Activity
CASE-0047,Cloud Account Anomaly,3,1,1,1,Unknown,0,1,0,0,0,0,50,MEDIUM,Validate Alert → Check Authentication History → Investigate IP and Location → Review Email Activity → Collect Evidence → Assess Risk → Determine Containment,Escalate for Review,Normal Investigation,Needs Further Investigation
CASE-0048,Suspicious Login,1,0,0,0,Chennai,0,0,0,0,1,1,0,LOW,Validate Alert → Check Authentication History → Collect Evidence → Assess Risk → Determine Containment,Continue Monitoring,BLOCKED - Missing Evidence,Benign Activity
CASE-0049,Endpoint Malware,0,1,1,1,Mumbai,0,0,0,1,0,1,45,MEDIUM,Validate Alert → Check Authentication History → Investigate IP and Location → Collect Evidence → Assess Risk → Determine Containment,Escalate for Review,MANUAL REVIEW - Conflicting Evidence,Needs Further Investigation
CASE-0050,Cloud Account Anomaly,2,1,0,0,Hyderabad,0,0,1,0,0,0,20,LOW,Validate Alert → Check Authentication History → Review Cloud Activity → Collect Evidence → Assess Risk → Determine Containment,Continue Monitoring,Normal Investigation,Benign Activity
CASE-0051,Cloud Account Anomaly,2,1,0,1,Unknown,0,1,1,0,1,0,40,MEDIUM,Validate Alert → Check Authentication History → Investigate IP and Location → Review Email Activity → Review Cloud Activity → Collect Evidence → Assess Risk → Determine Containment,Escalate for Review,BLOCKED - Missing Evidence,Benign Activity
CASE-0052,Endpoint Malware,1,1,0,1,Delhi,1,1,1,1,0,0,65,HIGH,Validate Alert → Check Authentication History → Investigate IP and Location → Review Endpoint Activity → Review Email Activity → Review Cloud Activity → Collect Evidence → Assess Risk → Determine Containment,Isolate Endpoint,Normal Investigation,Escalated Incident
CASE-0053,Endpoint Malware,3,1,1,1,Mumbai,0,1,1,0,1,0,55,MEDIUM,Validate Alert → Check Authentication History → Investigate IP and Location → Review Email Activity → Review Cloud Activity → Collect Evidence → Assess Risk → Determine Containment,Escalate for Review,BLOCKED - Missing Evidence,Benign Activity
CASE-0054,Phishing Email,2,1,1,0,Bangalore,0,0,0,1,1,1,25,LOW,Validate Alert → Check Authentication History → Investigate IP and Location → Collect Evidence → Assess Risk → Determine Containment,Continue Monitoring,BLOCKED - Missing Evidence,Benign Activity
CASE-0055,Cloud Account Anomaly,3,1,1,0,Delhi,0,1,0,1,0,0,40,MEDIUM,Validate Alert → Check Authentication History → Investigate IP and Location → Review Email Activity → Collect Evidence → Assess Risk → Determine Containment,Escalate for Review,Normal Investigation,Benign Activity
CASE-0056,Phishing Email,2,1,1,1,Mumbai,1,1,1,1,0,0,80,HIGH,Validate Alert → Check Authentication History → Investigate IP and Location → Review Endpoint Activity → Review Email Activity → Review Cloud Activity → Collect Evidence → Assess Risk → Determine Containment,Escalate to Senior Analyst,Normal Investigation,Confirmed Incident
CASE-0057,Suspicious Login,0,0,0,0,Mumbai,1,1,1,0,0,0,35,MEDIUM,Validate Alert → Check Authentication History → Review Endpoint Activity → Review Email Activity → Review Cloud Activity → Collect Evidence → Assess Risk → Determine Containment,Escalate for Review,Normal Investigation,Needs Further Investigation
CASE-0058,Endpoint Malware,2,1,0,0,Chennai,1,0,0,1,0,1,30,MEDIUM,Validate Alert → Check Authentication History → Review Endpoint Activity → Collect Evidence → Assess Risk → Determine Containment,Escalate for Review,MANUAL REVIEW - Conflicting Evidence,Benign Activity
CASE-0059,Suspicious Login,1,1,1,1,Delhi,1,1,0,0,0,0,65,HIGH,Validate Alert → Check Authentication History → Investigate IP and Location → Review Endpoint Activity → Review Email Activity → Collect Evidence → Assess Risk → Determine Containment,Isolate Endpoint,Normal Investigation,Confirmed Incident
CASE-0060,Cloud Account Anomaly,1,0,0,0,Delhi,0,1,0,0,0,1,10,LOW,Validate Alert → Check Authentication History → Review Email Activity → Collect Evidence → Assess Risk → Determine Containment,Continue Monitoring,MANUAL REVIEW - Conflicting Evidence,Benign Activity
CASE-0061,Endpoint Malware,3,1,1,1,Mumbai,1,1,1,0,0,0,75,HIGH,Validate Alert → Check Authentication History → Investigate IP and Location → Review Endpoint Activity → Review Email Activity → Review Cloud Activity → Collect Evidence → Assess Risk → Determine Containment,Escalate to Senior Analyst,Normal Investigation,Confirmed Incident
CASE-0062,Suspicious Login,1,0,0,0,Hyderabad,0,0,0,1,1,1,0,LOW,Validate Alert → Check Authentication History → Collect Evidence → Assess Risk → Determine Containment,Continue Monitoring,BLOCKED - Missing Evidence,Benign Activity
CASE-0063,Cloud Account Anomaly,4,1,0,0,Delhi,1,1,1,0,0,0,45,MEDIUM,Validate Alert → Check Authentication History → Review Endpoint Activity → Review Email Activity → Review Cloud Activity → Collect Evidence → Assess Risk → Determine Containment,Escalate for Review,Normal Investigation,Needs Further Investigation
CASE-0064,Suspicious Login,2,0,0,1,Unknown,0,0,0,0,0,1,15,LOW,Validate Alert → Check Authentication History → Investigate IP and Location → Collect Evidence → Assess Risk → Determine Containment,Continue Monitoring,MANUAL REVIEW - Conflicting Evidence,Benign Activity
CASE-0065,Phishing Email,0,1,0,1,Delhi,1,1,1,1,1,0,60,HIGH,Validate Alert → Check Authentication History → Investigate IP and Location → Review Endpoint Activity → Review Email Activity → Review Cloud Activity → Collect Evidence → Assess Risk → Determine Containment,Escalate to Senior Analyst,BLOCKED - Missing Evidence,Confirmed Incident
CASE-0066,Phishing Email,4,1,0,0,Hyderabad,0,0,1,0,0,0,20,LOW,Validate Alert → Check Authentication History → Review Cloud Activity → Collect Evidence → Assess Risk → Determine Containment,Continue Monitoring,Normal Investigation,Benign Activity
CASE-0067,Cloud Account Anomaly,5,1,0,1,Bangalore,1,0,1,1,1,0,70,HIGH,Validate Alert → Check Authentication History → Investigate IP and Location → Review Endpoint Activity → Review Cloud Activity → Collect Evidence → Assess Risk → Determine Containment,Disable Account,BLOCKED - Missing Evidence,Confirmed Incident
CASE-0068,Phishing Email,2,1,1,1,Delhi,1,0,1,0,0,0,65,HIGH,Validate Alert → Check Authentication History → Investigate IP and Location → Review Endpoint Activity → Review Cloud Activity → Collect Evidence → Assess Risk → Determine Containment,Disable Account,Normal Investigation,Confirmed Incident
CASE-0069,Suspicious Login,0,1,1,0,Hyderabad,0,1,1,1,0,0,50,MEDIUM,Validate Alert → Check Authentication History → Investigate IP and Location → Review Email Activity → Review Cloud Activity → Collect Evidence → Assess Risk → Determine Containment,Escalate for Review,Normal Investigation,Benign Activity
CASE-0070,Endpoint Malware,0,1,1,1,Hyderabad,0,0,0,0,0,1,40,MEDIUM,Validate Alert → Check Authentication History → Investigate IP and Location → Collect Evidence → Assess Risk → Determine Containment,Escalate for Review,MANUAL REVIEW - Conflicting Evidence,Needs Further Investigation
CASE-0071,Cloud Account Anomaly,1,0,0,0,Unknown,1,0,0,1,0,1,20,LOW,Validate Alert → Check Authentication History → Review Endpoint Activity → Collect Evidence → Assess Risk → Determine Containment,Continue Monitoring,MANUAL REVIEW - Conflicting Evidence,Benign Activity
CASE-0072,Phishing Email,1,1,1,1,Chennai,0,1,0,1,0,1,55,MEDIUM,Validate Alert → Check Authentication History → Investigate IP and Location → Review Email Activity → Collect Evidence → Assess Risk → Determine Containment,Escalate for Review,MANUAL REVIEW - Conflicting Evidence,Needs Further Investigation
CASE-0073,Phishing Email,2,1,1,1,Mumbai,0,1,1,1,0,0,65,HIGH,Validate Alert → Check Authentication History → Investigate IP and Location → Review Email Activity → Review Cloud Activity → Collect Evidence → Assess Risk → Determine Containment,Escalate to Senior Analyst,Normal Investigation,Escalated Incident
CASE-0074,Phishing Email,2,1,1,1,Unknown,0,0,1,0,1,0,45,MEDIUM,Validate Alert → Check Authentication History → Investigate IP and Location → Review Cloud Activity → Collect Evidence → Assess Risk → Determine Containment,Escalate for Review,BLOCKED - Missing Evidence,Benign Activity
CASE-0075,Cloud Account Anomaly,5,1,1,0,Chennai,1,0,0,1,0,0,65,HIGH,Validate Alert → Check Authentication History → Investigate IP and Location → Review Endpoint Activity → Collect Evidence → Assess Risk → Determine Containment,Isolate Endpoint,Normal Investigation,Escalated Incident
CASE-0076,Endpoint Malware,1,1,0,0,Mumbai,1,1,1,1,0,0,50,MEDIUM,Validate Alert → Check Authentication History → Review Endpoint Activity → Review Email Activity → Review Cloud Activity → Collect Evidence → Assess Risk → Determine Containment,Escalate for Review,Normal Investigation,Benign Activity
CASE-0077,Cloud Account Anomaly,2,0,0,0,Unknown,1,0,0,1,0,1,20,LOW,Validate Alert → Check Authentication History → Review Endpoint Activity → Collect Evidence → Assess Risk → Determine Containment,Continue Monitoring,MANUAL REVIEW - Conflicting Evidence,Benign Activity
CASE-0078,Suspicious Login,4,1,0,1,Delhi,0,0,1,0,0,0,35,MEDIUM,Validate Alert → Check Authentication History → Investigate IP and Location → Review Cloud Activity → Collect Evidence → Assess Risk → Determine Containment,Escalate for Review,Normal Investigation,Benign Activity
CASE-0079,Endpoint Malware,1,0,1,0,Hyderabad,0,0,0,1,0,0,20,LOW,Validate Alert → Check Authentication History → Investigate IP and Location → Collect Evidence → Assess Risk → Determine Containment,Continue Monitoring,Normal Investigation,Benign Activity
CASE-0080,Endpoint Malware,2,0,1,1,Chennai,1,1,0,1,0,1,60,HIGH,Validate Alert → Check Authentication History → Investigate IP and Location → Review Endpoint Activity → Review Email Activity → Collect Evidence → Assess Risk → Determine Containment,Escalate to Senior Analyst,MANUAL REVIEW - Conflicting Evidence,Confirmed Incident
CASE-0081,Cloud Account Anomaly,1,1,1,1,Delhi,1,1,1,0,1,0,70,HIGH,Validate Alert → Check Authentication History → Investigate IP and Location → Review Endpoint Activity → Review Email Activity → Review Cloud Activity → Collect Evidence → Assess Risk → Determine Containment,Isolate Endpoint,BLOCKED - Missing Evidence,Confirmed Incident
CASE-0082,Phishing Email,4,1,1,0,Hyderabad,1,1,0,0,1,0,45,MEDIUM,Validate Alert → Check Authentication History → Investigate IP and Location → Review Endpoint Activity → Review Email Activity → Collect Evidence → Assess Risk → Determine Containment,Escalate for Review,BLOCKED - Missing Evidence,Needs Further Investigation
CASE-0083,Phishing Email,5,0,0,1,Unknown,0,0,0,1,1,0,35,MEDIUM,Validate Alert → Check Authentication History → Investigate IP and Location → Collect Evidence → Assess Risk → Determine Containment,Escalate for Review,BLOCKED - Missing Evidence,Benign Activity
CASE-0084,Endpoint Malware,2,0,1,1,Bangalore,1,0,0,0,0,1,45,MEDIUM,Validate Alert → Check Authentication History → Investigate IP and Location → Review Endpoint Activity → Collect Evidence → Assess Risk → Determine Containment,Escalate for Review,MANUAL REVIEW - Conflicting Evidence,Benign Activity
CASE-0085,Phishing Email,1,1,1,1,Hyderabad,0,1,0,0,0,1,50,MEDIUM,Validate Alert → Check Authentication History → Investigate IP and Location → Review Email Activity → Collect Evidence → Assess Risk → Determine Containment,Escalate for Review,MANUAL REVIEW - Conflicting Evidence,Benign Activity
CASE-0086,Phishing Email,3,0,1,0,Unknown,1,0,1,1,0,1,45,MEDIUM,Validate Alert → Check Authentication History → Investigate IP and Location → Review Endpoint Activity → Review Cloud Activity → Collect Evidence → Assess Risk → Determine Containment,Escalate for Review,MANUAL REVIEW - Conflicting Evidence,Benign Activity
CASE-0087,Phishing Email,2,0,0,1,Mumbai,0,1,0,0,1,1,20,LOW,Validate Alert → Check Authentication History → Investigate IP and Location → Review Email Activity → Collect Evidence → Assess Risk → Determine Containment,Continue Monitoring,BLOCKED - Missing Evidence,Benign Activity
CASE-0088,Cloud Account Anomaly,5,0,0,0,Delhi,0,1,1,0,0,0,40,MEDIUM,Validate Alert → Check Authentication History → Review Email Activity → Review Cloud Activity → Collect Evidence → Assess Risk → Determine Containment,Escalate for Review,Normal Investigation,Needs Further Investigation
CASE-0089,Cloud Account Anomaly,5,1,1,0,Bangalore,1,0,1,1,0,0,75,HIGH,Validate Alert → Check Authentication History → Investigate IP and Location → Review Endpoint Activity → Review Cloud Activity → Collect Evidence → Assess Risk → Determine Containment,Escalate to Senior Analyst,Normal Investigation,Escalated Incident
CASE-0090,Cloud Account Anomaly,5,1,0,1,Delhi,0,1,1,0,1,0,60,HIGH,Validate Alert → Check Authentication History → Investigate IP and Location → Review Email Activity → Review Cloud Activity → Collect Evidence → Assess Risk → Determine Containment,Isolate Endpoint,BLOCKED - Missing Evidence,Confirmed Incident
CASE-0091,Suspicious Login,1,0,0,0,Bangalore,1,0,0,0,0,1,15,LOW,Validate Alert → Check Authentication History → Review Endpoint Activity → Collect Evidence → Assess Risk → Determine Containment,Continue Monitoring,MANUAL REVIEW - Conflicting Evidence,Benign Activity
CASE-0092,Endpoint Malware,0,0,1,0,Chennai,0,1,0,0,0,0,25,LOW,Validate Alert → Check Authentication History → Investigate IP and Location → Review Email Activity → Collect Evidence → Assess Risk → Determine Containment,Continue Monitoring,Normal Investigation,Benign Activity
CASE-0093,Suspicious Login,1,0,0,1,Bangalore,0,1,0,0,0,0,25,LOW,Validate Alert → Check Authentication History → Investigate IP and Location → Review Email Activity → Collect Evidence → Assess Risk → Determine Containment,Continue Monitoring,Normal Investigation,Benign Activity
CASE-0094,Cloud Account Anomaly,2,0,0,1,Unknown,1,1,0,1,0,1,45,MEDIUM,Validate Alert → Check Authentication History → Investigate IP and Location → Review Endpoint Activity → Review Email Activity → Collect Evidence → Assess Risk → Determine Containment,Escalate for Review,MANUAL REVIEW - Conflicting Evidence,Needs Further Investigation
CASE-0095,Phishing Email,1,1,0,0,Chennai,1,1,1,0,1,1,40,MEDIUM,Validate Alert → Check Authentication History → Review Endpoint Activity → Review Email Activity → Review Cloud Activity → Collect Evidence → Assess Risk → Determine Containment,Escalate for Review,BLOCKED - Missing Evidence,Benign Activity
CASE-0096,Suspicious Login,0,1,0,0,Chennai,0,1,1,1,0,0,35,MEDIUM,Validate Alert → Check Authentication History → Review Email Activity → Review Cloud Activity → Collect Evidence → Assess Risk → Determine Containment,Escalate for Review,Normal Investigation,Benign Activity
CASE-0097,Suspicious Login,2,0,1,1,Mumbai,0,1,1,1,1,0,50,MEDIUM,Validate Alert → Check Authentication History → Investigate IP and Location → Review Email Activity → Review Cloud Activity → Collect Evidence → Assess Risk → Determine Containment,Escalate for Review,BLOCKED - Missing Evidence,Needs Further Investigation
CASE-0098,Cloud Account Anomaly,2,1,1,1,Chennai,0,1,0,0,0,0,50,MEDIUM,Validate Alert → Check Authentication History → Investigate IP and Location → Review Email Activity → Collect Evidence → Assess Risk → Determine Containment,Escalate for Review,Normal Investigation,Benign Activity
CASE-0099,Phishing Email,1,0,0,1,Mumbai,0,1,1,1,0,0,40,MEDIUM,Validate Alert → Check Authentication History → Investigate IP and Location → Review Email Activity → Review Cloud Activity → Collect Evidence → Assess Risk → Determine Containment,Escalate for Review,Normal Investigation,Benign Activity
CASE-0100,Suspicious Login,0,0,0,1,Delhi,0,0,1,1,0,0,30,MEDIUM,Validate Alert → Check Authentication History → Investigate IP and Location → Review Cloud Activity → Collect Evidence → Assess Risk → Determine Containment,Escalate for Review,Normal Investigation,Needs Further Investigation
CASE-0101,Suspicious Login,3,1,0,0,Hyderabad,1,1,1,1,0,0,50,MEDIUM,Validate Alert → Check Authentication History → Review Endpoint Activity → Review Email Activity → Review Cloud Activity → Collect Evidence → Assess Risk → Determine Containment,Escalate for Review,Normal Investigation,Needs Further Investigation
CASE-0102,Cloud Account Anomaly,3,0,0,0,Bangalore,0,0,1,1,1,0,10,LOW,Validate Alert → Check Authentication History → Review Cloud Activity → Collect Evidence → Assess Risk → Determine Containment,Continue Monitoring,BLOCKED - Missing Evidence,Benign Activity
CASE-0103,Phishing Email,1,1,1,0,Delhi,0,0,0,0,0,0,25,LOW,Validate Alert → Check Authentication History → Investigate IP and Location → Collect Evidence → Assess Risk → Determine Containment,Continue Monitoring,Normal Investigation,Benign Activity
CASE-0104,Cloud Account Anomaly,0,1,1,1,Unknown,1,0,0,1,1,0,55,MEDIUM,Validate Alert → Check Authentication History → Investigate IP and Location → Review Endpoint Activity → Collect Evidence → Assess Risk → Determine Containment,Escalate for Review,BLOCKED - Missing Evidence,Benign Activity
CASE-0105,Cloud Account Anomaly,0,1,0,0,Bangalore,1,0,0,0,0,0,25,LOW,Validate Alert → Check Authentication History → Review Endpoint Activity → Collect Evidence → Assess Risk → Determine Containment,Continue Monitoring,Normal Investigation,Benign Activity
CASE-0106,Phishing Email,4,1,1,0,Hyderabad,0,1,1,0,0,0,45,MEDIUM,Validate Alert → Check Authentication History → Investigate IP and Location → Review Email Activity → Review Cloud Activity → Collect Evidence → Assess Risk → Determine Containment,Escalate for Review,Normal Investigation,Needs Further Investigation
CASE-0107,Phishing Email,1,0,1,0,Hyderabad,1,0,1,0,0,1,40,MEDIUM,Validate Alert → Check Authentication History → Investigate IP and Location → Review Endpoint Activity → Review Cloud Activity → Collect Evidence → Assess Risk → Determine Containment,Escalate for Review,MANUAL REVIEW - Conflicting Evidence,Benign Activity
CASE-0108,Cloud Account Anomaly,3,1,1,0,Chennai,1,0,1,0,1,1,45,MEDIUM,Validate Alert → Check Authentication History → Investigate IP and Location → Review Endpoint Activity → Review Cloud Activity → Collect Evidence → Assess Risk → Determine Containment,Escalate for Review,BLOCKED - Missing Evidence,Benign Activity
CASE-0109,Cloud Account Anomaly,4,0,0,1,Bangalore,1,0,1,1,0,0,45,MEDIUM,Validate Alert → Check Authentication History → Investigate IP and Location → Review Endpoint Activity → Review Cloud Activity → Collect Evidence → Assess Risk → Determine Containment,Escalate for Review,Normal Investigation,Benign Activity
CASE-0110,Suspicious Login,1,0,0,1,Bangalore,1,0,0,0,0,0,30,MEDIUM,Validate Alert → Check Authentication History → Investigate IP and Location → Review Endpoint Activity → Collect Evidence → Assess Risk → Determine Containment,Escalate for Review,Normal Investigation,Needs Further Investigation
CASE-0111,Endpoint Malware,1,0,0,1,Delhi,1,1,1,1,0,0,55,MEDIUM,Validate Alert → Check Authentication History → Investigate IP and Location → Review Endpoint Activity → Review Email Activity → Review Cloud Activity → Collect Evidence → Assess Risk → Determine Containment,Escalate for Review,Normal Investigation,Needs Further Investigation
CASE-0112,Cloud Account Anomaly,0,1,1,0,Mumbai,1,0,1,1,1,0,50,MEDIUM,Validate Alert → Check Authentication History → Investigate IP and Location → Review Endpoint Activity → Review Cloud Activity → Collect Evidence → Assess Risk → Determine Containment,Escalate for Review,BLOCKED - Missing Evidence,Needs Further Investigation
CASE-0113,Phishing Email,0,0,0,1,Hyderabad,1,0,1,0,0,1,40,MEDIUM,Validate Alert → Check Authentication History → Investigate IP and Location → Review Endpoint Activity → Review Cloud Activity → Collect Evidence → Assess Risk → Determine Containment,Escalate for Review,MANUAL REVIEW - Conflicting Evidence,Benign Activity
CASE-0114,Endpoint Malware,0,0,1,0,Delhi,1,0,0,0,0,1,30,MEDIUM,Validate Alert → Check Authentication History → Investigate IP and Location → Review Endpoint Activity → Collect Evidence → Assess Risk → Determine Containment,Escalate for Review,MANUAL REVIEW - Conflicting Evidence,Benign Activity
CASE-0115,Endpoint Malware,3,1,1,1,Hyderabad,1,1,1,0,0,0,75,HIGH,Validate Alert → Check Authentication History → Investigate IP and Location → Review Endpoint Activity → Review Email Activity → Review Cloud Activity → Collect Evidence → Assess Risk → Determine Containment,Disable Account,Normal Investigation,Confirmed Incident
CASE-0116,Cloud Account Anomaly,2,1,1,0,Bangalore,1,0,0,1,0,1,45,MEDIUM,Validate Alert → Check Authentication History → Investigate IP and Location → Review Endpoint Activity → Collect Evidence → Assess Risk → Determine Containment,Escalate for Review,MANUAL REVIEW - Conflicting Evidence,Benign Activity
CASE-0117,Suspicious Login,2,1,1,1,Bangalore,0,0,1,1,0,0,55,MEDIUM,Validate Alert → Check Authentication History → Investigate IP and Location → Review Cloud Activity → Collect Evidence → Assess Risk → Determine Containment,Escalate for Review,Normal Investigation,Benign Activity
CASE-0118,Endpoint Malware,1,1,1,0,Hyderabad,0,0,0,0,0,0,25,LOW,Validate Alert → Check Authentication History → Investigate IP and Location → Collect Evidence → Assess Risk → Determine Containment,Continue Monitoring,Normal Investigation,Benign Activity
CASE-0119,Suspicious Login,2,1,0,1,Delhi,0,0,0,0,1,0,20,LOW,Validate Alert → Check Authentication History → Investigate IP and Location → Collect Evidence → Assess Risk → Determine Containment,Continue Monitoring,BLOCKED - Missing Evidence,Benign Activity
CASE-0120,Phishing Email,2,0,1,1,Unknown,1,0,0,1,1,0,45,MEDIUM,Validate Alert → Check Authentication History → Investigate IP and Location → Review Endpoint Activity → Collect Evidence → Assess Risk → Determine Containment,Escalate for Review,BLOCKED - Missing Evidence,Benign Activity
CASE-0121,Cloud Account Anomaly,0,1,1,1,Mumbai,1,0,0,0,0,0,55,MEDIUM,Validate Alert → Check Authentication History → Investigate IP and Location → Review Endpoint Activity → Collect Evidence → Assess Risk → Determine Containment,Escalate for Review,Normal Investigation,Benign Activity
CASE-0122,Suspicious Login,1,0,1,0,Delhi,0,1,1,0,1,0,30,MEDIUM,Validate Alert → Check Authentication History → Investigate IP and Location → Review Email Activity → Review Cloud Activity → Collect Evidence → Assess Risk → Determine Containment,Escalate for Review,BLOCKED - Missing Evidence,Needs Further Investigation
CASE-0123,Phishing Email,3,0,1,0,Chennai,1,1,0,1,0,0,45,MEDIUM,Validate Alert → Check Authentication History → Investigate IP and Location → Review Endpoint Activity → Review Email Activity → Collect Evidence → Assess Risk → Determine Containment,Escalate for Review,Normal Investigation,Needs Further Investigation
CASE-0124,Phishing Email,4,0,1,0,Delhi,0,0,1,1,0,1,30,MEDIUM,Validate Alert → Check Authentication History → Investigate IP and Location → Review Cloud Activity → Collect Evidence → Assess Risk → Determine Containment,Escalate for Review,MANUAL REVIEW - Conflicting Evidence,Benign Activity
CASE-0125,Suspicious Login,3,0,0,1,Mumbai,0,0,1,0,0,0,25,LOW,Validate Alert → Check Authentication History → Investigate IP and Location → Review Cloud Activity → Collect Evidence → Assess Risk → Determine Containment,Continue Monitoring,Normal Investigation,Benign Activity
CASE-0126,Suspicious Login,0,0,0,1,Unknown,1,0,0,1,0,1,35,MEDIUM,Validate Alert → Check Authentication History → Investigate IP and Location → Review Endpoint Activity → Collect Evidence → Assess Risk → Determine Containment,Escalate for Review,MANUAL REVIEW - Conflicting Evidence,Needs Further Investigation
CASE-0127,Endpoint Malware,0,1,1,0,Chennai,1,0,1,0,0,1,50,MEDIUM,Validate Alert → Check Authentication History → Investigate IP and Location → Review Endpoint Activity → Review Cloud Activity → Collect Evidence → Assess Risk → Determine Containment,Escalate for Review,MANUAL REVIEW - Conflicting Evidence,Benign Activity
CASE-0128,Suspicious Login,0,1,1,0,Unknown,1,1,1,0,0,0,60,HIGH,Validate Alert → Check Authentication History → Investigate IP and Location → Review Endpoint Activity → Review Email Activity → Review Cloud Activity → Collect Evidence → Assess Risk → Determine Containment,Disable Account,Normal Investigation,Confirmed Incident
CASE-0129,Suspicious Login,1,1,0,0,Bangalore,1,1,0,1,1,1,35,MEDIUM,Validate Alert → Check Authentication History → Review Endpoint Activity → Review Email Activity → Collect Evidence → Assess Risk → Determine Containment,Escalate for Review,BLOCKED - Missing Evidence,Needs Further Investigation
CASE-0130,Suspicious Login,2,1,0,1,Hyderabad,0,0,0,0,0,0,25,LOW,Validate Alert → Check Authentication History → Investigate IP and Location → Collect Evidence → Assess Risk → Determine Containment,Continue Monitoring,Normal Investigation,Benign Activity
CASE-0131,Cloud Account Anomaly,2,1,1,0,Mumbai,0,1,1,0,0,0,45,MEDIUM,Validate Alert → Check Authentication History → Investigate IP and Location → Review Email Activity → Review Cloud Activity → Collect Evidence → Assess Risk → Determine Containment,Escalate for Review,Normal Investigation,Needs Further Investigation
CASE-0132,Cloud Account Anomaly,5,1,1,1,Unknown,1,0,1,1,0,1,90,HIGH,Validate Alert → Check Authentication History → Investigate IP and Location → Review Endpoint Activity → Review Cloud Activity → Collect Evidence → Assess Risk → Determine Containment,Disable Account,MANUAL REVIEW - Conflicting Evidence,Confirmed Incident
CASE-0133,Cloud Account Anomaly,1,0,1,0,Mumbai,1,1,0,0,0,1,40,MEDIUM,Validate Alert → Check Authentication History → Investigate IP and Location → Review Endpoint Activity → Review Email Activity → Collect Evidence → Assess Risk → Determine Containment,Escalate for Review,MANUAL REVIEW - Conflicting Evidence,Benign Activity
CASE-0134,Cloud Account Anomaly,3,1,0,1,Chennai,1,1,0,1,1,0,50,MEDIUM,Validate Alert → Check Authentication History → Investigate IP and Location → Review Endpoint Activity → Review Email Activity → Collect Evidence → Assess Risk → Determine Containment,Escalate for Review,BLOCKED - Missing Evidence,Needs Further Investigation
CASE-0135,Cloud Account Anomaly,4,1,0,0,Unknown,0,1,0,0,0,0,20,LOW,Validate Alert → Check Authentication History → Review Email Activity → Collect Evidence → Assess Risk → Determine Containment,Continue Monitoring,Normal Investigation,Benign Activity
CASE-0136,Phishing Email,2,1,1,0,Hyderabad,0,1,1,1,1,0,45,MEDIUM,Validate Alert → Check Authentication History → Investigate IP and Location → Review Email Activity → Review Cloud Activity → Collect Evidence → Assess Risk → Determine Containment,Escalate for Review,BLOCKED - Missing Evidence,Needs Further Investigation
CASE-0137,Phishing Email,3,1,1,1,Hyderabad,0,0,0,0,1,1,35,MEDIUM,Validate Alert → Check Authentication History → Investigate IP and Location → Collect Evidence → Assess Risk → Determine Containment,Escalate for Review,BLOCKED - Missing Evidence,Benign Activity
CASE-0138,Suspicious Login,2,1,1,1,Bangalore,0,1,1,0,0,0,60,HIGH,Validate Alert → Check Authentication History → Investigate IP and Location → Review Email Activity → Review Cloud Activity → Collect Evidence → Assess Risk → Determine Containment,Isolate Endpoint,Normal Investigation,Escalated Incident
CASE-0139,Cloud Account Anomaly,1,0,1,1,Chennai,0,1,1,0,0,0,50,MEDIUM,Validate Alert → Check Authentication History → Investigate IP and Location → Review Email Activity → Review Cloud Activity → Collect Evidence → Assess Risk → Determine Containment,Escalate for Review,Normal Investigation,Needs Further Investigation
CASE-0140,Endpoint Malware,4,0,0,1,Chennai,0,1,1,1,0,1,40,MEDIUM,Validate Alert → Check Authentication History → Investigate IP and Location → Review Email Activity → Review Cloud Activity → Collect Evidence → Assess Risk → Determine Containment,Escalate for Review,MANUAL REVIEW - Conflicting Evidence,Needs Further Investigation
CASE-0141,Phishing Email,1,1,1,1,Bangalore,1,0,0,1,0,0,60,HIGH,Validate Alert → Check Authentication History → Investigate IP and Location → Review Endpoint Activity → Collect Evidence → Assess Risk → Determine Containment,Disable Account,Normal Investigation,Escalated Incident
CASE-0142,Endpoint Malware,3,0,1,0,Unknown,0,0,1,0,0,0,25,LOW,Validate Alert → Check Authentication History → Investigate IP and Location → Review Cloud Activity → Collect Evidence → Assess Risk → Determine Containment,Continue Monitoring,Normal Investigation,Benign Activity
CASE-0143,Endpoint Malware,1,1,1,0,Hyderabad,1,0,1,0,0,1,50,MEDIUM,Validate Alert → Check Authentication History → Investigate IP and Location → Review Endpoint Activity → Review Cloud Activity → Collect Evidence → Assess Risk → Determine Containment,Escalate for Review,MANUAL REVIEW - Conflicting Evidence,Needs Further Investigation
CASE-0144,Endpoint Malware,1,0,0,1,Bangalore,0,0,0,0,0,1,15,LOW,Validate Alert → Check Authentication History → Investigate IP and Location → Collect Evidence → Assess Risk → Determine Containment,Continue Monitoring,MANUAL REVIEW - Conflicting Evidence,Benign Activity
CASE-0145,Cloud Account Anomaly,3,0,1,1,Bangalore,1,1,0,1,0,0,60,HIGH,Validate Alert → Check Authentication History → Investigate IP and Location → Review Endpoint Activity → Review Email Activity → Collect Evidence → Assess Risk → Determine Containment,Isolate Endpoint,Normal Investigation,Confirmed Incident
CASE-0146,Cloud Account Anomaly,0,1,1,1,Delhi,0,1,0,1,0,1,55,MEDIUM,Validate Alert → Check Authentication History → Investigate IP and Location → Review Email Activity → Collect Evidence → Assess Risk → Determine Containment,Escalate for Review,MANUAL REVIEW - Conflicting Evidence,Benign Activity
CASE-0147,Endpoint Malware,1,1,0,1,Chennai,0,1,0,1,1,0,35,MEDIUM,Validate Alert → Check Authentication History → Investigate IP and Location → Review Email Activity → Collect Evidence → Assess Risk → Determine Containment,Escalate for Review,BLOCKED - Missing Evidence,Needs Further Investigation
CASE-0148,Suspicious Login,1,1,1,1,Hyderabad,0,0,1,1,0,0,55,MEDIUM,Validate Alert → Check Authentication History → Investigate IP and Location → Review Cloud Activity → Collect Evidence → Assess Risk → Determine Containment,Escalate for Review,Normal Investigation,Benign Activity
CASE-0149,Cloud Account Anomaly,0,1,1,1,Chennai,0,0,1,1,0,0,55,MEDIUM,Validate Alert → Check Authentication History → Investigate IP and Location → Review Cloud Activity → Collect Evidence → Assess Risk → Determine Containment,Escalate for Review,Normal Investigation,Benign Activity
CASE-0150,Suspicious Login,1,1,1,1,Delhi,1,0,0,1,0,0,60,HIGH,Validate Alert → Check Authentication History → Investigate IP and Location → Review Endpoint Activity → Collect Evidence → Assess Risk → Determine Containment,Escalate to Senior Analyst,Normal Investigation,Escalated Incident
CASE-0151,Phishing Email,2,0,1,0,Hyderabad,0,1,1,0,1,1,30,MEDIUM,Validate Alert → Check Authentication History → Investigate IP and Location → Review Email Activity → Review Cloud Activity → Collect Evidence → Assess Risk → Determine Containment,Escalate for Review,BLOCKED - Missing Evidence,Benign Activity
CASE-0152,Phishing Email,0,0,0,0,Hyderabad,1,1,1,1,0,0,40,MEDIUM,Validate Alert → Check Authentication History → Review Endpoint Activity → Review Email Activity → Review Cloud Activity → Collect Evidence → Assess Risk → Determine Containment,Escalate for Review,Normal Investigation,Benign Activity
CASE-0153,Suspicious Login,3,0,0,0,Bangalore,1,1,1,0,0,0,35,MEDIUM,Validate Alert → Check Authentication History → Review Endpoint Activity → Review Email Activity → Review Cloud Activity → Collect Evidence → Assess Risk → Determine Containment,Escalate for Review,Normal Investigation,Benign Activity
CASE-0154,Cloud Account Anomaly,4,1,1,1,Hyderabad,1,1,0,1,0,1,70,HIGH,Validate Alert → Check Authentication History → Investigate IP and Location → Review Endpoint Activity → Review Email Activity → Collect Evidence → Assess Risk → Determine Containment,Isolate Endpoint,MANUAL REVIEW - Conflicting Evidence,Escalated Incident
CASE-0155,Phishing Email,4,0,1,1,Chennai,0,0,1,0,1,0,35,MEDIUM,Validate Alert → Check Authentication History → Investigate IP and Location → Review Cloud Activity → Collect Evidence → Assess Risk → Determine Containment,Escalate for Review,BLOCKED - Missing Evidence,Needs Further Investigation
CASE-0156,Suspicious Login,1,0,0,1,Unknown,1,1,0,1,0,0,45,MEDIUM,Validate Alert → Check Authentication History → Investigate IP and Location → Review Endpoint Activity → Review Email Activity → Collect Evidence → Assess Risk → Determine Containment,Escalate for Review,Normal Investigation,Benign Activity
CASE-0157,Suspicious Login,1,0,0,1,Hyderabad,1,1,1,0,1,1,45,MEDIUM,Validate Alert → Check Authentication History → Investigate IP and Location → Review Endpoint Activity → Review Email Activity → Review Cloud Activity → Collect Evidence → Assess Risk → Determine Containment,Escalate for Review,BLOCKED - Missing Evidence,Benign Activity
CASE-0158,Phishing Email,0,1,1,0,Unknown,0,1,1,0,0,0,45,MEDIUM,Validate Alert → Check Authentication History → Investigate IP and Location → Review Email Activity → Review Cloud Activity → Collect Evidence → Assess Risk → Determine Containment,Escalate for Review,Normal Investigation,Needs Further Investigation
CASE-0159,Cloud Account Anomaly,0,1,1,1,Chennai,1,1,0,1,1,0,65,HIGH,Validate Alert → Check Authentication History → Investigate IP and Location → Review Endpoint Activity → Review Email Activity → Collect Evidence → Assess Risk → Determine Containment,Isolate Endpoint,BLOCKED - Missing Evidence,Escalated Incident
CASE-0160,Phishing Email,4,0,1,1,Bangalore,1,1,0,0,0,1,55,MEDIUM,Validate Alert → Check Authentication History → Investigate IP and Location → Review Endpoint Activity → Review Email Activity → Collect Evidence → Assess Risk → Determine Containment,Escalate for Review,MANUAL REVIEW - Conflicting Evidence,Benign Activity
CASE-0161,Suspicious Login,2,0,0,0,Unknown,0,0,0,0,1,0,0,LOW,Validate Alert → Check Authentication History → Collect Evidence → Assess Risk → Determine Containment,Continue Monitoring,BLOCKED - Missing Evidence,Benign Activity
CASE-0162,Cloud Account Anomaly,1,0,0,0,Mumbai,0,1,1,1,0,0,25,LOW,Validate Alert → Check Authentication History → Review Email Activity → Review Cloud Activity → Collect Evidence → Assess Risk → Determine Containment,Continue Monitoring,Normal Investigation,Benign Activity
CASE-0163,Phishing Email,1,0,0,0,Delhi,0,0,1,0,0,0,10,LOW,Validate Alert → Check Authentication History → Review Cloud Activity → Collect Evidence → Assess Risk → Determine Containment,Continue Monitoring,Normal Investigation,Benign Activity
CASE-0164,Endpoint Malware,3,1,0,0,Bangalore,1,0,1,1,1,1,35,MEDIUM,Validate Alert → Check Authentication History → Review Endpoint Activity → Review Cloud Activity → Collect Evidence → Assess Risk → Determine Containment,Escalate for Review,BLOCKED - Missing Evidence,Benign Activity
CASE-0165,Cloud Account Anomaly,4,1,0,0,Mumbai,1,0,1,1,0,0,40,MEDIUM,Validate Alert → Check Authentication History → Review Endpoint Activity → Review Cloud Activity → Collect Evidence → Assess Risk → Determine Containment,Escalate for Review,Normal Investigation,Benign Activity
CASE-0166,Endpoint Malware,4,0,1,1,Mumbai,1,0,1,0,0,0,55,MEDIUM,Validate Alert → Check Authentication History → Investigate IP and Location → Review Endpoint Activity → Review Cloud Activity → Collect Evidence → Assess Risk → Determine Containment,Escalate for Review,Normal Investigation,Benign Activity
CASE-0167,Endpoint Malware,3,0,1,1,Mumbai,0,1,1,1,0,1,55,MEDIUM,Validate Alert → Check Authentication History → Investigate IP and Location → Review Email Activity → Review Cloud Activity → Collect Evidence → Assess Risk → Determine Containment,Escalate for Review,MANUAL REVIEW - Conflicting Evidence,Needs Further Investigation
CASE-0168,Phishing Email,2,0,0,0,Unknown,1,1,0,1,0,1,30,MEDIUM,Validate Alert → Check Authentication History → Review Endpoint Activity → Review Email Activity → Collect Evidence → Assess Risk → Determine Containment,Escalate for Review,MANUAL REVIEW - Conflicting Evidence,Needs Further Investigation
CASE-0169,Phishing Email,2,1,0,0,Unknown,0,1,0,1,0,0,25,LOW,Validate Alert → Check Authentication History → Review Email Activity → Collect Evidence → Assess Risk → Determine Containment,Continue Monitoring,Normal Investigation,Benign Activity
CASE-0170,Cloud Account Anomaly,0,0,0,0,Hyderabad,1,1,0,0,0,1,25,LOW,Validate Alert → Check Authentication History → Review Endpoint Activity → Review Email Activity → Collect Evidence → Assess Risk → Determine Containment,Continue Monitoring,MANUAL REVIEW - Conflicting Evidence,Benign Activity
CASE-0171,Endpoint Malware,4,0,0,1,Chennai,1,0,0,1,0,1,35,MEDIUM,Validate Alert → Check Authentication History → Investigate IP and Location → Review Endpoint Activity → Collect Evidence → Assess Risk → Determine Containment,Escalate for Review,MANUAL REVIEW - Conflicting Evidence,Benign Activity
CASE-0172,Cloud Account Anomaly,2,0,1,1,Unknown,0,1,1,0,1,0,45,MEDIUM,Validate Alert → Check Authentication History → Investigate IP and Location → Review Email Activity → Review Cloud Activity → Collect Evidence → Assess Risk → Determine Containment,Escalate for Review,BLOCKED - Missing Evidence,Needs Further Investigation
CASE-0173,Endpoint Malware,5,0,0,1,Delhi,1,0,0,0,1,0,45,MEDIUM,Validate Alert → Check Authentication History → Investigate IP and Location → Review Endpoint Activity → Collect Evidence → Assess Risk → Determine Containment,Escalate for Review,BLOCKED - Missing Evidence,Benign Activity
CASE-0174,Endpoint Malware,2,0,1,1,Unknown,1,1,1,1,0,1,70,HIGH,Validate Alert → Check Authentication History → Investigate IP and Location → Review Endpoint Activity → Review Email Activity → Review Cloud Activity → Collect Evidence → Assess Risk → Determine Containment,Escalate to Senior Analyst,MANUAL REVIEW - Conflicting Evidence,Confirmed Incident
CASE-0175,Phishing Email,0,0,0,1,Unknown,0,0,0,0,0,0,15,LOW,Validate Alert → Check Authentication History → Investigate IP and Location → Collect Evidence → Assess Risk → Determine Containment,Continue Monitoring,Normal Investigation,Benign Activity
CASE-0176,Cloud Account Anomaly,3,1,0,0,Chennai,1,1,0,1,0,1,40,MEDIUM,Validate Alert → Check Authentication History → Review Endpoint Activity → Review Email Activity → Collect Evidence → Assess Risk → Determine Containment,Escalate for Review,MANUAL REVIEW - Conflicting Evidence,Needs Further Investigation
CASE-0177,Cloud Account Anomaly,5,0,0,0,Unknown,0,0,0,1,0,0,25,LOW,Validate Alert → Check Authentication History → Collect Evidence → Assess Risk → Determine Containment,Continue Monitoring,Normal Investigation,Benign Activity
CASE-0178,Suspicious Login,1,1,1,0,Hyderabad,0,0,0,1,0,1,30,MEDIUM,Validate Alert → Check Authentication History → Investigate IP and Location → Collect Evidence → Assess Risk → Determine Containment,Escalate for Review,MANUAL REVIEW - Conflicting Evidence,Benign Activity
CASE-0179,Phishing Email,0,0,1,0,Unknown,0,1,1,1,0,1,40,MEDIUM,Validate Alert → Check Authentication History → Investigate IP and Location → Review Email Activity → Review Cloud Activity → Collect Evidence → Assess Risk → Determine Containment,Escalate for Review,MANUAL REVIEW - Conflicting Evidence,Needs Further Investigation
CASE-0180,Cloud Account Anomaly,8,1,0,1,Hyderabad,1,1,1,1,0,0,85,HIGH,Validate Alert → Check Authentication History → Investigate IP and Location → Review Endpoint Activity → Review Email Activity → Review Cloud Activity → Collect Evidence → Assess Risk → Determine Containment,Disable Account,Normal Investigation,Confirmed Incident
CASE-0181,Cloud Account Anomaly,1,0,0,1,Hyderabad,0,1,0,1,1,1,25,LOW,Validate Alert → Check Authentication History → Investigate IP and Location → Review Email Activity → Collect Evidence → Assess Risk → Determine Containment,Continue Monitoring,BLOCKED - Missing Evidence,Benign Activity
CASE-0182,Endpoint Malware,2,1,0,1,Chennai,0,1,0,1,0,0,40,MEDIUM,Validate Alert → Check Authentication History → Investigate IP and Location → Review Email Activity → Collect Evidence → Assess Risk → Determine Containment,Escalate for Review,Normal Investigation,Needs Further Investigation
CASE-0183,Phishing Email,3,1,0,0,Chennai,0,0,1,0,0,0,20,LOW,Validate Alert → Check Authentication History → Review Cloud Activity → Collect Evidence → Assess Risk → Determine Containment,Continue Monitoring,Normal Investigation,Benign Activity
CASE-0184,Endpoint Malware,4,0,0,1,Delhi,0,0,1,0,0,0,25,LOW,Validate Alert → Check Authentication History → Investigate IP and Location → Review Cloud Activity → Collect Evidence → Assess Risk → Determine Containment,Continue Monitoring,Normal Investigation,Benign Activity
CASE-0185,Cloud Account Anomaly,3,1,1,1,Mumbai,1,1,1,0,1,0,70,HIGH,Validate Alert → Check Authentication History → Investigate IP and Location → Review Endpoint Activity → Review Email Activity → Review Cloud Activity → Collect Evidence → Assess Risk → Determine Containment,Isolate Endpoint,BLOCKED - Missing Evidence,Escalated Incident
CASE-0186,Cloud Account Anomaly,0,0,0,0,Mumbai,0,1,1,1,0,0,25,LOW,Validate Alert → Check Authentication History → Review Email Activity → Review Cloud Activity → Collect Evidence → Assess Risk → Determine Containment,Continue Monitoring,Normal Investigation,Benign Activity
CASE-0187,Endpoint Malware,0,1,0,1,Bangalore,1,1,1,1,1,0,60,HIGH,Validate Alert → Check Authentication History → Investigate IP and Location → Review Endpoint Activity → Review Email Activity → Review Cloud Activity → Collect Evidence → Assess Risk → Determine Containment,Escalate to Senior Analyst,BLOCKED - Missing Evidence,Escalated Incident
CASE-0188,Endpoint Malware,3,1,0,0,Unknown,0,0,0,0,1,0,5,LOW,Validate Alert → Check Authentication History → Collect Evidence → Assess Risk → Determine Containment,Continue Monitoring,BLOCKED - Missing Evidence,Benign Activity
CASE-0189,Endpoint Malware,1,0,0,0,Delhi,0,1,1,0,1,1,15,LOW,Validate Alert → Check Authentication History → Review Email Activity → Review Cloud Activity → Collect Evidence → Assess Risk → Determine Containment,Continue Monitoring,BLOCKED - Missing Evidence,Benign Activity
CASE-0190,Suspicious Login,2,0,1,0,Chennai,0,1,1,0,1,0,30,MEDIUM,Validate Alert → Check Authentication History → Investigate IP and Location → Review Email Activity → Review Cloud Activity → Collect Evidence → Assess Risk → Determine Containment,Escalate for Review,BLOCKED - Missing Evidence,Needs Further Investigation
CASE-0191,Endpoint Malware,3,0,0,1,Hyderabad,1,1,1,0,0,0,50,MEDIUM,Validate Alert → Check Authentication History → Investigate IP and Location → Review Endpoint Activity → Review Email Activity → Review Cloud Activity → Collect Evidence → Assess Risk → Determine Containment,Escalate for Review,Normal Investigation,Benign Activity
CASE-0192,Endpoint Malware,5,0,1,0,Chennai,0,0,1,1,1,1,45,MEDIUM,Validate Alert → Check Authentication History → Investigate IP and Location → Review Cloud Activity → Collect Evidence → Assess Risk → Determine Containment,Escalate for Review,BLOCKED - Missing Evidence,Benign Activity
CASE-0193,Suspicious Login,2,0,0,1,Mumbai,1,1,0,0,0,0,40,MEDIUM,Validate Alert → Check Authentication History → Investigate IP and Location → Review Endpoint Activity → Review Email Activity → Collect Evidence → Assess Risk → Determine Containment,Escalate for Review,Normal Investigation,Benign Activity
CASE-0194,Suspicious Login,3,0,1,0,Delhi,0,1,0,0,0,1,25,LOW,Validate Alert → Check Authentication History → Investigate IP and Location → Review Email Activity → Collect Evidence → Assess Risk → Determine Containment,Continue Monitoring,MANUAL REVIEW - Conflicting Evidence,Benign Activity
CASE-0195,Suspicious Login,2,1,0,0,Chennai,1,1,1,0,0,1,45,MEDIUM,Validate Alert → Check Authentication History → Review Endpoint Activity → Review Email Activity → Review Cloud Activity → Collect Evidence → Assess Risk → Determine Containment,Escalate for Review,MANUAL REVIEW - Conflicting Evidence,Benign Activity
CASE-0196,Suspicious Login,0,1,0,0,Bangalore,1,1,1,0,0,0,45,MEDIUM,Validate Alert → Check Authentication History → Review Endpoint Activity → Review Email Activity → Review Cloud Activity → Collect Evidence → Assess Risk → Determine Containment,Escalate for Review,Normal Investigation,Benign Activity
CASE-0197,Phishing Email,0,1,1,0,Bangalore,1,0,1,0,0,0,50,MEDIUM,Validate Alert → Check Authentication History → Investigate IP and Location → Review Endpoint Activity → Review Cloud Activity → Collect Evidence → Assess Risk → Determine Containment,Escalate for Review,Normal Investigation,Benign Activity
CASE-0198,Cloud Account Anomaly,1,0,1,1,Mumbai,1,0,0,0,0,0,45,MEDIUM,Validate Alert → Check Authentication History → Investigate IP and Location → Review Endpoint Activity → Collect Evidence → Assess Risk → Determine Containment,Escalate for Review,Normal Investigation,Benign Activity
CASE-0199,Suspicious Login,1,0,0,0,Hyderabad,1,1,1,0,0,0,35,MEDIUM,Validate Alert → Check Authentication History → Review Endpoint Activity → Review Email Activity → Review Cloud Activity → Collect Evidence → Assess Risk → Determine Containment,Escalate for Review,Normal Investigation,Benign Activity
CASE-0200,Suspicious Login,3,1,1,0,Unknown,1,1,1,0,0,1,60,HIGH,Validate Alert → Check Authentication History → Investigate IP and Location → Review Endpoint Activity → Review Email Activity → Review Cloud Activity → Collect Evidence → Assess Risk → Determine Containment,Escalate to Senior Analyst,MANUAL REVIEW - Conflicting Evidence,Confirmed Incident
CASE-0201,Cloud Account Anomaly,1,0,0,1,Mumbai,1,1,1,0,0,0,50,MEDIUM,Validate Alert → Check Authentication History → Investigate IP and Location → Review Endpoint Activity → Review Email Activity → Review Cloud Activity → Collect Evidence → Assess Risk → Determine Containment,Escalate for Review,Normal Investigation,Benign Activity
CASE-0202,Cloud Account Anomaly,0,1,1,0,Bangalore,1,1,0,1,0,0,55,MEDIUM,Validate Alert → Check Authentication History → Investigate IP and Location → Review Endpoint Activity → Review Email Activity → Collect Evidence → Assess Risk → Determine Containment,Escalate for Review,Normal Investigation,Needs Further Investigation
CASE-0203,Phishing Email,1,0,1,1,Mumbai,1,1,1,1,1,1,65,HIGH,Validate Alert → Check Authentication History → Investigate IP and Location → Review Endpoint Activity → Review Email Activity → Review Cloud Activity → Collect Evidence → Assess Risk → Determine Containment,Escalate to Senior Analyst,BLOCKED - Missing Evidence,Confirmed Incident
CASE-0204,Phishing Email,1,0,1,1,Mumbai,0,1,1,1,1,1,50,MEDIUM,Validate Alert → Check Authentication History → Investigate IP and Location → Review Email Activity → Review Cloud Activity → Collect Evidence → Assess Risk → Determine Containment,Escalate for Review,BLOCKED - Missing Evidence,Needs Further Investigation
CASE-0205,Cloud Account Anomaly,0,1,1,1,Delhi,0,0,0,0,1,1,35,MEDIUM,Validate Alert → Check Authentication History → Investigate IP and Location → Collect Evidence → Assess Risk → Determine Containment,Escalate for Review,BLOCKED - Missing Evidence,Needs Further Investigation
CASE-0206,Phishing Email,1,0,1,1,Delhi,0,1,0,1,0,1,45,MEDIUM,Validate Alert → Check Authentication History → Investigate IP and Location → Review Email Activity → Collect Evidence → Assess Risk → Determine Containment,Escalate for Review,MANUAL REVIEW - Conflicting Evidence,Benign Activity
CASE-0207,Suspicious Login,2,1,1,1,Bangalore,1,0,1,0,0,0,65,HIGH,Validate Alert → Check Authentication History → Investigate IP and Location → Review Endpoint Activity → Review Cloud Activity → Collect Evidence → Assess Risk → Determine Containment,Escalate to Senior Analyst,Normal Investigation,Escalated Incident
CASE-0208,Suspicious Login,0,1,1,1,Delhi,0,0,0,1,0,1,45,MEDIUM,Validate Alert → Check Authentication History → Investigate IP and Location → Collect Evidence → Assess Risk → Determine Containment,Escalate for Review,MANUAL REVIEW - Conflicting Evidence,Needs Further Investigation
CASE-0209,Phishing Email,2,1,1,0,Chennai,1,0,1,0,0,0,50,MEDIUM,Validate Alert → Check Authentication History → Investigate IP and Location → Review Endpoint Activity → Review Cloud Activity → Collect Evidence → Assess Risk → Determine Containment,Escalate for Review,Normal Investigation,Needs Further Investigation
CASE-0210,Endpoint Malware,2,1,1,1,Mumbai,1,0,1,1,1,0,65,HIGH,Validate Alert → Check Authentication History → Investigate IP and Location → Review Endpoint Activity → Review Cloud Activity → Collect Evidence → Assess Risk → Determine Containment,Disable Account,BLOCKED - Missing Evidence,Escalated Incident
CASE-0211,Suspicious Login,3,1,0,0,Bangalore,0,1,0,0,0,1,20,LOW,Validate Alert → Check Authentication History → Review Email Activity → Collect Evidence → Assess Risk → Determine Containment,Continue Monitoring,MANUAL REVIEW - Conflicting Evidence,Benign Activity
CASE-0212,Endpoint Malware,1,1,1,1,Unknown,0,1,0,0,1,0,45,MEDIUM,Validate Alert → Check Authentication History → Investigate IP and Location → Review Email Activity → Collect Evidence → Assess Risk → Determine Containment,Escalate for Review,BLOCKED - Missing Evidence,Needs Further Investigation
CASE-0213,Endpoint Malware,2,1,1,1,Hyderabad,0,0,0,1,0,1,45,MEDIUM,Validate Alert → Check Authentication History → Investigate IP and Location → Collect Evidence → Assess Risk → Determine Containment,Escalate for Review,MANUAL REVIEW - Conflicting Evidence,Needs Further Investigation
CASE-0214,Endpoint Malware,2,1,1,0,Hyderabad,1,0,1,1,0,1,55,MEDIUM,Validate Alert → Check Authentication History → Investigate IP and Location → Review Endpoint Activity → Review Cloud Activity → Collect Evidence → Assess Risk → Determine Containment,Escalate for Review,MANUAL REVIEW - Conflicting Evidence,Benign Activity
CASE-0215,Cloud Account Anomaly,3,0,1,1,Bangalore,1,0,1,0,0,0,55,MEDIUM,Validate Alert → Check Authentication History → Investigate IP and Location → Review Endpoint Activity → Review Cloud Activity → Collect Evidence → Assess Risk → Determine Containment,Escalate for Review,Normal Investigation,Needs Further Investigation
CASE-0216,Phishing Email,1,0,0,1,Delhi,0,1,1,0,1,0,30,MEDIUM,Validate Alert → Check Authentication History → Investigate IP and Location → Review Email Activity → Review Cloud Activity → Collect Evidence → Assess Risk → Determine Containment,Escalate for Review,BLOCKED - Missing Evidence,Needs Further Investigation
CASE-0217,Endpoint Malware,2,0,1,1,Delhi,0,0,1,1,0,0,45,MEDIUM,Validate Alert → Check Authentication History → Investigate IP and Location → Review Cloud Activity → Collect Evidence → Assess Risk → Determine Containment,Escalate for Review,Normal Investigation,Needs Further Investigation
CASE-0218,Endpoint Malware,1,0,1,1,Bangalore,1,1,1,1,1,0,65,HIGH,Validate Alert → Check Authentication History → Investigate IP and Location → Review Endpoint Activity → Review Email Activity → Review Cloud Activity → Collect Evidence → Assess Risk → Determine Containment,Isolate Endpoint,BLOCKED - Missing Evidence,Confirmed Incident
CASE-0219,Phishing Email,0,0,1,0,Mumbai,1,0,1,1,0,1,45,MEDIUM,Validate Alert → Check Authentication History → Investigate IP and Location → Review Endpoint Activity → Review Cloud Activity → Collect Evidence → Assess Risk → Determine Containment,Escalate for Review,MANUAL REVIEW - Conflicting Evidence,Needs Further Investigation
CASE-0220,Phishing Email,1,0,1,0,Mumbai,1,0,0,1,0,0,35,MEDIUM,Validate Alert → Check Authentication History → Investigate IP and Location → Review Endpoint Activity → Collect Evidence → Assess Risk → Determine Containment,Escalate for Review,Normal Investigation,Benign Activity
CASE-0221,Suspicious Login,1,1,0,0,Chennai,0,1,1,0,0,0,30,MEDIUM,Validate Alert → Check Authentication History → Review Email Activity → Review Cloud Activity → Collect Evidence → Assess Risk → Determine Containment,Escalate for Review,Normal Investigation,Needs Further Investigation
CASE-0222,Phishing Email,5,1,0,1,Unknown,1,1,1,0,0,0,80,HIGH,Validate Alert → Check Authentication History → Investigate IP and Location → Review Endpoint Activity → Review Email Activity → Review Cloud Activity → Collect Evidence → Assess Risk → Determine Containment,Isolate Endpoint,Normal Investigation,Escalated Incident
CASE-0223,Endpoint Malware,3,0,0,0,Unknown,1,0,1,1,0,1,30,MEDIUM,Validate Alert → Check Authentication History → Review Endpoint Activity → Review Cloud Activity → Collect Evidence → Assess Risk → Determine Containment,Escalate for Review,MANUAL REVIEW - Conflicting Evidence,Benign Activity
CASE-0224,Cloud Account Anomaly,0,1,1,0,Hyderabad,0,1,1,1,1,0,45,MEDIUM,Validate Alert → Check Authentication History → Investigate IP and Location → Review Email Activity → Review Cloud Activity → Collect Evidence → Assess Risk → Determine Containment,Escalate for Review,BLOCKED - Missing Evidence,Benign Activity
CASE-0225,Suspicious Login,1,0,1,1,Mumbai,0,1,0,1,0,0,45,MEDIUM,Validate Alert → Check Authentication History → Investigate IP and Location → Review Email Activity → Collect Evidence → Assess Risk → Determine Containment,Escalate for Review,Normal Investigation,Benign Activity
CASE-0226,Phishing Email,2,1,0,1,Bangalore,1,0,0,0,1,0,35,MEDIUM,Validate Alert → Check Authentication History → Investigate IP and Location → Review Endpoint Activity → Collect Evidence → Assess Risk → Determine Containment,Escalate for Review,BLOCKED - Missing Evidence,Needs Further Investigation
CASE-0227,Cloud Account Anomaly,3,1,0,1,Mumbai,0,0,1,0,0,0,35,MEDIUM,Validate Alert → Check Authentication History → Investigate IP and Location → Review Cloud Activity → Collect Evidence → Assess Risk → Determine Containment,Escalate for Review,Normal Investigation,Benign Activity
CASE-0228,Suspicious Login,1,1,0,0,Chennai,1,1,0,1,0,1,40,MEDIUM,Validate Alert → Check Authentication History → Review Endpoint Activity → Review Email Activity → Collect Evidence → Assess Risk → Determine Containment,Escalate for Review,MANUAL REVIEW - Conflicting Evidence,Needs Further Investigation
CASE-0229,Endpoint Malware,1,1,0,0,Delhi,0,1,0,0,0,0,20,LOW,Validate Alert → Check Authentication History → Review Email Activity → Collect Evidence → Assess Risk → Determine Containment,Continue Monitoring,Normal Investigation,Benign Activity
CASE-0230,Endpoint Malware,1,1,0,0,Mumbai,1,0,0,0,0,0,25,LOW,Validate Alert → Check Authentication History → Review Endpoint Activity → Collect Evidence → Assess Risk → Determine Containment,Continue Monitoring,Normal Investigation,Benign Activity
CASE-0231,Endpoint Malware,1,1,0,0,Bangalore,0,0,0,1,0,1,15,LOW,Validate Alert → Check Authentication History → Collect Evidence → Assess Risk → Determine Containment,Continue Monitoring,MANUAL REVIEW - Conflicting Evidence,Benign Activity
CASE-0232,Endpoint Malware,3,1,1,0,Delhi,0,0,0,0,1,0,20,LOW,Validate Alert → Check Authentication History → Investigate IP and Location → Collect Evidence → Assess Risk → Determine Containment,Continue Monitoring,BLOCKED - Missing Evidence,Benign Activity
CASE-0233,Phishing Email,4,0,0,1,Hyderabad,0,0,1,0,0,0,25,LOW,Validate Alert → Check Authentication History → Investigate IP and Location → Review Cloud Activity → Collect Evidence → Assess Risk → Determine Containment,Continue Monitoring,Normal Investigation,Benign Activity
CASE-0234,Endpoint Malware,1,1,1,0,Hyderabad,0,1,1,0,0,0,45,MEDIUM,Validate Alert → Check Authentication History → Investigate IP and Location → Review Email Activity → Review Cloud Activity → Collect Evidence → Assess Risk → Determine Containment,Escalate for Review,Normal Investigation,Needs Further Investigation
CASE-0235,Suspicious Login,3,1,1,0,Hyderabad,1,1,1,0,1,0,55,MEDIUM,Validate Alert → Check Authentication History → Investigate IP and Location → Review Endpoint Activity → Review Email Activity → Review Cloud Activity → Collect Evidence → Assess Risk → Determine Containment,Escalate for Review,BLOCKED - Missing Evidence,Needs Further Investigation
CASE-0236,Suspicious Login,2,0,1,0,Unknown,0,0,1,1,1,0,25,LOW,Validate Alert → Check Authentication History → Investigate IP and Location → Review Cloud Activity → Collect Evidence → Assess Risk → Determine Containment,Continue Monitoring,BLOCKED - Missing Evidence,Benign Activity
CASE-0237,Cloud Account Anomaly,2,0,0,1,Mumbai,0,1,0,0,0,1,25,LOW,Validate Alert → Check Authentication History → Investigate IP and Location → Review Email Activity → Collect Evidence → Assess Risk → Determine Containment,Continue Monitoring,MANUAL REVIEW - Conflicting Evidence,Benign Activity
CASE-0238,Cloud Account Anomaly,0,0,1,1,Delhi,0,0,0,0,1,0,25,LOW,Validate Alert → Check Authentication History → Investigate IP and Location → Collect Evidence → Assess Risk → Determine Containment,Continue Monitoring,BLOCKED - Missing Evidence,Benign Activity
CASE-0239,Suspicious Login,2,1,0,0,Hyderabad,0,0,0,0,1,0,5,LOW,Validate Alert → Check Authentication History → Collect Evidence → Assess Risk → Determine Containment,Continue Monitoring,BLOCKED - Missing Evidence,Benign Activity
CASE-0240,Phishing Email,1,0,1,0,Mumbai,1,0,0,1,1,0,30,MEDIUM,Validate Alert → Check Authentication History → Investigate IP and Location → Review Endpoint Activity → Collect Evidence → Assess Risk → Determine Containment,Escalate for Review,BLOCKED - Missing Evidence,Needs Further Investigation
CASE-0241,Suspicious Login,1,1,1,1,Hyderabad,0,1,0,1,0,0,55,MEDIUM,Validate Alert → Check Authentication History → Investigate IP and Location → Review Email Activity → Collect Evidence → Assess Risk → Determine Containment,Escalate for Review,Normal Investigation,Needs Further Investigation
CASE-0242,Suspicious Login,1,0,0,0,Bangalore,0,0,0,1,0,0,5,LOW,Validate Alert → Check Authentication History → Collect Evidence → Assess Risk → Determine Containment,Continue Monitoring,Normal Investigation,Benign Activity
CASE-0243,Endpoint Malware,0,0,1,0,Chennai,1,0,1,1,0,0,45,MEDIUM,Validate Alert → Check Authentication History → Investigate IP and Location → Review Endpoint Activity → Review Cloud Activity → Collect Evidence → Assess Risk → Determine Containment,Escalate for Review,Normal Investigation,Benign Activity
CASE-0244,Suspicious Login,3,0,0,0,Hyderabad,1,0,1,1,0,0,30,MEDIUM,Validate Alert → Check Authentication History → Review Endpoint Activity → Review Cloud Activity → Collect Evidence → Assess Risk → Determine Containment,Escalate for Review,Normal Investigation,Needs Further Investigation
CASE-0245,Cloud Account Anomaly,4,0,1,0,Bangalore,1,1,0,1,0,1,45,MEDIUM,Validate Alert → Check Authentication History → Investigate IP and Location → Review Endpoint Activity → Review Email Activity → Collect Evidence → Assess Risk → Determine Containment,Escalate for Review,MANUAL REVIEW - Conflicting Evidence,Benign Activity
CASE-0246,Endpoint Malware,4,0,0,1,Unknown,0,0,1,0,0,0,25,LOW,Validate Alert → Check Authentication History → Investigate IP and Location → Review Cloud Activity → Collect Evidence → Assess Risk → Determine Containment,Continue Monitoring,Normal Investigation,Benign Activity
CASE-0247,Cloud Account Anomaly,2,1,0,0,Chennai,0,1,1,0,0,1,30,MEDIUM,Validate Alert → Check Authentication History → Review Email Activity → Review Cloud Activity → Collect Evidence → Assess Risk → Determine Containment,Escalate for Review,MANUAL REVIEW - Conflicting Evidence,Benign Activity
CASE-0248,Suspicious Login,0,0,1,1,Delhi,1,0,0,0,1,0,40,MEDIUM,Validate Alert → Check Authentication History → Investigate IP and Location → Review Endpoint Activity → Collect Evidence → Assess Risk → Determine Containment,Escalate for Review,BLOCKED - Missing Evidence,Needs Further Investigation
CASE-0249,Endpoint Malware,3,0,1,1,Bangalore,1,1,1,1,1,0,65,HIGH,Validate Alert → Check Authentication History → Investigate IP and Location → Review Endpoint Activity → Review Email Activity → Review Cloud Activity → Collect Evidence → Assess Risk → Determine Containment,Isolate Endpoint,BLOCKED - Missing Evidence,Confirmed Incident
CASE-0250,Endpoint Malware,2,0,0,0,Hyderabad,0,1,1,1,1,0,20,LOW,Validate Alert → Check Authentication History → Review Email Activity → Review Cloud Activity → Collect Evidence → Assess Risk → Determine Containment,Continue Monitoring,BLOCKED - Missing Evidence,Benign Activity
CASE-0251,Phishing Email,1,0,1,1,Unknown,1,1,0,0,0,1,55,MEDIUM,Validate Alert → Check Authentication History → Investigate IP and Location → Review Endpoint Activity → Review Email Activity → Collect Evidence → Assess Risk → Determine Containment,Escalate for Review,MANUAL REVIEW - Conflicting Evidence,Benign Activity
CASE-0252,Suspicious Login,2,0,1,0,Mumbai,0,0,1,1,0,1,30,MEDIUM,Validate Alert → Check Authentication History → Investigate IP and Location → Review Cloud Activity → Collect Evidence → Assess Risk → Determine Containment,Escalate for Review,MANUAL REVIEW - Conflicting Evidence,Benign Activity
CASE-0253,Endpoint Malware,3,0,1,1,Chennai,0,0,1,0,0,0,40,MEDIUM,Validate Alert → Check Authentication History → Investigate IP and Location → Review Cloud Activity → Collect Evidence → Assess Risk → Determine Containment,Escalate for Review,Normal Investigation,Needs Further Investigation
CASE-0254,Endpoint Malware,2,0,0,1,Unknown,1,0,1,0,0,0,40,MEDIUM,Validate Alert → Check Authentication History → Investigate IP and Location → Review Endpoint Activity → Review Cloud Activity → Collect Evidence → Assess Risk → Determine Containment,Escalate for Review,Normal Investigation,Needs Further Investigation
CASE-0255,Cloud Account Anomaly,2,0,0,1,Delhi,0,0,1,0,0,1,25,LOW,Validate Alert → Check Authentication History → Investigate IP and Location → Review Cloud Activity → Collect Evidence → Assess Risk → Determine Containment,Continue Monitoring,MANUAL REVIEW - Conflicting Evidence,Benign Activity
CASE-0256,Cloud Account Anomaly,4,1,0,1,Delhi,1,0,1,0,0,0,50,MEDIUM,Validate Alert → Check Authentication History → Investigate IP and Location → Review Endpoint Activity → Review Cloud Activity → Collect Evidence → Assess Risk → Determine Containment,Escalate for Review,Normal Investigation,Benign Activity
CASE-0257,Endpoint Malware,0,0,0,1,Bangalore,1,1,1,0,0,0,50,MEDIUM,Validate Alert → Check Authentication History → Investigate IP and Location → Review Endpoint Activity → Review Email Activity → Review Cloud Activity → Collect Evidence → Assess Risk → Determine Containment,Escalate for Review,Normal Investigation,Benign Activity
CASE-0258,Cloud Account Anomaly,3,0,0,0,Delhi,1,1,1,1,0,1,40,MEDIUM,Validate Alert → Check Authentication History → Review Endpoint Activity → Review Email Activity → Review Cloud Activity → Collect Evidence → Assess Risk → Determine Containment,Escalate for Review,MANUAL REVIEW - Conflicting Evidence,Benign Activity
CASE-0259,Phishing Email,5,0,0,1,Hyderabad,0,0,1,0,1,1,40,MEDIUM,Validate Alert → Check Authentication History → Investigate IP and Location → Review Cloud Activity → Collect Evidence → Assess Risk → Determine Containment,Escalate for Review,BLOCKED - Missing Evidence,Benign Activity
CASE-0260,Endpoint Malware,1,0,0,0,Bangalore,0,1,0,0,1,0,5,LOW,Validate Alert → Check Authentication History → Review Email Activity → Collect Evidence → Assess Risk → Determine Containment,Continue Monitoring,BLOCKED - Missing Evidence,Benign Activity
CASE-0261,Endpoint Malware,1,0,1,1,Bangalore,0,1,0,0,1,1,35,MEDIUM,Validate Alert → Check Authentication History → Investigate IP and Location → Review Email Activity → Collect Evidence → Assess Risk → Determine Containment,Escalate for Review,BLOCKED - Missing Evidence,Benign Activity
CASE-0262,Cloud Account Anomaly,3,0,0,0,Hyderabad,0,0,0,1,0,0,5,LOW,Validate Alert → Check Authentication History → Collect Evidence → Assess Risk → Determine Containment,Continue Monitoring,Normal Investigation,Benign Activity
CASE-0263,Endpoint Malware,1,0,1,0,Chennai,1,0,0,0,0,0,30,MEDIUM,Validate Alert → Check Authentication History → Investigate IP and Location → Review Endpoint Activity → Collect Evidence → Assess Risk → Determine Containment,Escalate for Review,Normal Investigation,Benign Activity
CASE-0264,Phishing Email,1,1,0,1,Unknown,1,1,0,0,1,1,45,MEDIUM,Validate Alert → Check Authentication History → Investigate IP and Location → Review Endpoint Activity → Review Email Activity → Collect Evidence → Assess Risk → Determine Containment,Escalate for Review,BLOCKED - Missing Evidence,Benign Activity
CASE-0265,Phishing Email,2,0,1,0,Unknown,0,1,1,1,0,0,40,MEDIUM,Validate Alert → Check Authentication History → Investigate IP and Location → Review Email Activity → Review Cloud Activity → Collect Evidence → Assess Risk → Determine Containment,Escalate for Review,Normal Investigation,Needs Further Investigation
CASE-0266,Cloud Account Anomaly,2,0,0,1,Chennai,0,0,1,0,0,1,25,LOW,Validate Alert → Check Authentication History → Investigate IP and Location → Review Cloud Activity → Collect Evidence → Assess Risk → Determine Containment,Continue Monitoring,MANUAL REVIEW - Conflicting Evidence,Benign Activity
CASE-0267,Endpoint Malware,3,1,1,0,Unknown,0,1,1,0,0,0,45,MEDIUM,Validate Alert → Check Authentication History → Investigate IP and Location → Review Email Activity → Review Cloud Activity → Collect Evidence → Assess Risk → Determine Containment,Escalate for Review,Normal Investigation,Needs Further Investigation
CASE-0268,Suspicious Login,1,1,1,0,Delhi,0,0,1,1,1,0,35,MEDIUM,Validate Alert → Check Authentication History → Investigate IP and Location → Review Cloud Activity → Collect Evidence → Assess Risk → Determine Containment,Escalate for Review,BLOCKED - Missing Evidence,Benign Activity
CASE-0269,Cloud Account Anomaly,3,1,1,0,Chennai,1,0,0,1,0,0,45,MEDIUM,Validate Alert → Check Authentication History → Investigate IP and Location → Review Endpoint Activity → Collect Evidence → Assess Risk → Determine Containment,Escalate for Review,Normal Investigation,Benign Activity
CASE-0270,Phishing Email,2,1,0,0,Mumbai,1,0,1,0,0,1,35,MEDIUM,Validate Alert → Check Authentication History → Review Endpoint Activity → Review Cloud Activity → Collect Evidence → Assess Risk → Determine Containment,Escalate for Review,MANUAL REVIEW - Conflicting Evidence,Needs Further Investigation
CASE-0271,Cloud Account Anomaly,2,0,1,0,Delhi,1,0,0,0,0,0,30,MEDIUM,Validate Alert → Check Authentication History → Investigate IP and Location → Review Endpoint Activity → Collect Evidence → Assess Risk → Determine Containment,Escalate for Review,Normal Investigation,Needs Further Investigation
CASE-0272,Phishing Email,6,1,1,0,Delhi,0,0,1,1,0,0,60,HIGH,Validate Alert → Check Authentication History → Investigate IP and Location → Review Cloud Activity → Collect Evidence → Assess Risk → Determine Containment,Disable Account,Normal Investigation,Confirmed Incident
CASE-0273,Suspicious Login,3,1,1,0,Delhi,0,0,0,0,0,0,25,LOW,Validate Alert → Check Authentication History → Investigate IP and Location → Collect Evidence → Assess Risk → Determine Containment,Continue Monitoring,Normal Investigation,Benign Activity
CASE-0274,Suspicious Login,3,1,1,1,Bangalore,1,1,0,1,0,0,70,HIGH,Validate Alert → Check Authentication History → Investigate IP and Location → Review Endpoint Activity → Review Email Activity → Collect Evidence → Assess Risk → Determine Containment,Disable Account,Normal Investigation,Escalated Incident
CASE-0275,Cloud Account Anomaly,2,0,1,1,Chennai,1,1,0,1,0,0,60,HIGH,Validate Alert → Check Authentication History → Investigate IP and Location → Review Endpoint Activity → Review Email Activity → Collect Evidence → Assess Risk → Determine Containment,Escalate to Senior Analyst,Normal Investigation,Confirmed Incident
CASE-0276,Phishing Email,4,1,0,0,Delhi,1,1,1,0,1,0,40,MEDIUM,Validate Alert → Check Authentication History → Review Endpoint Activity → Review Email Activity → Review Cloud Activity → Collect Evidence → Assess Risk → Determine Containment,Escalate for Review,BLOCKED - Missing Evidence,Needs Further Investigation
CASE-0277,Suspicious Login,0,0,0,1,Delhi,0,0,0,0,0,0,15,LOW,Validate Alert → Check Authentication History → Investigate IP and Location → Collect Evidence → Assess Risk → Determine Containment,Continue Monitoring,Normal Investigation,Benign Activity
CASE-0278,Suspicious Login,2,1,0,0,Hyderabad,1,1,0,0,1,1,30,MEDIUM,Validate Alert → Check Authentication History → Review Endpoint Activity → Review Email Activity → Collect Evidence → Assess Risk → Determine Containment,Escalate for Review,BLOCKED - Missing Evidence,Benign Activity
CASE-0279,Phishing Email,1,1,1,0,Chennai,1,0,1,0,0,1,50,MEDIUM,Validate Alert → Check Authentication History → Investigate IP and Location → Review Endpoint Activity → Review Cloud Activity → Collect Evidence → Assess Risk → Determine Containment,Escalate for Review,MANUAL REVIEW - Conflicting Evidence,Needs Further Investigation
CASE-0280,Suspicious Login,3,1,1,1,Bangalore,1,1,1,1,0,0,80,HIGH,Validate Alert → Check Authentication History → Investigate IP and Location → Review Endpoint Activity → Review Email Activity → Review Cloud Activity → Collect Evidence → Assess Risk → Determine Containment,Disable Account,Normal Investigation,Escalated Incident
CASE-0281,Cloud Account Anomaly,2,0,1,1,Mumbai,0,0,1,1,0,0,45,MEDIUM,Validate Alert → Check Authentication History → Investigate IP and Location → Review Cloud Activity → Collect Evidence → Assess Risk → Determine Containment,Escalate for Review,Normal Investigation,Benign Activity
CASE-0282,Phishing Email,1,1,1,0,Hyderabad,0,0,1,1,0,0,40,MEDIUM,Validate Alert → Check Authentication History → Investigate IP and Location → Review Cloud Activity → Collect Evidence → Assess Risk → Determine Containment,Escalate for Review,Normal Investigation,Benign Activity
CASE-0283,Suspicious Login,1,0,1,0,Unknown,1,1,1,0,0,0,50,MEDIUM,Validate Alert → Check Authentication History → Investigate IP and Location → Review Endpoint Activity → Review Email Activity → Review Cloud Activity → Collect Evidence → Assess Risk → Determine Containment,Escalate for Review,Normal Investigation,Benign Activity
CASE-0284,Cloud Account Anomaly,3,0,0,0,Chennai,0,0,0,0,0,0,0,LOW,Validate Alert → Check Authentication History → Collect Evidence → Assess Risk → Determine Containment,Continue Monitoring,Normal Investigation,Benign Activity
CASE-0285,Phishing Email,1,0,1,1,Hyderabad,1,1,0,0,0,0,55,MEDIUM,Validate Alert → Check Authentication History → Investigate IP and Location → Review Endpoint Activity → Review Email Activity → Collect Evidence → Assess Risk → Determine Containment,Escalate for Review,Normal Investigation,Benign Activity
CASE-0286,Cloud Account Anomaly,1,0,1,1,Chennai,1,0,1,0,0,0,55,MEDIUM,Validate Alert → Check Authentication History → Investigate IP and Location → Review Endpoint Activity → Review Cloud Activity → Collect Evidence → Assess Risk → Determine Containment,Escalate for Review,Normal Investigation,Benign Activity
CASE-0287,Endpoint Malware,2,0,0,0,Bangalore,0,1,1,0,0,0,20,LOW,Validate Alert → Check Authentication History → Review Email Activity → Review Cloud Activity → Collect Evidence → Assess Risk → Determine Containment,Continue Monitoring,Normal Investigation,Benign Activity
CASE-0288,Endpoint Malware,0,0,0,1,Bangalore,1,1,1,1,0,0,55,MEDIUM,Validate Alert → Check Authentication History → Investigate IP and Location → Review Endpoint Activity → Review Email Activity → Review Cloud Activity → Collect Evidence → Assess Risk → Determine Containment,Escalate for Review,Normal Investigation,Benign Activity
CASE-0289,Cloud Account Anomaly,3,1,1,0,Mumbai,0,1,1,1,0,0,50,MEDIUM,Validate Alert → Check Authentication History → Investigate IP and Location → Review Email Activity → Review Cloud Activity → Collect Evidence → Assess Risk → Determine Containment,Escalate for Review,Normal Investigation,Needs Further Investigation
CASE-0290,Phishing Email,3,1,1,1,Unknown,1,0,0,0,0,1,55,MEDIUM,Validate Alert → Check Authentication History → Investigate IP and Location → Review Endpoint Activity → Collect Evidence → Assess Risk → Determine Containment,Escalate for Review,MANUAL REVIEW - Conflicting Evidence,Benign Activity
CASE-0291,Phishing Email,1,0,0,1,Hyderabad,1,1,1,1,1,1,50,MEDIUM,Validate Alert → Check Authentication History → Investigate IP and Location → Review Endpoint Activity → Review Email Activity → Review Cloud Activity → Collect Evidence → Assess Risk → Determine Containment,Escalate for Review,BLOCKED - Missing Evidence,Needs Further Investigation
CASE-0292,Endpoint Malware,2,1,0,1,Bangalore,1,1,0,0,0,0,50,MEDIUM,Validate Alert → Check Authentication History → Investigate IP and Location → Review Endpoint Activity → Review Email Activity → Collect Evidence → Assess Risk → Determine Containment,Escalate for Review,Normal Investigation,Benign Activity
CASE-0293,Phishing Email,3,0,1,0,Mumbai,0,1,0,1,1,0,25,LOW,Validate Alert → Check Authentication History → Investigate IP and Location → Review Email Activity → Collect Evidence → Assess Risk → Determine Containment,Continue Monitoring,BLOCKED - Missing Evidence,Benign Activity
CASE-0294,Phishing Email,2,1,1,0,Unknown,1,0,0,1,0,1,45,MEDIUM,Validate Alert → Check Authentication History → Investigate IP and Location → Review Endpoint Activity → Collect Evidence → Assess Risk → Determine Containment,Escalate for Review,MANUAL REVIEW - Conflicting Evidence,Needs Further Investigation
CASE-0295,Cloud Account Anomaly,3,1,1,0,Delhi,0,0,0,1,1,1,25,LOW,Validate Alert → Check Authentication History → Investigate IP and Location → Collect Evidence → Assess Risk → Determine Containment,Continue Monitoring,BLOCKED - Missing Evidence,Benign Activity
CASE-0296,Endpoint Malware,2,1,0,0,Mumbai,1,1,0,1,0,0,40,MEDIUM,Validate Alert → Check Authentication History → Review Endpoint Activity → Review Email Activity → Collect Evidence → Assess Risk → Determine Containment,Escalate for Review,Normal Investigation,Benign Activity
CASE-0297,Endpoint Malware,0,0,0,1,Delhi,0,0,1,1,1,0,25,LOW,Validate Alert → Check Authentication History → Investigate IP and Location → Review Cloud Activity → Collect Evidence → Assess Risk → Determine Containment,Continue Monitoring,BLOCKED - Missing Evidence,Benign Activity
CASE-0298,Cloud Account Anomaly,1,0,0,0,Chennai,1,0,1,0,0,1,25,LOW,Validate Alert → Check Authentication History → Review Endpoint Activity → Review Cloud Activity → Collect Evidence → Assess Risk → Determine Containment,Continue Monitoring,MANUAL REVIEW - Conflicting Evidence,Benign Activity
CASE-0299,Endpoint Malware,1,0,1,1,Mumbai,0,0,1,1,0,0,45,MEDIUM,Validate Alert → Check Authentication History → Investigate IP and Location → Review Cloud Activity → Collect Evidence → Assess Risk → Determine Containment,Escalate for Review,Normal Investigation,Needs Further Investigation
CASE-0300,Phishing Email,1,1,1,1,Bangalore,0,1,1,1,0,0,65,HIGH,Validate Alert → Check Authentication History → Investigate IP and Location → Review Email Activity → Review Cloud Activity → Collect Evidence → Assess Risk → Determine Containment,Disable Account,Normal Investigation,Confirmed Incident
CASE-0301,Endpoint Malware,1,0,0,0,Mumbai,0,0,1,0,1,1,5,LOW,Validate Alert → Check Authentication History → Review Cloud Activity → Collect Evidence → Assess Risk → Determine Containment,Continue Monitoring,BLOCKED - Missing Evidence,Benign Activity
CASE-0302,Suspicious Login,0,0,0,0,Hyderabad,0,0,1,1,1,0,10,LOW,Validate Alert → Check Authentication History → Review Cloud Activity → Collect Evidence → Assess Risk → Determine Containment,Continue Monitoring,BLOCKED - Missing Evidence,Benign Activity
CASE-0303,Phishing Email,2,1,0,0,Delhi,0,1,1,0,0,1,30,MEDIUM,Validate Alert → Check Authentication History → Review Email Activity → Review Cloud Activity → Collect Evidence → Assess Risk → Determine Containment,Escalate for Review,MANUAL REVIEW - Conflicting Evidence,Needs Further Investigation
CASE-0304,Suspicious Login,1,0,1,0,Bangalore,0,1,0,0,0,1,25,LOW,Validate Alert → Check Authentication History → Investigate IP and Location → Review Email Activity → Collect Evidence → Assess Risk → Determine Containment,Continue Monitoring,MANUAL REVIEW - Conflicting Evidence,Benign Activity
CASE-0305,Phishing Email,3,1,1,0,Chennai,0,1,0,1,0,0,40,MEDIUM,Validate Alert → Check Authentication History → Investigate IP and Location → Review Email Activity → Collect Evidence → Assess Risk → Determine Containment,Escalate for Review,Normal Investigation,Needs Further Investigation
CASE-0306,Suspicious Login,2,0,1,0,Mumbai,0,0,0,1,0,0,20,LOW,Validate Alert → Check Authentication History → Investigate IP and Location → Collect Evidence → Assess Risk → Determine Containment,Continue Monitoring,Normal Investigation,Benign Activity
CASE-0307,Phishing Email,2,1,0,0,Unknown,0,0,1,1,0,0,25,LOW,Validate Alert → Check Authentication History → Review Cloud Activity → Collect Evidence → Assess Risk → Determine Containment,Continue Monitoring,Normal Investigation,Benign Activity
CASE-0308,Suspicious Login,0,0,0,0,Mumbai,0,0,1,1,1,1,10,LOW,Validate Alert → Check Authentication History → Review Cloud Activity → Collect Evidence → Assess Risk → Determine Containment,Continue Monitoring,BLOCKED - Missing Evidence,Benign Activity
CASE-0309,Suspicious Login,1,1,1,0,Delhi,0,1,1,1,0,0,50,MEDIUM,Validate Alert → Check Authentication History → Investigate IP and Location → Review Email Activity → Review Cloud Activity → Collect Evidence → Assess Risk → Determine Containment,Escalate for Review,Normal Investigation,Benign Activity
CASE-0310,Endpoint Malware,1,0,0,0,Hyderabad,0,0,1,1,1,0,10,LOW,Validate Alert → Check Authentication History → Review Cloud Activity → Collect Evidence → Assess Risk → Determine Containment,Continue Monitoring,BLOCKED - Missing Evidence,Benign Activity
CASE-0311,Cloud Account Anomaly,3,1,0,0,Mumbai,1,1,0,1,1,0,35,MEDIUM,Validate Alert → Check Authentication History → Review Endpoint Activity → Review Email Activity → Collect Evidence → Assess Risk → Determine Containment,Escalate for Review,BLOCKED - Missing Evidence,Needs Further Investigation
CASE-0312,Phishing Email,1,0,0,1,Bangalore,0,1,0,1,0,1,30,MEDIUM,Validate Alert → Check Authentication History → Investigate IP and Location → Review Email Activity → Collect Evidence → Assess Risk → Determine Containment,Escalate for Review,MANUAL REVIEW - Conflicting Evidence,Benign Activity
CASE-0313,Suspicious Login,2,0,0,1,Mumbai,1,0,0,1,0,0,35,MEDIUM,Validate Alert → Check Authentication History → Investigate IP and Location → Review Endpoint Activity → Collect Evidence → Assess Risk → Determine Containment,Escalate for Review,Normal Investigation,Benign Activity
CASE-0314,Suspicious Login,2,0,1,1,Delhi,0,0,1,1,1,0,40,MEDIUM,Validate Alert → Check Authentication History → Investigate IP and Location → Review Cloud Activity → Collect Evidence → Assess Risk → Determine Containment,Escalate for Review,BLOCKED - Missing Evidence,Benign Activity
CASE-0315,Phishing Email,3,0,1,0,Hyderabad,0,1,1,0,0,0,35,MEDIUM,Validate Alert → Check Authentication History → Investigate IP and Location → Review Email Activity → Review Cloud Activity → Collect Evidence → Assess Risk → Determine Containment,Escalate for Review,Normal Investigation,Benign Activity
CASE-0316,Endpoint Malware,4,1,1,1,Unknown,0,0,1,1,1,1,50,MEDIUM,Validate Alert → Check Authentication History → Investigate IP and Location → Review Cloud Activity → Collect Evidence → Assess Risk → Determine Containment,Escalate for Review,BLOCKED - Missing Evidence,Benign Activity
CASE-0317,Cloud Account Anomaly,0,0,0,0,Chennai,0,1,1,1,0,1,25,LOW,Validate Alert → Check Authentication History → Review Email Activity → Review Cloud Activity → Collect Evidence → Assess Risk → Determine Containment,Continue Monitoring,MANUAL REVIEW - Conflicting Evidence,Benign Activity
CASE-0318,Suspicious Login,2,0,1,0,Bangalore,1,0,1,0,0,0,40,MEDIUM,Validate Alert → Check Authentication History → Investigate IP and Location → Review Endpoint Activity → Review Cloud Activity → Collect Evidence → Assess Risk → Determine Containment,Escalate for Review,Normal Investigation,Benign Activity
CASE-0319,Cloud Account Anomaly,1,0,1,0,Delhi,1,0,0,1,1,1,30,MEDIUM,Validate Alert → Check Authentication History → Investigate IP and Location → Review Endpoint Activity → Collect Evidence → Assess Risk → Determine Containment,Escalate for Review,BLOCKED - Missing Evidence,Needs Further Investigation
CASE-0320,Suspicious Login,3,0,1,1,Hyderabad,0,0,0,0,1,1,25,LOW,Validate Alert → Check Authentication History → Investigate IP and Location → Collect Evidence → Assess Risk → Determine Containment,Continue Monitoring,BLOCKED - Missing Evidence,Benign Activity
CASE-0321,Phishing Email,1,1,1,0,Hyderabad,1,1,1,1,1,0,60,HIGH,Validate Alert → Check Authentication History → Investigate IP and Location → Review Endpoint Activity → Review Email Activity → Review Cloud Activity → Collect Evidence → Assess Risk → Determine Containment,Isolate Endpoint,BLOCKED - Missing Evidence,Escalated Incident
CASE-0322,Phishing Email,1,1,0,0,Unknown,0,1,1,0,0,1,30,MEDIUM,Validate Alert → Check Authentication History → Review Email Activity → Review Cloud Activity → Collect Evidence → Assess Risk → Determine Containment,Escalate for Review,MANUAL REVIEW - Conflicting Evidence,Benign Activity
CASE-0323,Suspicious Login,2,1,1,1,Unknown,1,1,0,0,0,0,65,HIGH,Validate Alert → Check Authentication History → Investigate IP and Location → Review Endpoint Activity → Review Email Activity → Collect Evidence → Assess Risk → Determine Containment,Isolate Endpoint,Normal Investigation,Confirmed Incident
CASE-0324,Suspicious Login,2,0,1,0,Mumbai,1,1,0,0,0,0,40,MEDIUM,Validate Alert → Check Authentication History → Investigate IP and Location → Review Endpoint Activity → Review Email Activity → Collect Evidence → Assess Risk → Determine Containment,Escalate for Review,Normal Investigation,Needs Further Investigation
CASE-0325,Cloud Account Anomaly,0,0,0,1,Unknown,0,1,0,1,1,0,25,LOW,Validate Alert → Check Authentication History → Investigate IP and Location → Review Email Activity → Collect Evidence → Assess Risk → Determine Containment,Continue Monitoring,BLOCKED - Missing Evidence,Benign Activity
CASE-0326,Phishing Email,1,0,0,1,Mumbai,0,1,0,1,0,1,30,MEDIUM,Validate Alert → Check Authentication History → Investigate IP and Location → Review Email Activity → Collect Evidence → Assess Risk → Determine Containment,Escalate for Review,MANUAL REVIEW - Conflicting Evidence,Needs Further Investigation
CASE-0327,Cloud Account Anomaly,4,0,0,0,Hyderabad,0,0,1,0,1,0,5,LOW,Validate Alert → Check Authentication History → Review Cloud Activity → Collect Evidence → Assess Risk → Determine Containment,Continue Monitoring,BLOCKED - Missing Evidence,Benign Activity
CASE-0328,Phishing Email,3,0,0,1,Hyderabad,0,1,1,0,0,0,35,MEDIUM,Validate Alert → Check Authentication History → Investigate IP and Location → Review Email Activity → Review Cloud Activity → Collect Evidence → Assess Risk → Determine Containment,Escalate for Review,Normal Investigation,Benign Activity
CASE-0329,Suspicious Login,0,1,1,1,Delhi,0,1,0,0,0,1,50,MEDIUM,Validate Alert → Check Authentication History → Investigate IP and Location → Review Email Activity → Collect Evidence → Assess Risk → Determine Containment,Escalate for Review,MANUAL REVIEW - Conflicting Evidence,Needs Further Investigation
CASE-0330,Cloud Account Anomaly,1,0,1,0,Hyderabad,0,1,1,1,0,0,40,MEDIUM,Validate Alert → Check Authentication History → Investigate IP and Location → Review Email Activity → Review Cloud Activity → Collect Evidence → Assess Risk → Determine Containment,Escalate for Review,Normal Investigation,Benign Activity
CASE-0331,Suspicious Login,0,0,1,1,Mumbai,0,0,0,1,1,0,30,MEDIUM,Validate Alert → Check Authentication History → Investigate IP and Location → Collect Evidence → Assess Risk → Determine Containment,Escalate for Review,BLOCKED - Missing Evidence,Benign Activity
CASE-0332,Phishing Email,2,0,1,1,Chennai,1,0,1,0,0,1,55,MEDIUM,Validate Alert → Check Authentication History → Investigate IP and Location → Review Endpoint Activity → Review Cloud Activity → Collect Evidence → Assess Risk → Determine Containment,Escalate for Review,MANUAL REVIEW - Conflicting Evidence,Needs Further Investigation
CASE-0333,Endpoint Malware,1,0,0,0,Chennai,0,1,0,0,1,1,5,LOW,Validate Alert → Check Authentication History → Review Email Activity → Collect Evidence → Assess Risk → Determine Containment,Continue Monitoring,BLOCKED - Missing Evidence,Benign Activity
CASE-0334,Endpoint Malware,2,0,1,1,Hyderabad,0,0,0,0,0,0,30,MEDIUM,Validate Alert → Check Authentication History → Investigate IP and Location → Collect Evidence → Assess Risk → Determine Containment,Escalate for Review,Normal Investigation,Needs Further Investigation
CASE-0335,Endpoint Malware,4,1,1,1,Hyderabad,1,1,1,1,0,0,80,HIGH,Validate Alert → Check Authentication History → Investigate IP and Location → Review Endpoint Activity → Review Email Activity → Review Cloud Activity → Collect Evidence → Assess Risk → Determine Containment,Escalate to Senior Analyst,Normal Investigation,Confirmed Incident
CASE-0336,Suspicious Login,0,0,0,0,Delhi,1,0,1,1,0,0,30,MEDIUM,Validate Alert → Check Authentication History → Review Endpoint Activity → Review Cloud Activity → Collect Evidence → Assess Risk → Determine Containment,Escalate for Review,Normal Investigation,Benign Activity
CASE-0337,Cloud Account Anomaly,2,0,1,0,Chennai,0,0,1,1,0,0,30,MEDIUM,Validate Alert → Check Authentication History → Investigate IP and Location → Review Cloud Activity → Collect Evidence → Assess Risk → Determine Containment,Escalate for Review,Normal Investigation,Benign Activity
CASE-0338,Endpoint Malware,2,0,0,0,Delhi,1,0,1,0,0,0,25,LOW,Validate Alert → Check Authentication History → Review Endpoint Activity → Review Cloud Activity → Collect Evidence → Assess Risk → Determine Containment,Continue Monitoring,Normal Investigation,Benign Activity
CASE-0339,Endpoint Malware,1,0,0,0,Delhi,1,0,0,0,0,1,15,LOW,Validate Alert → Check Authentication History → Review Endpoint Activity → Collect Evidence → Assess Risk → Determine Containment,Continue Monitoring,MANUAL REVIEW - Conflicting Evidence,Benign Activity
CASE-0340,Suspicious Login,0,1,0,1,Chennai,0,0,1,1,0,0,40,MEDIUM,Validate Alert → Check Authentication History → Investigate IP and Location → Review Cloud Activity → Collect Evidence → Assess Risk → Determine Containment,Escalate for Review,Normal Investigation,Needs Further Investigation
CASE-0341,Phishing Email,3,0,0,1,Mumbai,1,1,1,1,0,1,55,MEDIUM,Validate Alert → Check Authentication History → Investigate IP and Location → Review Endpoint Activity → Review Email Activity → Review Cloud Activity → Collect Evidence → Assess Risk → Determine Containment,Escalate for Review,MANUAL REVIEW - Conflicting Evidence,Benign Activity
CASE-0342,Cloud Account Anomaly,3,0,0,1,Delhi,0,0,1,1,0,0,30,MEDIUM,Validate Alert → Check Authentication History → Investigate IP and Location → Review Cloud Activity → Collect Evidence → Assess Risk → Determine Containment,Escalate for Review,Normal Investigation,Benign Activity
CASE-0343,Cloud Account Anomaly,2,1,1,1,Mumbai,1,0,0,0,0,0,55,MEDIUM,Validate Alert → Check Authentication History → Investigate IP and Location → Review Endpoint Activity → Collect Evidence → Assess Risk → Determine Containment,Escalate for Review,Normal Investigation,Needs Further Investigation
CASE-0344,Suspicious Login,0,0,0,0,Bangalore,1,0,0,1,1,1,15,LOW,Validate Alert → Check Authentication History → Review Endpoint Activity → Collect Evidence → Assess Risk → Determine Containment,Continue Monitoring,BLOCKED - Missing Evidence,Benign Activity
CASE-0345,Phishing Email,1,1,0,1,Unknown,0,1,0,1,0,1,40,MEDIUM,Validate Alert → Check Authentication History → Investigate IP and Location → Review Email Activity → Collect Evidence → Assess Risk → Determine Containment,Escalate for Review,MANUAL REVIEW - Conflicting Evidence,Needs Further Investigation
CASE-0346,Endpoint Malware,2,0,0,1,Bangalore,0,0,0,1,0,0,20,LOW,Validate Alert → Check Authentication History → Investigate IP and Location → Collect Evidence → Assess Risk → Determine Containment,Continue Monitoring,Normal Investigation,Benign Activity
CASE-0347,Cloud Account Anomaly,5,0,0,1,Delhi,1,0,0,0,0,0,50,MEDIUM,Validate Alert → Check Authentication History → Investigate IP and Location → Review Endpoint Activity → Collect Evidence → Assess Risk → Determine Containment,Escalate for Review,Normal Investigation,Benign Activity
CASE-0348,Suspicious Login,2,0,1,0,Hyderabad,1,1,0,1,1,0,40,MEDIUM,Validate Alert → Check Authentication History → Investigate IP and Location → Review Endpoint Activity → Review Email Activity → Collect Evidence → Assess Risk → Determine Containment,Escalate for Review,BLOCKED - Missing Evidence,Needs Further Investigation
CASE-0349,Phishing Email,3,1,0,1,Bangalore,1,1,1,1,0,1,65,HIGH,Validate Alert → Check Authentication History → Investigate IP and Location → Review Endpoint Activity → Review Email Activity → Review Cloud Activity → Collect Evidence → Assess Risk → Determine Containment,Isolate Endpoint,MANUAL REVIEW - Conflicting Evidence,Escalated Incident
CASE-0350,Endpoint Malware,2,0,1,0,Bangalore,0,0,0,1,0,1,20,LOW,Validate Alert → Check Authentication History → Investigate IP and Location → Collect Evidence → Assess Risk → Determine Containment,Continue Monitoring,MANUAL REVIEW - Conflicting Evidence,Benign Activity
CASE-0351,Cloud Account Anomaly,2,1,0,1,Chennai,1,1,0,0,1,0,45,MEDIUM,Validate Alert → Check Authentication History → Investigate IP and Location → Review Endpoint Activity → Review Email Activity → Collect Evidence → Assess Risk → Determine Containment,Escalate for Review,BLOCKED - Missing Evidence,Needs Further Investigation
CASE-0352,Endpoint Malware,5,0,0,0,Delhi,0,0,0,1,0,1,25,LOW,Validate Alert → Check Authentication History → Collect Evidence → Assess Risk → Determine Containment,Continue Monitoring,MANUAL REVIEW - Conflicting Evidence,Benign Activity
CASE-0353,Suspicious Login,4,1,0,0,Hyderabad,1,1,1,0,0,0,45,MEDIUM,Validate Alert → Check Authentication History → Review Endpoint Activity → Review Email Activity → Review Cloud Activity → Collect Evidence → Assess Risk → Determine Containment,Escalate for Review,Normal Investigation,Needs Further Investigation
CASE-0354,Endpoint Malware,2,1,0,1,Chennai,1,0,0,1,1,0,40,MEDIUM,Validate Alert → Check Authentication History → Investigate IP and Location → Review Endpoint Activity → Collect Evidence → Assess Risk → Determine Containment,Escalate for Review,BLOCKED - Missing Evidence,Needs Further Investigation
CASE-0355,Endpoint Malware,0,1,0,0,Unknown,0,1,0,0,0,0,20,LOW,Validate Alert → Check Authentication History → Review Email Activity → Collect Evidence → Assess Risk → Determine Containment,Continue Monitoring,Normal Investigation,Benign Activity
CASE-0356,Endpoint Malware,3,0,1,1,Hyderabad,1,0,1,0,1,0,50,MEDIUM,Validate Alert → Check Authentication History → Investigate IP and Location → Review Endpoint Activity → Review Cloud Activity → Collect Evidence → Assess Risk → Determine Containment,Escalate for Review,BLOCKED - Missing Evidence,Benign Activity
CASE-0357,Suspicious Login,2,1,0,1,Chennai,1,0,0,1,1,0,40,MEDIUM,Validate Alert → Check Authentication History → Investigate IP and Location → Review Endpoint Activity → Collect Evidence → Assess Risk → Determine Containment,Escalate for Review,BLOCKED - Missing Evidence,Needs Further Investigation
CASE-0358,Suspicious Login,3,0,0,1,Unknown,0,1,1,1,0,0,40,MEDIUM,Validate Alert → Check Authentication History → Investigate IP and Location → Review Email Activity → Review Cloud Activity → Collect Evidence → Assess Risk → Determine Containment,Escalate for Review,Normal Investigation,Benign Activity
CASE-0359,Phishing Email,1,1,1,1,Mumbai,1,1,0,1,1,0,65,HIGH,Validate Alert → Check Authentication History → Investigate IP and Location → Review Endpoint Activity → Review Email Activity → Collect Evidence → Assess Risk → Determine Containment,Disable Account,BLOCKED - Missing Evidence,Escalated Incident
CASE-0360,Phishing Email,1,1,1,0,Mumbai,0,0,1,0,0,0,35,MEDIUM,Validate Alert → Check Authentication History → Investigate IP and Location → Review Cloud Activity → Collect Evidence → Assess Risk → Determine Containment,Escalate for Review,Normal Investigation,Benign Activity
CASE-0361,Suspicious Login,5,0,1,0,Bangalore,0,0,1,1,0,0,50,MEDIUM,Validate Alert → Check Authentication History → Investigate IP and Location → Review Cloud Activity → Collect Evidence → Assess Risk → Determine Containment,Escalate for Review,Normal Investigation,Benign Activity
CASE-0362,Phishing Email,3,0,0,1,Bangalore,1,1,0,0,1,0,35,MEDIUM,Validate Alert → Check Authentication History → Investigate IP and Location → Review Endpoint Activity → Review Email Activity → Collect Evidence → Assess Risk → Determine Containment,Escalate for Review,BLOCKED - Missing Evidence,Needs Further Investigation
CASE-0363,Phishing Email,4,0,0,0,Chennai,0,0,1,0,0,0,10,LOW,Validate Alert → Check Authentication History → Review Cloud Activity → Collect Evidence → Assess Risk → Determine Containment,Continue Monitoring,Normal Investigation,Benign Activity
CASE-0364,Phishing Email,2,1,1,1,Unknown,1,0,0,0,0,1,55,MEDIUM,Validate Alert → Check Authentication History → Investigate IP and Location → Review Endpoint Activity → Collect Evidence → Assess Risk → Determine Containment,Escalate for Review,MANUAL REVIEW - Conflicting Evidence,Benign Activity
CASE-0365,Phishing Email,1,1,1,0,Hyderabad,0,1,1,0,0,0,45,MEDIUM,Validate Alert → Check Authentication History → Investigate IP and Location → Review Email Activity → Review Cloud Activity → Collect Evidence → Assess Risk → Determine Containment,Escalate for Review,Normal Investigation,Benign Activity
CASE-0366,Suspicious Login,1,0,1,1,Bangalore,0,1,1,1,1,1,50,MEDIUM,Validate Alert → Check Authentication History → Investigate IP and Location → Review Email Activity → Review Cloud Activity → Collect Evidence → Assess Risk → Determine Containment,Escalate for Review,BLOCKED - Missing Evidence,Benign Activity
CASE-0367,Phishing Email,0,1,1,0,Unknown,1,0,1,0,1,1,45,MEDIUM,Validate Alert → Check Authentication History → Investigate IP and Location → Review Endpoint Activity → Review Cloud Activity → Collect Evidence → Assess Risk → Determine Containment,Escalate for Review,BLOCKED - Missing Evidence,Needs Further Investigation
CASE-0368,Endpoint Malware,0,1,1,1,Chennai,0,1,0,1,0,0,55,MEDIUM,Validate Alert → Check Authentication History → Investigate IP and Location → Review Email Activity → Collect Evidence → Assess Risk → Determine Containment,Escalate for Review,Normal Investigation,Benign Activity
CASE-0369,Endpoint Malware,3,1,1,1,Bangalore,0,1,0,0,1,1,45,MEDIUM,Validate Alert → Check Authentication History → Investigate IP and Location → Review Email Activity → Collect Evidence → Assess Risk → Determine Containment,Escalate for Review,BLOCKED - Missing Evidence,Needs Further Investigation
CASE-0370,Endpoint Malware,3,1,0,0,Chennai,0,0,1,0,0,0,20,LOW,Validate Alert → Check Authentication History → Review Cloud Activity → Collect Evidence → Assess Risk → Determine Containment,Continue Monitoring,Normal Investigation,Benign Activity
CASE-0371,Cloud Account Anomaly,4,0,0,1,Delhi,1,1,1,1,1,0,50,MEDIUM,Validate Alert → Check Authentication History → Investigate IP and Location → Review Endpoint Activity → Review Email Activity → Review Cloud Activity → Collect Evidence → Assess Risk → Determine Containment,Escalate for Review,BLOCKED - Missing Evidence,Benign Activity
CASE-0372,Endpoint Malware,2,0,0,1,Unknown,1,0,1,1,0,0,45,MEDIUM,Validate Alert → Check Authentication History → Investigate IP and Location → Review Endpoint Activity → Review Cloud Activity → Collect Evidence → Assess Risk → Determine Containment,Escalate for Review,Normal Investigation,Needs Further Investigation
CASE-0373,Cloud Account Anomaly,4,1,0,0,Mumbai,0,1,0,1,0,1,25,LOW,Validate Alert → Check Authentication History → Review Email Activity → Collect Evidence → Assess Risk → Determine Containment,Continue Monitoring,MANUAL REVIEW - Conflicting Evidence,Benign Activity
CASE-0374,Endpoint Malware,1,1,0,1,Delhi,1,1,1,0,1,0,55,MEDIUM,Validate Alert → Check Authentication History → Investigate IP and Location → Review Endpoint Activity → Review Email Activity → Review Cloud Activity → Collect Evidence → Assess Risk → Determine Containment,Escalate for Review,BLOCKED - Missing Evidence,Needs Further Investigation
CASE-0375,Phishing Email,2,1,1,1,Bangalore,1,0,0,0,0,1,55,MEDIUM,Validate Alert → Check Authentication History → Investigate IP and Location → Review Endpoint Activity → Collect Evidence → Assess Risk → Determine Containment,Escalate for Review,MANUAL REVIEW - Conflicting Evidence,Benign Activity
CASE-0376,Cloud Account Anomaly,0,1,0,0,Bangalore,0,1,0,0,1,0,15,LOW,Validate Alert → Check Authentication History → Review Email Activity → Collect Evidence → Assess Risk → Determine Containment,Continue Monitoring,BLOCKED - Missing Evidence,Benign Activity
CASE-0377,Phishing Email,5,1,1,1,Unknown,0,1,0,0,0,0,70,HIGH,Validate Alert → Check Authentication History → Investigate IP and Location → Review Email Activity → Collect Evidence → Assess Risk → Determine Containment,Disable Account,Normal Investigation,Escalated Incident
CASE-0378,Suspicious Login,2,1,1,1,Unknown,1,1,1,1,0,0,80,HIGH,Validate Alert → Check Authentication History → Investigate IP and Location → Review Endpoint Activity → Review Email Activity → Review Cloud Activity → Collect Evidence → Assess Risk → Determine Containment,Isolate Endpoint,Normal Investigation,Escalated Incident
CASE-0379,Endpoint Malware,2,0,1,1,Unknown,1,1,1,0,1,1,60,HIGH,Validate Alert → Check Authentication History → Investigate IP and Location → Review Endpoint Activity → Review Email Activity → Review Cloud Activity → Collect Evidence → Assess Risk → Determine Containment,Disable Account,BLOCKED - Missing Evidence,Escalated Incident
CASE-0380,Endpoint Malware,3,0,1,1,Mumbai,1,0,0,0,0,0,45,MEDIUM,Validate Alert → Check Authentication History → Investigate IP and Location → Review Endpoint Activity → Collect Evidence → Assess Risk → Determine Containment,Escalate for Review,Normal Investigation,Benign Activity
CASE-0381,Phishing Email,2,1,1,1,Unknown,1,1,1,1,0,0,80,HIGH,Validate Alert → Check Authentication History → Investigate IP and Location → Review Endpoint Activity → Review Email Activity → Review Cloud Activity → Collect Evidence → Assess Risk → Determine Containment,Isolate Endpoint,Normal Investigation,Confirmed Incident
CASE-0382,Endpoint Malware,6,1,0,0,Chennai,0,1,0,0,0,0,40,MEDIUM,Validate Alert → Check Authentication History → Review Email Activity → Collect Evidence → Assess Risk → Determine Containment,Escalate for Review,Normal Investigation,Needs Further Investigation
CASE-0383,Cloud Account Anomaly,2,0,0,1,Delhi,0,0,1,1,0,0,30,MEDIUM,Validate Alert → Check Authentication History → Investigate IP and Location → Review Cloud Activity → Collect Evidence → Assess Risk → Determine Containment,Escalate for Review,Normal Investigation,Benign Activity
CASE-0384,Endpoint Malware,2,0,0,0,Mumbai,0,1,1,1,1,1,20,LOW,Validate Alert → Check Authentication History → Review Email Activity → Review Cloud Activity → Collect Evidence → Assess Risk → Determine Containment,Continue Monitoring,BLOCKED - Missing Evidence,Benign Activity
CASE-0385,Cloud Account Anomaly,2,0,0,1,Mumbai,1,1,1,1,0,0,55,MEDIUM,Validate Alert → Check Authentication History → Investigate IP and Location → Review Endpoint Activity → Review Email Activity → Review Cloud Activity → Collect Evidence → Assess Risk → Determine Containment,Escalate for Review,Normal Investigation,Benign Activity
CASE-0386,Phishing Email,3,1,1,0,Hyderabad,1,0,0,0,0,0,40,MEDIUM,Validate Alert → Check Authentication History → Investigate IP and Location → Review Endpoint Activity → Collect Evidence → Assess Risk → Determine Containment,Escalate for Review,Normal Investigation,Benign Activity
CASE-0387,Suspicious Login,3,1,1,1,Delhi,0,1,1,0,0,1,60,HIGH,Validate Alert → Check Authentication History → Investigate IP and Location → Review Email Activity → Review Cloud Activity → Collect Evidence → Assess Risk → Determine Containment,Disable Account,MANUAL REVIEW - Conflicting Evidence,Confirmed Incident
CASE-0388,Cloud Account Anomaly,3,1,0,0,Hyderabad,1,1,0,1,0,0,40,MEDIUM,Validate Alert → Check Authentication History → Review Endpoint Activity → Review Email Activity → Collect Evidence → Assess Risk → Determine Containment,Escalate for Review,Normal Investigation,Needs Further Investigation
CASE-0389,Phishing Email,6,1,1,1,Hyderabad,0,0,0,0,0,0,60,HIGH,Validate Alert → Check Authentication History → Investigate IP and Location → Collect Evidence → Assess Risk → Determine Containment,Escalate to Senior Analyst,Normal Investigation,Escalated Incident
CASE-0390,Cloud Account Anomaly,1,1,1,0,Mumbai,1,0,0,0,0,0,40,MEDIUM,Validate Alert → Check Authentication History → Investigate IP and Location → Review Endpoint Activity → Collect Evidence → Assess Risk → Determine Containment,Escalate for Review,Normal Investigation,Needs Further Investigation
CASE-0391,Phishing Email,2,0,1,0,Mumbai,0,0,0,0,1,0,10,LOW,Validate Alert → Check Authentication History → Investigate IP and Location → Collect Evidence → Assess Risk → Determine Containment,Continue Monitoring,BLOCKED - Missing Evidence,Benign Activity
CASE-0392,Cloud Account Anomaly,1,1,1,1,Chennai,1,0,1,0,0,0,65,HIGH,Validate Alert → Check Authentication History → Investigate IP and Location → Review Endpoint Activity → Review Cloud Activity → Collect Evidence → Assess Risk → Determine Containment,Disable Account,Normal Investigation,Escalated Incident
CASE-0393,Cloud Account Anomaly,2,0,0,1,Bangalore,1,0,0,0,1,0,25,LOW,Validate Alert → Check Authentication History → Investigate IP and Location → Review Endpoint Activity → Collect Evidence → Assess Risk → Determine Containment,Continue Monitoring,BLOCKED - Missing Evidence,Benign Activity
CASE-0394,Suspicious Login,3,0,1,0,Unknown,0,1,1,1,0,0,40,MEDIUM,Validate Alert → Check Authentication History → Investigate IP and Location → Review Email Activity → Review Cloud Activity → Collect Evidence → Assess Risk → Determine Containment,Escalate for Review,Normal Investigation,Needs Further Investigation
CASE-0395,Suspicious Login,3,1,1,1,Mumbai,0,1,0,0,0,0,50,MEDIUM,Validate Alert → Check Authentication History → Investigate IP and Location → Review Email Activity → Collect Evidence → Assess Risk → Determine Containment,Escalate for Review,Normal Investigation,Benign Activity
CASE-0396,Suspicious Login,2,0,1,0,Hyderabad,1,0,0,0,1,1,25,LOW,Validate Alert → Check Authentication History → Investigate IP and Location → Review Endpoint Activity → Collect Evidence → Assess Risk → Determine Containment,Continue Monitoring,BLOCKED - Missing Evidence,Benign Activity
CASE-0397,Endpoint Malware,1,1,0,0,Mumbai,0,1,0,1,0,0,25,LOW,Validate Alert → Check Authentication History → Review Email Activity → Collect Evidence → Assess Risk → Determine Containment,Continue Monitoring,Normal Investigation,Benign Activity
CASE-0398,Endpoint Malware,4,0,0,1,Mumbai,0,1,1,1,0,0,40,MEDIUM,Validate Alert → Check Authentication History → Investigate IP and Location → Review Email Activity → Review Cloud Activity → Collect Evidence → Assess Risk → Determine Containment,Escalate for Review,Normal Investigation,Benign Activity
CASE-0399,Endpoint Malware,1,1,0,1,Unknown,1,1,1,0,0,1,60,HIGH,Validate Alert → Check Authentication History → Investigate IP and Location → Review Endpoint Activity → Review Email Activity → Review Cloud Activity → Collect Evidence → Assess Risk → Determine Containment,Disable Account,MANUAL REVIEW - Conflicting Evidence,Escalated Incident
CASE-0400,Cloud Account Anomaly,2,1,0,0,Unknown,0,1,1,1,0,0,35,MEDIUM,Validate Alert → Check Authentication History → Review Email Activity → Review Cloud Activity → Collect Evidence → Assess Risk → Determine Containment,Escalate for Review,Normal Investigation,Needs Further Investigation
CASE-0401,Cloud Account Anomaly,2,0,0,1,Hyderabad,0,1,0,1,0,1,30,MEDIUM,Validate Alert → Check Authentication History → Investigate IP and Location → Review Email Activity → Collect Evidence → Assess Risk → Determine Containment,Escalate for Review,MANUAL REVIEW - Conflicting Evidence,Benign Activity
CASE-0402,Endpoint Malware,2,1,1,1,Chennai,1,0,0,0,0,0,55,MEDIUM,Validate Alert → Check Authentication History → Investigate IP and Location → Review Endpoint Activity → Collect Evidence → Assess Risk → Determine Containment,Escalate for Review,Normal Investigation,Needs Further Investigation
CASE-0403,Endpoint Malware,0,0,1,0,Bangalore,0,0,1,1,0,0,30,MEDIUM,Validate Alert → Check Authentication History → Investigate IP and Location → Review Cloud Activity → Collect Evidence → Assess Risk → Determine Containment,Escalate for Review,Normal Investigation,Benign Activity
CASE-0404,Suspicious Login,4,0,0,1,Unknown,0,1,0,1,1,0,25,LOW,Validate Alert → Check Authentication History → Investigate IP and Location → Review Email Activity → Collect Evidence → Assess Risk → Determine Containment,Continue Monitoring,BLOCKED - Missing Evidence,Benign Activity
CASE-0405,Suspicious Login,1,1,0,0,Bangalore,1,0,0,0,0,1,25,LOW,Validate Alert → Check Authentication History → Review Endpoint Activity → Collect Evidence → Assess Risk → Determine Containment,Continue Monitoring,MANUAL REVIEW - Conflicting Evidence,Benign Activity
CASE-0406,Cloud Account Anomaly,0,0,0,0,Unknown,0,1,0,1,1,1,10,LOW,Validate Alert → Check Authentication History → Review Email Activity → Collect Evidence → Assess Risk → Determine Containment,Continue Monitoring,BLOCKED - Missing Evidence,Benign Activity
CASE-0407,Cloud Account Anomaly,2,0,0,0,Mumbai,1,1,0,1,0,0,30,MEDIUM,Validate Alert → Check Authentication History → Review Endpoint Activity → Review Email Activity → Collect Evidence → Assess Risk → Determine Containment,Escalate for Review,Normal Investigation,Benign Activity
CASE-0408,Cloud Account Anomaly,2,1,1,0,Chennai,0,1,1,1,1,0,45,MEDIUM,Validate Alert → Check Authentication History → Investigate IP and Location → Review Email Activity → Review Cloud Activity → Collect Evidence → Assess Risk → Determine Containment,Escalate for Review,BLOCKED - Missing Evidence,Benign Activity
CASE-0409,Suspicious Login,3,1,0,0,Unknown,1,0,1,0,0,0,35,MEDIUM,Validate Alert → Check Authentication History → Review Endpoint Activity → Review Cloud Activity → Collect Evidence → Assess Risk → Determine Containment,Escalate for Review,Normal Investigation,Needs Further Investigation
CASE-0410,Phishing Email,2,0,0,0,Hyderabad,1,1,0,0,0,0,25,LOW,Validate Alert → Check Authentication History → Review Endpoint Activity → Review Email Activity → Collect Evidence → Assess Risk → Determine Containment,Continue Monitoring,Normal Investigation,Benign Activity
CASE-0411,Endpoint Malware,0,0,1,1,Delhi,0,1,0,0,0,0,40,MEDIUM,Validate Alert → Check Authentication History → Investigate IP and Location → Review Email Activity → Collect Evidence → Assess Risk → Determine Containment,Escalate for Review,Normal Investigation,Needs Further Investigation
CASE-0412,Suspicious Login,2,1,0,1,Bangalore,0,0,1,1,1,0,35,MEDIUM,Validate Alert → Check Authentication History → Investigate IP and Location → Review Cloud Activity → Collect Evidence → Assess Risk → Determine Containment,Escalate for Review,BLOCKED - Missing Evidence,Needs Further Investigation
CASE-0413,Suspicious Login,2,1,0,1,Unknown,0,1,0,1,0,0,40,MEDIUM,Validate Alert → Check Authentication History → Investigate IP and Location → Review Email Activity → Collect Evidence → Assess Risk → Determine Containment,Escalate for Review,Normal Investigation,Needs Further Investigation
CASE-0414,Cloud Account Anomaly,3,1,0,0,Delhi,1,1,1,0,0,0,45,MEDIUM,Validate Alert → Check Authentication History → Review Endpoint Activity → Review Email Activity → Review Cloud Activity → Collect Evidence → Assess Risk → Determine Containment,Escalate for Review,Normal Investigation,Needs Further Investigation
CASE-0415,Suspicious Login,2,1,1,0,Delhi,1,1,0,0,1,1,45,MEDIUM,Validate Alert → Check Authentication History → Investigate IP and Location → Review Endpoint Activity → Review Email Activity → Collect Evidence → Assess Risk → Determine Containment,Escalate for Review,BLOCKED - Missing Evidence,Needs Further Investigation
CASE-0416,Cloud Account Anomaly,2,0,0,0,Unknown,0,1,1,1,0,0,25,LOW,Validate Alert → Check Authentication History → Review Email Activity → Review Cloud Activity → Collect Evidence → Assess Risk → Determine Containment,Continue Monitoring,Normal Investigation,Benign Activity
CASE-0417,Cloud Account Anomaly,0,1,1,1,Hyderabad,0,1,1,0,0,0,60,HIGH,Validate Alert → Check Authentication History → Investigate IP and Location → Review Email Activity → Review Cloud Activity → Collect Evidence → Assess Risk → Determine Containment,Disable Account,Normal Investigation,Escalated Incident
CASE-0418,Endpoint Malware,3,1,0,0,Chennai,0,1,0,0,0,1,20,LOW,Validate Alert → Check Authentication History → Review Email Activity → Collect Evidence → Assess Risk → Determine Containment,Continue Monitoring,MANUAL REVIEW - Conflicting Evidence,Benign Activity
CASE-0419,Endpoint Malware,3,0,1,0,Bangalore,1,0,1,1,1,0,40,MEDIUM,Validate Alert → Check Authentication History → Investigate IP and Location → Review Endpoint Activity → Review Cloud Activity → Collect Evidence → Assess Risk → Determine Containment,Escalate for Review,BLOCKED - Missing Evidence,Benign Activity
CASE-0420,Endpoint Malware,4,0,1,1,Mumbai,0,0,1,0,0,0,40,MEDIUM,Validate Alert → Check Authentication History → Investigate IP and Location → Review Cloud Activity → Collect Evidence → Assess Risk → Determine Containment,Escalate for Review,Normal Investigation,Needs Further Investigation
CASE-0421,Endpoint Malware,0,1,0,1,Mumbai,0,0,1,1,0,0,40,MEDIUM,Validate Alert → Check Authentication History → Investigate IP and Location → Review Cloud Activity → Collect Evidence → Assess Risk → Determine Containment,Escalate for Review,Normal Investigation,Needs Further Investigation
CASE-0422,Cloud Account Anomaly,4,0,1,0,Hyderabad,1,1,0,0,0,1,40,MEDIUM,Validate Alert → Check Authentication History → Investigate IP and Location → Review Endpoint Activity → Review Email Activity → Collect Evidence → Assess Risk → Determine Containment,Escalate for Review,MANUAL REVIEW - Conflicting Evidence,Benign Activity
CASE-0423,Suspicious Login,0,0,0,1,Mumbai,1,1,1,0,0,0,50,MEDIUM,Validate Alert → Check Authentication History → Investigate IP and Location → Review Endpoint Activity → Review Email Activity → Review Cloud Activity → Collect Evidence → Assess Risk → Determine Containment,Escalate for Review,Normal Investigation,Benign Activity
CASE-0424,Phishing Email,2,0,1,0,Delhi,1,1,0,1,0,0,45,MEDIUM,Validate Alert → Check Authentication History → Investigate IP and Location → Review Endpoint Activity → Review Email Activity → Collect Evidence → Assess Risk → Determine Containment,Escalate for Review,Normal Investigation,Benign Activity
CASE-0425,Endpoint Malware,1,0,1,0,Delhi,1,0,0,1,0,1,35,MEDIUM,Validate Alert → Check Authentication History → Investigate IP and Location → Review Endpoint Activity → Collect Evidence → Assess Risk → Determine Containment,Escalate for Review,MANUAL REVIEW - Conflicting Evidence,Benign Activity
CASE-0426,Endpoint Malware,2,0,0,0,Hyderabad,0,1,0,1,0,1,15,LOW,Validate Alert → Check Authentication History → Review Email Activity → Collect Evidence → Assess Risk → Determine Containment,Continue Monitoring,MANUAL REVIEW - Conflicting Evidence,Benign Activity
CASE-0427,Endpoint Malware,2,1,0,0,Delhi,0,1,0,0,0,0,20,LOW,Validate Alert → Check Authentication History → Review Email Activity → Collect Evidence → Assess Risk → Determine Containment,Continue Monitoring,Normal Investigation,Benign Activity
CASE-0428,Phishing Email,0,1,1,0,Hyderabad,0,0,0,0,0,1,25,LOW,Validate Alert → Check Authentication History → Investigate IP and Location → Collect Evidence → Assess Risk → Determine Containment,Continue Monitoring,MANUAL REVIEW - Conflicting Evidence,Benign Activity
CASE-0429,Phishing Email,2,0,0,0,Hyderabad,0,1,0,1,0,1,15,LOW,Validate Alert → Check Authentication History → Review Email Activity → Collect Evidence → Assess Risk → Determine Containment,Continue Monitoring,MANUAL REVIEW - Conflicting Evidence,Benign Activity
CASE-0430,Cloud Account Anomaly,4,1,0,1,Delhi,1,1,0,0,0,0,50,MEDIUM,Validate Alert → Check Authentication History → Investigate IP and Location → Review Endpoint Activity → Review Email Activity → Collect Evidence → Assess Risk → Determine Containment,Escalate for Review,Normal Investigation,Needs Further Investigation
CASE-0431,Suspicious Login,1,1,1,0,Delhi,0,0,0,0,1,1,20,LOW,Validate Alert → Check Authentication History → Investigate IP and Location → Collect Evidence → Assess Risk → Determine Containment,Continue Monitoring,BLOCKED - Missing Evidence,Benign Activity
CASE-0432,Phishing Email,2,1,0,1,Hyderabad,1,0,1,1,1,1,50,MEDIUM,Validate Alert → Check Authentication History → Investigate IP and Location → Review Endpoint Activity → Review Cloud Activity → Collect Evidence → Assess Risk → Determine Containment,Escalate for Review,BLOCKED - Missing Evidence,Needs Further Investigation
CASE-0433,Suspicious Login,3,1,1,0,Delhi,0,1,0,1,0,0,40,MEDIUM,Validate Alert → Check Authentication History → Investigate IP and Location → Review Email Activity → Collect Evidence → Assess Risk → Determine Containment,Escalate for Review,Normal Investigation,Benign Activity
CASE-0434,Cloud Account Anomaly,0,1,1,1,Chennai,0,1,1,0,0,0,60,HIGH,Validate Alert → Check Authentication History → Investigate IP and Location → Review Email Activity → Review Cloud Activity → Collect Evidence → Assess Risk → Determine Containment,Escalate to Senior Analyst,Normal Investigation,Escalated Incident
CASE-0435,Suspicious Login,2,0,0,1,Delhi,1,1,1,0,0,0,50,MEDIUM,Validate Alert → Check Authentication History → Investigate IP and Location → Review Endpoint Activity → Review Email Activity → Review Cloud Activity → Collect Evidence → Assess Risk → Determine Containment,Escalate for Review,Normal Investigation,Needs Further Investigation
CASE-0436,Suspicious Login,1,1,1,0,Unknown,0,0,0,1,0,0,30,MEDIUM,Validate Alert → Check Authentication History → Investigate IP and Location → Collect Evidence → Assess Risk → Determine Containment,Escalate for Review,Normal Investigation,Benign Activity
CASE-0437,Endpoint Malware,0,1,1,0,Delhi,0,1,0,0,0,0,35,MEDIUM,Validate Alert → Check Authentication History → Investigate IP and Location → Review Email Activity → Collect Evidence → Assess Risk → Determine Containment,Escalate for Review,Normal Investigation,Needs Further Investigation
CASE-0438,Phishing Email,1,1,1,1,Chennai,0,0,0,0,0,1,40,MEDIUM,Validate Alert → Check Authentication History → Investigate IP and Location → Collect Evidence → Assess Risk → Determine Containment,Escalate for Review,MANUAL REVIEW - Conflicting Evidence,Benign Activity
CASE-0439,Cloud Account Anomaly,3,1,1,0,Chennai,1,0,0,1,1,0,40,MEDIUM,Validate Alert → Check Authentication History → Investigate IP and Location → Review Endpoint Activity → Collect Evidence → Assess Risk → Determine Containment,Escalate for Review,BLOCKED - Missing Evidence,Benign Activity
CASE-0440,Suspicious Login,1,0,1,0,Bangalore,0,0,0,0,0,0,15,LOW,Validate Alert → Check Authentication History → Investigate IP and Location → Collect Evidence → Assess Risk → Determine Containment,Continue Monitoring,Normal Investigation,Benign Activity
CASE-0441,Suspicious Login,2,1,1,0,Hyderabad,0,0,1,0,0,1,35,MEDIUM,Validate Alert → Check Authentication History → Investigate IP and Location → Review Cloud Activity → Collect Evidence → Assess Risk → Determine Containment,Escalate for Review,MANUAL REVIEW - Conflicting Evidence,Benign Activity
CASE-0442,Endpoint Malware,1,1,1,0,Hyderabad,0,1,1,1,1,0,45,MEDIUM,Validate Alert → Check Authentication History → Investigate IP and Location → Review Email Activity → Review Cloud Activity → Collect Evidence → Assess Risk → Determine Containment,Escalate for Review,BLOCKED - Missing Evidence,Benign Activity
CASE-0443,Suspicious Login,5,1,1,0,Chennai,0,1,1,1,0,1,70,HIGH,Validate Alert → Check Authentication History → Investigate IP and Location → Review Email Activity → Review Cloud Activity → Collect Evidence → Assess Risk → Determine Containment,Isolate Endpoint,MANUAL REVIEW - Conflicting Evidence,Confirmed Incident
CASE-0444,Suspicious Login,1,1,1,1,Delhi,1,1,1,0,1,1,70,HIGH,Validate Alert → Check Authentication History → Investigate IP and Location → Review Endpoint Activity → Review Email Activity → Review Cloud Activity → Collect Evidence → Assess Risk → Determine Containment,Escalate to Senior Analyst,BLOCKED - Missing Evidence,Escalated Incident
CASE-0445,Endpoint Malware,4,0,1,0,Bangalore,0,0,0,1,0,1,20,LOW,Validate Alert → Check Authentication History → Investigate IP and Location → Collect Evidence → Assess Risk → Determine Containment,Continue Monitoring,MANUAL REVIEW - Conflicting Evidence,Benign Activity
CASE-0446,Cloud Account Anomaly,2,1,0,1,Mumbai,1,0,0,0,0,0,40,MEDIUM,Validate Alert → Check Authentication History → Investigate IP and Location → Review Endpoint Activity → Collect Evidence → Assess Risk → Determine Containment,Escalate for Review,Normal Investigation,Needs Further Investigation
CASE-0447,Phishing Email,0,1,0,0,Mumbai,1,1,1,0,0,0,45,MEDIUM,Validate Alert → Check Authentication History → Review Endpoint Activity → Review Email Activity → Review Cloud Activity → Collect Evidence → Assess Risk → Determine Containment,Escalate for Review,Normal Investigation,Benign Activity
CASE-0448,Cloud Account Anomaly,1,1,0,0,Hyderabad,1,0,1,1,1,0,35,MEDIUM,Validate Alert → Check Authentication History → Review Endpoint Activity → Review Cloud Activity → Collect Evidence → Assess Risk → Determine Containment,Escalate for Review,BLOCKED - Missing Evidence,Needs Further Investigation
CASE-0449,Phishing Email,3,1,0,0,Delhi,1,1,0,0,0,0,35,MEDIUM,Validate Alert → Check Authentication History → Review Endpoint Activity → Review Email Activity → Collect Evidence → Assess Risk → Determine Containment,Escalate for Review,Normal Investigation,Benign Activity
CASE-0450,Endpoint Malware,2,1,0,0,Bangalore,1,1,0,1,1,0,35,MEDIUM,Validate Alert → Check Authentication History → Review Endpoint Activity → Review Email Activity → Collect Evidence → Assess Risk → Determine Containment,Escalate for Review,BLOCKED - Missing Evidence,Benign Activity
CASE-0451,Phishing Email,3,1,1,0,Delhi,1,0,0,1,0,0,45,MEDIUM,Validate Alert → Check Authentication History → Investigate IP and Location → Review Endpoint Activity → Collect Evidence → Assess Risk → Determine Containment,Escalate for Review,Normal Investigation,Needs Further Investigation
CASE-0452,Suspicious Login,3,1,0,0,Bangalore,1,1,1,1,0,0,50,MEDIUM,Validate Alert → Check Authentication History → Review Endpoint Activity → Review Email Activity → Review Cloud Activity → Collect Evidence → Assess Risk → Determine Containment,Escalate for Review,Normal Investigation,Needs Further Investigation
CASE-0453,Suspicious Login,1,1,1,0,Chennai,0,1,0,0,0,0,35,MEDIUM,Validate Alert → Check Authentication History → Investigate IP and Location → Review Email Activity → Collect Evidence → Assess Risk → Determine Containment,Escalate for Review,Normal Investigation,Needs Further Investigation
CASE-0454,Phishing Email,0,0,1,0,Delhi,1,0,0,1,0,1,35,MEDIUM,Validate Alert → Check Authentication History → Investigate IP and Location → Review Endpoint Activity → Collect Evidence → Assess Risk → Determine Containment,Escalate for Review,MANUAL REVIEW - Conflicting Evidence,Benign Activity
CASE-0455,Suspicious Login,1,1,0,0,Mumbai,1,0,0,0,0,1,25,LOW,Validate Alert → Check Authentication History → Review Endpoint Activity → Collect Evidence → Assess Risk → Determine Containment,Continue Monitoring,MANUAL REVIEW - Conflicting Evidence,Benign Activity
CASE-0456,Phishing Email,4,1,0,1,Chennai,0,0,0,1,0,1,30,MEDIUM,Validate Alert → Check Authentication History → Investigate IP and Location → Collect Evidence → Assess Risk → Determine Containment,Escalate for Review,MANUAL REVIEW - Conflicting Evidence,Benign Activity
CASE-0457,Endpoint Malware,2,0,1,0,Bangalore,0,1,0,0,1,0,20,LOW,Validate Alert → Check Authentication History → Investigate IP and Location → Review Email Activity → Collect Evidence → Assess Risk → Determine Containment,Continue Monitoring,BLOCKED - Missing Evidence,Benign Activity
CASE-0458,Cloud Account Anomaly,4,1,1,1,Chennai,0,0,1,0,0,1,50,MEDIUM,Validate Alert → Check Authentication History → Investigate IP and Location → Review Cloud Activity → Collect Evidence → Assess Risk → Determine Containment,Escalate for Review,MANUAL REVIEW - Conflicting Evidence,Benign Activity
CASE-0459,Cloud Account Anomaly,3,1,1,1,Unknown,0,0,0,1,0,0,45,MEDIUM,Validate Alert → Check Authentication History → Investigate IP and Location → Collect Evidence → Assess Risk → Determine Containment,Escalate for Review,Normal Investigation,Needs Further Investigation
CASE-0460,Phishing Email,2,1,1,1,Bangalore,0,0,1,0,0,0,50,MEDIUM,Validate Alert → Check Authentication History → Investigate IP and Location → Review Cloud Activity → Collect Evidence → Assess Risk → Determine Containment,Escalate for Review,Normal Investigation,Benign Activity
CASE-0461,Phishing Email,3,1,0,0,Delhi,1,0,1,0,0,1,35,MEDIUM,Validate Alert → Check Authentication History → Review Endpoint Activity → Review Cloud Activity → Collect Evidence → Assess Risk → Determine Containment,Escalate for Review,MANUAL REVIEW - Conflicting Evidence,Benign Activity
CASE-0462,Cloud Account Anomaly,2,0,0,0,Delhi,1,1,0,1,0,1,30,MEDIUM,Validate Alert → Check Authentication History → Review Endpoint Activity → Review Email Activity → Collect Evidence → Assess Risk → Determine Containment,Escalate for Review,MANUAL REVIEW - Conflicting Evidence,Benign Activity
CASE-0463,Phishing Email,2,0,0,0,Mumbai,1,0,1,1,0,0,30,MEDIUM,Validate Alert → Check Authentication History → Review Endpoint Activity → Review Cloud Activity → Collect Evidence → Assess Risk → Determine Containment,Escalate for Review,Normal Investigation,Needs Further Investigation
CASE-0464,Cloud Account Anomaly,2,0,0,1,Bangalore,1,1,0,0,0,0,40,MEDIUM,Validate Alert → Check Authentication History → Investigate IP and Location → Review Endpoint Activity → Review Email Activity → Collect Evidence → Assess Risk → Determine Containment,Escalate for Review,Normal Investigation,Needs Further Investigation
CASE-0465,Endpoint Malware,3,1,1,1,Delhi,1,0,0,1,0,1,60,HIGH,Validate Alert → Check Authentication History → Investigate IP and Location → Review Endpoint Activity → Collect Evidence → Assess Risk → Determine Containment,Escalate to Senior Analyst,MANUAL REVIEW - Conflicting Evidence,Escalated Incident
CASE-0466,Phishing Email,1,0,0,1,Chennai,0,1,0,1,0,0,30,MEDIUM,Validate Alert → Check Authentication History → Investigate IP and Location → Review Email Activity → Collect Evidence → Assess Risk → Determine Containment,Escalate for Review,Normal Investigation,Benign Activity
CASE-0467,Phishing Email,2,0,0,1,Unknown,1,1,1,1,1,0,50,MEDIUM,Validate Alert → Check Authentication History → Investigate IP and Location → Review Endpoint Activity → Review Email Activity → Review Cloud Activity → Collect Evidence → Assess Risk → Determine Containment,Escalate for Review,BLOCKED - Missing Evidence,Needs Further Investigation
CASE-0468,Endpoint Malware,3,1,0,0,Bangalore,1,1,1,0,0,1,45,MEDIUM,Validate Alert → Check Authentication History → Review Endpoint Activity → Review Email Activity → Review Cloud Activity → Collect Evidence → Assess Risk → Determine Containment,Escalate for Review,MANUAL REVIEW - Conflicting Evidence,Needs Further Investigation
CASE-0469,Suspicious Login,2,0,0,0,Delhi,1,1,0,0,0,1,25,LOW,Validate Alert → Check Authentication History → Review Endpoint Activity → Review Email Activity → Collect Evidence → Assess Risk → Determine Containment,Continue Monitoring,MANUAL REVIEW - Conflicting Evidence,Benign Activity
CASE-0470,Cloud Account Anomaly,0,1,0,1,Hyderabad,1,1,1,1,0,0,65,HIGH,Validate Alert → Check Authentication History → Investigate IP and Location → Review Endpoint Activity → Review Email Activity → Review Cloud Activity → Collect Evidence → Assess Risk → Determine Containment,Disable Account,Normal Investigation,Confirmed Incident
CASE-0471,Cloud Account Anomaly,1,0,1,1,Unknown,1,0,0,1,0,0,50,MEDIUM,Validate Alert → Check Authentication History → Investigate IP and Location → Review Endpoint Activity → Collect Evidence → Assess Risk → Determine Containment,Escalate for Review,Normal Investigation,Benign Activity
CASE-0472,Suspicious Login,2,0,1,1,Hyderabad,0,0,0,1,0,1,35,MEDIUM,Validate Alert → Check Authentication History → Investigate IP and Location → Collect Evidence → Assess Risk → Determine Containment,Escalate for Review,MANUAL REVIEW - Conflicting Evidence,Benign Activity
CASE-0473,Suspicious Login,2,1,0,1,Chennai,1,1,1,1,0,0,65,HIGH,Validate Alert → Check Authentication History → Investigate IP and Location → Review Endpoint Activity → Review Email Activity → Review Cloud Activity → Collect Evidence → Assess Risk → Determine Containment,Disable Account,Normal Investigation,Confirmed Incident
CASE-0474,Phishing Email,1,1,0,1,Bangalore,0,0,1,0,0,0,35,MEDIUM,Validate Alert → Check Authentication History → Investigate IP and Location → Review Cloud Activity → Collect Evidence → Assess Risk → Determine Containment,Escalate for Review,Normal Investigation,Needs Further Investigation
CASE-0475,Suspicious Login,0,1,1,0,Unknown,1,1,1,0,0,1,60,HIGH,Validate Alert → Check Authentication History → Investigate IP and Location → Review Endpoint Activity → Review Email Activity → Review Cloud Activity → Collect Evidence → Assess Risk → Determine Containment,Isolate Endpoint,MANUAL REVIEW - Conflicting Evidence,Confirmed Incident
CASE-0476,Cloud Account Anomaly,5,1,0,1,Hyderabad,0,1,0,0,0,0,55,MEDIUM,Validate Alert → Check Authentication History → Investigate IP and Location → Review Email Activity → Collect Evidence → Assess Risk → Determine Containment,Escalate for Review,Normal Investigation,Needs Further Investigation
CASE-0477,Endpoint Malware,2,1,1,1,Chennai,0,1,0,0,0,0,50,MEDIUM,Validate Alert → Check Authentication History → Investigate IP and Location → Review Email Activity → Collect Evidence → Assess Risk → Determine Containment,Escalate for Review,Normal Investigation,Benign Activity
CASE-0478,Suspicious Login,1,0,1,1,Delhi,1,1,1,0,1,1,60,HIGH,Validate Alert → Check Authentication History → Investigate IP and Location → Review Endpoint Activity → Review Email Activity → Review Cloud Activity → Collect Evidence → Assess Risk → Determine Containment,Escalate to Senior Analyst,BLOCKED - Missing Evidence,Escalated Incident
CASE-0479,Phishing Email,2,0,1,0,Delhi,1,1,1,1,0,0,55,MEDIUM,Validate Alert → Check Authentication History → Investigate IP and Location → Review Endpoint Activity → Review Email Activity → Review Cloud Activity → Collect Evidence → Assess Risk → Determine Containment,Escalate for Review,Normal Investigation,Benign Activity
CASE-0480,Phishing Email,0,1,1,1,Hyderabad,0,1,1,1,0,1,65,HIGH,Validate Alert → Check Authentication History → Investigate IP and Location → Review Email Activity → Review Cloud Activity → Collect Evidence → Assess Risk → Determine Containment,Escalate to Senior Analyst,MANUAL REVIEW - Conflicting Evidence,Confirmed Incident
CASE-0481,Phishing Email,2,0,1,0,Chennai,0,0,0,1,0,1,20,LOW,Validate Alert → Check Authentication History → Investigate IP and Location → Collect Evidence → Assess Risk → Determine Containment,Continue Monitoring,MANUAL REVIEW - Conflicting Evidence,Benign Activity
CASE-0482,Cloud Account Anomaly,1,1,0,1,Hyderabad,1,0,0,0,0,0,40,MEDIUM,Validate Alert → Check Authentication History → Investigate IP and Location → Review Endpoint Activity → Collect Evidence → Assess Risk → Determine Containment,Escalate for Review,Normal Investigation,Needs Further Investigation
CASE-0483,Suspicious Login,3,0,0,0,Delhi,1,0,0,0,0,0,15,LOW,Validate Alert → Check Authentication History → Review Endpoint Activity → Collect Evidence → Assess Risk → Determine Containment,Continue Monitoring,Normal Investigation,Benign Activity
CASE-0484,Suspicious Login,4,1,1,1,Mumbai,1,1,0,0,0,0,65,HIGH,Validate Alert → Check Authentication History → Investigate IP and Location → Review Endpoint Activity → Review Email Activity → Collect Evidence → Assess Risk → Determine Containment,Disable Account,Normal Investigation,Escalated Incident
CASE-0485,Suspicious Login,2,1,1,0,Chennai,1,0,1,0,1,0,45,MEDIUM,Validate Alert → Check Authentication History → Investigate IP and Location → Review Endpoint Activity → Review Cloud Activity → Collect Evidence → Assess Risk → Determine Containment,Escalate for Review,BLOCKED - Missing Evidence,Benign Activity
CASE-0486,Endpoint Malware,0,1,0,0,Delhi,1,1,0,0,0,0,35,MEDIUM,Validate Alert → Check Authentication History → Review Endpoint Activity → Review Email Activity → Collect Evidence → Assess Risk → Determine Containment,Escalate for Review,Normal Investigation,Benign Activity
CASE-0487,Suspicious Login,2,1,0,0,Hyderabad,0,1,1,0,0,0,30,MEDIUM,Validate Alert → Check Authentication History → Review Email Activity → Review Cloud Activity → Collect Evidence → Assess Risk → Determine Containment,Escalate for Review,Normal Investigation,Needs Further Investigation
CASE-0488,Cloud Account Anomaly,2,1,1,1,Mumbai,0,0,0,1,1,0,40,MEDIUM,Validate Alert → Check Authentication History → Investigate IP and Location → Collect Evidence → Assess Risk → Determine Containment,Escalate for Review,BLOCKED - Missing Evidence,Benign Activity
CASE-0489,Phishing Email,3,1,0,0,Bangalore,1,1,0,1,0,1,40,MEDIUM,Validate Alert → Check Authentication History → Review Endpoint Activity → Review Email Activity → Collect Evidence → Assess Risk → Determine Containment,Escalate for Review,MANUAL REVIEW - Conflicting Evidence,Needs Further Investigation
CASE-0490,Suspicious Login,5,1,0,1,Bangalore,1,0,1,1,0,1,75,HIGH,Validate Alert → Check Authentication History → Investigate IP and Location → Review Endpoint Activity → Review Cloud Activity → Collect Evidence → Assess Risk → Determine Containment,Disable Account,MANUAL REVIEW - Conflicting Evidence,Confirmed Incident
CASE-0491,Suspicious Login,2,0,0,0,Delhi,1,1,0,1,1,1,25,LOW,Validate Alert → Check Authentication History → Review Endpoint Activity → Review Email Activity → Collect Evidence → Assess Risk → Determine Containment,Continue Monitoring,BLOCKED - Missing Evidence,Benign Activity
CASE-0492,Suspicious Login,3,0,1,0,Unknown,1,0,1,0,0,1,40,MEDIUM,Validate Alert → Check Authentication History → Investigate IP and Location → Review Endpoint Activity → Review Cloud Activity → Collect Evidence → Assess Risk → Determine Containment,Escalate for Review,MANUAL REVIEW - Conflicting Evidence,Benign Activity
CASE-0493,Endpoint Malware,3,0,0,0,Unknown,0,1,0,1,0,0,15,LOW,Validate Alert → Check Authentication History → Review Email Activity → Collect Evidence → Assess Risk → Determine Containment,Continue Monitoring,Normal Investigation,Benign Activity
CASE-0494,Endpoint Malware,2,0,0,0,Chennai,1,0,1,0,0,0,25,LOW,Validate Alert → Check Authentication History → Review Endpoint Activity → Review Cloud Activity → Collect Evidence → Assess Risk → Determine Containment,Continue Monitoring,Normal Investigation,Benign Activity
CASE-0495,Cloud Account Anomaly,5,0,0,0,Mumbai,1,1,1,1,0,1,60,HIGH,Validate Alert → Check Authentication History → Review Endpoint Activity → Review Email Activity → Review Cloud Activity → Collect Evidence → Assess Risk → Determine Containment,Escalate to Senior Analyst,MANUAL REVIEW - Conflicting Evidence,Confirmed Incident
CASE-0496,Endpoint Malware,2,0,0,1,Unknown,0,0,1,0,1,0,20,LOW,Validate Alert → Check Authentication History → Investigate IP and Location → Review Cloud Activity → Collect Evidence → Assess Risk → Determine Containment,Continue Monitoring,BLOCKED - Missing Evidence,Benign Activity
CASE-0497,Phishing Email,5,0,1,0,Chennai,0,0,0,1,0,0,40,MEDIUM,Validate Alert → Check Authentication History → Investigate IP and Location → Collect Evidence → Assess Risk → Determine Containment,Escalate for Review,Normal Investigation,Benign Activity
CASE-0498,Suspicious Login,0,0,0,0,Hyderabad,1,1,1,0,0,0,35,MEDIUM,Validate Alert → Check Authentication History → Review Endpoint Activity → Review Email Activity → Review Cloud Activity → Collect Evidence → Assess Risk → Determine Containment,Escalate for Review,Normal Investigation,Benign Activity
CASE-0499,Cloud Account Anomaly,1,1,0,0,Delhi,0,0,1,0,0,0,20,LOW,Validate Alert → Check Authentication History → Review Cloud Activity → Collect Evidence → Assess Risk → Determine Containment,Continue Monitoring,Normal Investigation,Benign Activity
CASE-0500,Suspicious Login,1,0,0,0,Chennai,0,1,0,1,0,0,15,LOW,Validate Alert → Check Authentication History → Review Email Activity → Collect Evidence → Assess Risk → Determine Containment,Continue Monitoring,Normal Investigation,Benign Activity
CASE-0501,Endpoint Malware,2,0,0,1,Mumbai,1,0,0,0,0,1,30,MEDIUM,Validate Alert → Check Authentication History → Investigate IP and Location → Review Endpoint Activity → Collect Evidence → Assess Risk → Determine Containment,Escalate for Review,MANUAL REVIEW - Conflicting Evidence,Benign Activity
CASE-0502,Endpoint Malware,1,1,1,1,Delhi,1,0,0,0,0,0,55,MEDIUM,Validate Alert → Check Authentication History → Investigate IP and Location → Review Endpoint Activity → Collect Evidence → Assess Risk → Determine Containment,Escalate for Review,Normal Investigation,Needs Further Investigation
CASE-0503,Suspicious Login,1,0,0,1,Bangalore,1,1,0,1,0,0,45,MEDIUM,Validate Alert → Check Authentication History → Investigate IP and Location → Review Endpoint Activity → Review Email Activity → Collect Evidence → Assess Risk → Determine Containment,Escalate for Review,Normal Investigation,Benign Activity
CASE-0504,Suspicious Login,0,0,1,0,Bangalore,1,0,0,1,1,0,30,MEDIUM,Validate Alert → Check Authentication History → Investigate IP and Location → Review Endpoint Activity → Collect Evidence → Assess Risk → Determine Containment,Escalate for Review,BLOCKED - Missing Evidence,Benign Activity
CASE-0505,Endpoint Malware,3,1,0,1,Mumbai,1,0,1,0,0,0,50,MEDIUM,Validate Alert → Check Authentication History → Investigate IP and Location → Review Endpoint Activity → Review Cloud Activity → Collect Evidence → Assess Risk → Determine Containment,Escalate for Review,Normal Investigation,Needs Further Investigation
CASE-0506,Endpoint Malware,3,0,0,1,Mumbai,0,0,1,1,1,0,25,LOW,Validate Alert → Check Authentication History → Investigate IP and Location → Review Cloud Activity → Collect Evidence → Assess Risk → Determine Containment,Continue Monitoring,BLOCKED - Missing Evidence,Benign Activity
CASE-0507,Endpoint Malware,0,1,0,0,Delhi,0,0,1,1,0,1,25,LOW,Validate Alert → Check Authentication History → Review Cloud Activity → Collect Evidence → Assess Risk → Determine Containment,Continue Monitoring,MANUAL REVIEW - Conflicting Evidence,Benign Activity
CASE-0508,Cloud Account Anomaly,1,1,0,1,Hyderabad,0,0,1,1,0,1,40,MEDIUM,Validate Alert → Check Authentication History → Investigate IP and Location → Review Cloud Activity → Collect Evidence → Assess Risk → Determine Containment,Escalate for Review,MANUAL REVIEW - Conflicting Evidence,Needs Further Investigation
CASE-0509,Suspicious Login,2,1,0,0,Delhi,1,0,1,1,1,1,35,MEDIUM,Validate Alert → Check Authentication History → Review Endpoint Activity → Review Cloud Activity → Collect Evidence → Assess Risk → Determine Containment,Escalate for Review,BLOCKED - Missing Evidence,Needs Further Investigation
CASE-0510,Cloud Account Anomaly,5,0,0,0,Chennai,1,0,0,1,0,0,40,MEDIUM,Validate Alert → Check Authentication History → Review Endpoint Activity → Collect Evidence → Assess Risk → Determine Containment,Escalate for Review,Normal Investigation,Needs Further Investigation
CASE-0511,Cloud Account Anomaly,1,1,0,1,Unknown,0,1,1,0,1,0,40,MEDIUM,Validate Alert → Check Authentication History → Investigate IP and Location → Review Email Activity → Review Cloud Activity → Collect Evidence → Assess Risk → Determine Containment,Escalate for Review,BLOCKED - Missing Evidence,Benign Activity
CASE-0512,Cloud Account Anomaly,3,0,0,1,Unknown,1,0,1,1,0,1,45,MEDIUM,Validate Alert → Check Authentication History → Investigate IP and Location → Review Endpoint Activity → Review Cloud Activity → Collect Evidence → Assess Risk → Determine Containment,Escalate for Review,MANUAL REVIEW - Conflicting Evidence,Needs Further Investigation
CASE-0513,Suspicious Login,0,1,0,1,Mumbai,0,0,1,1,1,1,35,MEDIUM,Validate Alert → Check Authentication History → Investigate IP and Location → Review Cloud Activity → Collect Evidence → Assess Risk → Determine Containment,Escalate for Review,BLOCKED - Missing Evidence,Needs Further Investigation
CASE-0514,Phishing Email,2,0,0,0,Hyderabad,0,1,0,0,1,1,5,LOW,Validate Alert → Check Authentication History → Review Email Activity → Collect Evidence → Assess Risk → Determine Containment,Continue Monitoring,BLOCKED - Missing Evidence,Benign Activity
CASE-0515,Endpoint Malware,1,0,1,1,Delhi,1,1,1,0,0,0,65,HIGH,Validate Alert → Check Authentication History → Investigate IP and Location → Review Endpoint Activity → Review Email Activity → Review Cloud Activity → Collect Evidence → Assess Risk → Determine Containment,Disable Account,Normal Investigation,Escalated Incident
CASE-0516,Suspicious Login,1,1,1,1,Mumbai,1,0,0,1,0,0,60,HIGH,Validate Alert → Check Authentication History → Investigate IP and Location → Review Endpoint Activity → Collect Evidence → Assess Risk → Determine Containment,Disable Account,Normal Investigation,Confirmed Incident
CASE-0517,Suspicious Login,2,0,0,1,Unknown,0,0,1,0,0,1,25,LOW,Validate Alert → Check Authentication History → Investigate IP and Location → Review Cloud Activity → Collect Evidence → Assess Risk → Determine Containment,Continue Monitoring,MANUAL REVIEW - Conflicting Evidence,Benign Activity
CASE-0518,Suspicious Login,2,1,1,0,Chennai,1,1,1,1,0,0,65,HIGH,Validate Alert → Check Authentication History → Investigate IP and Location → Review Endpoint Activity → Review Email Activity → Review Cloud Activity → Collect Evidence → Assess Risk → Determine Containment,Isolate Endpoint,Normal Investigation,Confirmed Incident
CASE-0519,Endpoint Malware,1,1,1,1,Bangalore,1,1,1,1,0,1,80,HIGH,Validate Alert → Check Authentication History → Investigate IP and Location → Review Endpoint Activity → Review Email Activity → Review Cloud Activity → Collect Evidence → Assess Risk → Determine Containment,Isolate Endpoint,MANUAL REVIEW - Conflicting Evidence,Escalated Incident
CASE-0520,Phishing Email,1,0,1,1,Hyderabad,1,0,0,1,0,0,50,MEDIUM,Validate Alert → Check Authentication History → Investigate IP and Location → Review Endpoint Activity → Collect Evidence → Assess Risk → Determine Containment,Escalate for Review,Normal Investigation,Needs Further Investigation
CASE-0521,Endpoint Malware,1,1,0,0,Hyderabad,0,0,0,0,0,0,10,LOW,Validate Alert → Check Authentication History → Collect Evidence → Assess Risk → Determine Containment,Continue Monitoring,Normal Investigation,Benign Activity
CASE-0522,Endpoint Malware,1,1,1,1,Delhi,0,0,0,1,0,0,45,MEDIUM,Validate Alert → Check Authentication History → Investigate IP and Location → Collect Evidence → Assess Risk → Determine Containment,Escalate for Review,Normal Investigation,Benign Activity
CASE-0523,Endpoint Malware,3,1,0,0,Unknown,1,1,0,1,0,0,40,MEDIUM,Validate Alert → Check Authentication History → Review Endpoint Activity → Review Email Activity → Collect Evidence → Assess Risk → Determine Containment,Escalate for Review,Normal Investigation,Needs Further Investigation
CASE-0524,Phishing Email,2,1,1,1,Unknown,0,1,1,0,1,0,55,MEDIUM,Validate Alert → Check Authentication History → Investigate IP and Location → Review Email Activity → Review Cloud Activity → Collect Evidence → Assess Risk → Determine Containment,Escalate for Review,BLOCKED - Missing Evidence,Needs Further Investigation
CASE-0525,Suspicious Login,5,1,0,1,Hyderabad,0,1,1,0,0,0,65,HIGH,Validate Alert → Check Authentication History → Investigate IP and Location → Review Email Activity → Review Cloud Activity → Collect Evidence → Assess Risk → Determine Containment,Escalate to Senior Analyst,Normal Investigation,Confirmed Incident
CASE-0526,Endpoint Malware,1,1,0,0,Mumbai,0,1,0,1,0,0,25,LOW,Validate Alert → Check Authentication History → Review Email Activity → Collect Evidence → Assess Risk → Determine Containment,Continue Monitoring,Normal Investigation,Benign Activity
CASE-0527,Suspicious Login,3,1,1,0,Mumbai,1,1,1,1,0,0,65,HIGH,Validate Alert → Check Authentication History → Investigate IP and Location → Review Endpoint Activity → Review Email Activity → Review Cloud Activity → Collect Evidence → Assess Risk → Determine Containment,Disable Account,Normal Investigation,Escalated Incident
CASE-0528,Cloud Account Anomaly,2,0,0,1,Bangalore,1,1,1,0,1,1,45,MEDIUM,Validate Alert → Check Authentication History → Investigate IP and Location → Review Endpoint Activity → Review Email Activity → Review Cloud Activity → Collect Evidence → Assess Risk → Determine Containment,Escalate for Review,BLOCKED - Missing Evidence,Benign Activity
CASE-0529,Suspicious Login,3,0,0,1,Unknown,1,1,0,1,0,0,45,MEDIUM,Validate Alert → Check Authentication History → Investigate IP and Location → Review Endpoint Activity → Review Email Activity → Collect Evidence → Assess Risk → Determine Containment,Escalate for Review,Normal Investigation,Benign Activity
CASE-0530,Phishing Email,3,1,0,1,Chennai,0,0,0,1,0,1,30,MEDIUM,Validate Alert → Check Authentication History → Investigate IP and Location → Collect Evidence → Assess Risk → Determine Containment,Escalate for Review,MANUAL REVIEW - Conflicting Evidence,Benign Activity
CASE-0531,Phishing Email,3,1,1,1,Chennai,0,0,0,0,0,0,40,MEDIUM,Validate Alert → Check Authentication History → Investigate IP and Location → Collect Evidence → Assess Risk → Determine Containment,Escalate for Review,Normal Investigation,Benign Activity
CASE-0532,Phishing Email,0,1,0,1,Hyderabad,0,0,0,1,1,0,25,LOW,Validate Alert → Check Authentication History → Investigate IP and Location → Collect Evidence → Assess Risk → Determine Containment,Continue Monitoring,BLOCKED - Missing Evidence,Benign Activity
CASE-0533,Phishing Email,3,1,1,1,Bangalore,1,0,1,0,0,0,65,HIGH,Validate Alert → Check Authentication History → Investigate IP and Location → Review Endpoint Activity → Review Cloud Activity → Collect Evidence → Assess Risk → Determine Containment,Escalate to Senior Analyst,Normal Investigation,Confirmed Incident
CASE-0534,Phishing Email,2,1,0,1,Chennai,0,0,1,1,1,1,35,MEDIUM,Validate Alert → Check Authentication History → Investigate IP and Location → Review Cloud Activity → Collect Evidence → Assess Risk → Determine Containment,Escalate for Review,BLOCKED - Missing Evidence,Benign Activity
CASE-0535,Phishing Email,1,1,0,0,Mumbai,0,0,0,1,0,1,15,LOW,Validate Alert → Check Authentication History → Collect Evidence → Assess Risk → Determine Containment,Continue Monitoring,MANUAL REVIEW - Conflicting Evidence,Benign Activity
CASE-0536,Phishing Email,2,1,0,1,Mumbai,0,0,0,1,0,0,30,MEDIUM,Validate Alert → Check Authentication History → Investigate IP and Location → Collect Evidence → Assess Risk → Determine Containment,Escalate for Review,Normal Investigation,Benign Activity
CASE-0537,Endpoint Malware,3,0,0,0,Chennai,0,0,0,1,1,0,0,LOW,Validate Alert → Check Authentication History → Collect Evidence → Assess Risk → Determine Containment,Continue Monitoring,BLOCKED - Missing Evidence,Benign Activity
CASE-0538,Endpoint Malware,0,0,1,1,Chennai,1,1,0,1,0,0,60,HIGH,Validate Alert → Check Authentication History → Investigate IP and Location → Review Endpoint Activity → Review Email Activity → Collect Evidence → Assess Risk → Determine Containment,Escalate to Senior Analyst,Normal Investigation,Escalated Incident
CASE-0539,Suspicious Login,2,0,0,0,Delhi,0,1,0,0,0,0,10,LOW,Validate Alert → Check Authentication History → Review Email Activity → Collect Evidence → Assess Risk → Determine Containment,Continue Monitoring,Normal Investigation,Benign Activity
CASE-0540,Suspicious Login,0,0,0,1,Delhi,1,0,0,0,0,1,30,MEDIUM,Validate Alert → Check Authentication History → Investigate IP and Location → Review Endpoint Activity → Collect Evidence → Assess Risk → Determine Containment,Escalate for Review,MANUAL REVIEW - Conflicting Evidence,Needs Further Investigation
CASE-0541,Suspicious Login,0,1,0,0,Bangalore,1,0,0,0,0,1,25,LOW,Validate Alert → Check Authentication History → Review Endpoint Activity → Collect Evidence → Assess Risk → Determine Containment,Continue Monitoring,MANUAL REVIEW - Conflicting Evidence,Benign Activity
CASE-0542,Endpoint Malware,2,1,0,0,Hyderabad,0,1,1,1,0,1,35,MEDIUM,Validate Alert → Check Authentication History → Review Email Activity → Review Cloud Activity → Collect Evidence → Assess Risk → Determine Containment,Escalate for Review,MANUAL REVIEW - Conflicting Evidence,Needs Further Investigation
CASE-0543,Suspicious Login,1,0,0,0,Hyderabad,0,1,0,0,0,0,10,LOW,Validate Alert → Check Authentication History → Review Email Activity → Collect Evidence → Assess Risk → Determine Containment,Continue Monitoring,Normal Investigation,Benign Activity
CASE-0544,Cloud Account Anomaly,0,1,0,1,Delhi,0,0,1,1,1,0,35,MEDIUM,Validate Alert → Check Authentication History → Investigate IP and Location → Review Cloud Activity → Collect Evidence → Assess Risk → Determine Containment,Escalate for Review,BLOCKED - Missing Evidence,Needs Further Investigation
CASE-0545,Suspicious Login,1,1,0,1,Chennai,0,0,1,1,0,1,40,MEDIUM,Validate Alert → Check Authentication History → Investigate IP and Location → Review Cloud Activity → Collect Evidence → Assess Risk → Determine Containment,Escalate for Review,MANUAL REVIEW - Conflicting Evidence,Needs Further Investigation
CASE-0546,Phishing Email,2,1,0,1,Delhi,1,1,1,1,0,1,65,HIGH,Validate Alert → Check Authentication History → Investigate IP and Location → Review Endpoint Activity → Review Email Activity → Review Cloud Activity → Collect Evidence → Assess Risk → Determine Containment,Disable Account,MANUAL REVIEW - Conflicting Evidence,Escalated Incident
CASE-0547,Endpoint Malware,3,0,1,1,Chennai,0,0,1,0,1,0,35,MEDIUM,Validate Alert → Check Authentication History → Investigate IP and Location → Review Cloud Activity → Collect Evidence → Assess Risk → Determine Containment,Escalate for Review,BLOCKED - Missing Evidence,Needs Further Investigation
CASE-0548,Endpoint Malware,4,1,1,0,Chennai,0,0,1,0,0,0,35,MEDIUM,Validate Alert → Check Authentication History → Investigate IP and Location → Review Cloud Activity → Collect Evidence → Assess Risk → Determine Containment,Escalate for Review,Normal Investigation,Benign Activity
CASE-0549,Endpoint Malware,2,1,1,1,Bangalore,1,1,1,1,1,0,75,HIGH,Validate Alert → Check Authentication History → Investigate IP and Location → Review Endpoint Activity → Review Email Activity → Review Cloud Activity → Collect Evidence → Assess Risk → Determine Containment,Escalate to Senior Analyst,BLOCKED - Missing Evidence,Escalated Incident
CASE-0550,Cloud Account Anomaly,2,0,0,1,Chennai,1,1,0,0,0,0,40,MEDIUM,Validate Alert → Check Authentication History → Investigate IP and Location → Review Endpoint Activity → Review Email Activity → Collect Evidence → Assess Risk → Determine Containment,Escalate for Review,Normal Investigation,Needs Further Investigation
CASE-0551,Cloud Account Anomaly,2,0,0,1,Delhi,1,0,1,0,0,1,40,MEDIUM,Validate Alert → Check Authentication History → Investigate IP and Location → Review Endpoint Activity → Review Cloud Activity → Collect Evidence → Assess Risk → Determine Containment,Escalate for Review,MANUAL REVIEW - Conflicting Evidence,Benign Activity
CASE-0552,Endpoint Malware,0,1,1,1,Mumbai,1,1,0,0,1,0,60,HIGH,Validate Alert → Check Authentication History → Investigate IP and Location → Review Endpoint Activity → Review Email Activity → Collect Evidence → Assess Risk → Determine Containment,Disable Account,BLOCKED - Missing Evidence,Escalated Incident
CASE-0553,Cloud Account Anomaly,2,1,1,0,Mumbai,0,0,1,0,1,0,30,MEDIUM,Validate Alert → Check Authentication History → Investigate IP and Location → Review Cloud Activity → Collect Evidence → Assess Risk → Determine Containment,Escalate for Review,BLOCKED - Missing Evidence,Needs Further Investigation
CASE-0554,Cloud Account Anomaly,3,1,0,1,Hyderabad,1,1,0,0,1,0,45,MEDIUM,Validate Alert → Check Authentication History → Investigate IP and Location → Review Endpoint Activity → Review Email Activity → Collect Evidence → Assess Risk → Determine Containment,Escalate for Review,BLOCKED - Missing Evidence,Benign Activity
CASE-0555,Cloud Account Anomaly,1,1,1,1,Unknown,0,0,0,0,0,0,40,MEDIUM,Validate Alert → Check Authentication History → Investigate IP and Location → Collect Evidence → Assess Risk → Determine Containment,Escalate for Review,Normal Investigation,Needs Further Investigation
CASE-0556,Phishing Email,6,1,0,1,Bangalore,1,1,1,1,0,1,85,HIGH,Validate Alert → Check Authentication History → Investigate IP and Location → Review Endpoint Activity → Review Email Activity → Review Cloud Activity → Collect Evidence → Assess Risk → Determine Containment,Isolate Endpoint,MANUAL REVIEW - Conflicting Evidence,Confirmed Incident
CASE-0557,Phishing Email,1,0,0,1,Delhi,0,1,0,0,0,0,25,LOW,Validate Alert → Check Authentication History → Investigate IP and Location → Review Email Activity → Collect Evidence → Assess Risk → Determine Containment,Continue Monitoring,Normal Investigation,Benign Activity
CASE-0558,Cloud Account Anomaly,3,1,1,0,Delhi,1,0,1,1,1,0,50,MEDIUM,Validate Alert → Check Authentication History → Investigate IP and Location → Review Endpoint Activity → Review Cloud Activity → Collect Evidence → Assess Risk → Determine Containment,Escalate for Review,BLOCKED - Missing Evidence,Needs Further Investigation
CASE-0559,Suspicious Login,1,0,1,1,Unknown,1,0,1,1,1,0,55,MEDIUM,Validate Alert → Check Authentication History → Investigate IP and Location → Review Endpoint Activity → Review Cloud Activity → Collect Evidence → Assess Risk → Determine Containment,Escalate for Review,BLOCKED - Missing Evidence,Benign Activity
CASE-0560,Suspicious Login,1,0,1,1,Hyderabad,0,1,1,0,0,1,50,MEDIUM,Validate Alert → Check Authentication History → Investigate IP and Location → Review Email Activity → Review Cloud Activity → Collect Evidence → Assess Risk → Determine Containment,Escalate for Review,MANUAL REVIEW - Conflicting Evidence,Needs Further Investigation
CASE-0561,Phishing Email,3,1,0,1,Delhi,1,0,1,0,0,1,50,MEDIUM,Validate Alert → Check Authentication History → Investigate IP and Location → Review Endpoint Activity → Review Cloud Activity → Collect Evidence → Assess Risk → Determine Containment,Escalate for Review,MANUAL REVIEW - Conflicting Evidence,Benign Activity
CASE-0562,Phishing Email,3,0,1,1,Bangalore,1,1,0,0,0,1,55,MEDIUM,Validate Alert → Check Authentication History → Investigate IP and Location → Review Endpoint Activity → Review Email Activity → Collect Evidence → Assess Risk → Determine Containment,Escalate for Review,MANUAL REVIEW - Conflicting Evidence,Benign Activity
CASE-0563,Cloud Account Anomaly,3,1,1,0,Delhi,0,1,1,0,0,0,45,MEDIUM,Validate Alert → Check Authentication History → Investigate IP and Location → Review Email Activity → Review Cloud Activity → Collect Evidence → Assess Risk → Determine Containment,Escalate for Review,Normal Investigation,Benign Activity
CASE-0564,Cloud Account Anomaly,1,1,0,0,Delhi,1,1,1,0,0,1,45,MEDIUM,Validate Alert → Check Authentication History → Review Endpoint Activity → Review Email Activity → Review Cloud Activity → Collect Evidence → Assess Risk → Determine Containment,Escalate for Review,MANUAL REVIEW - Conflicting Evidence,Needs Further Investigation
CASE-0565,Endpoint Malware,6,0,0,0,Delhi,0,0,1,1,1,1,30,MEDIUM,Validate Alert → Check Authentication History → Review Cloud Activity → Collect Evidence → Assess Risk → Determine Containment,Escalate for Review,BLOCKED - Missing Evidence,Benign Activity
CASE-0566,Suspicious Login,0,0,0,1,Unknown,0,0,1,1,0,1,30,MEDIUM,Validate Alert → Check Authentication History → Investigate IP and Location → Review Cloud Activity → Collect Evidence → Assess Risk → Determine Containment,Escalate for Review,MANUAL REVIEW - Conflicting Evidence,Needs Further Investigation
CASE-0567,Cloud Account Anomaly,1,0,0,0,Delhi,1,1,0,1,0,1,30,MEDIUM,Validate Alert → Check Authentication History → Review Endpoint Activity → Review Email Activity → Collect Evidence → Assess Risk → Determine Containment,Escalate for Review,MANUAL REVIEW - Conflicting Evidence,Needs Further Investigation
CASE-0568,Endpoint Malware,4,0,0,0,Mumbai,1,1,0,0,0,0,25,LOW,Validate Alert → Check Authentication History → Review Endpoint Activity → Review Email Activity → Collect Evidence → Assess Risk → Determine Containment,Continue Monitoring,Normal Investigation,Benign Activity
CASE-0569,Cloud Account Anomaly,0,0,1,0,Delhi,0,0,0,0,0,0,15,LOW,Validate Alert → Check Authentication History → Investigate IP and Location → Collect Evidence → Assess Risk → Determine Containment,Continue Monitoring,Normal Investigation,Benign Activity
CASE-0570,Phishing Email,5,0,1,1,Delhi,0,1,1,1,0,0,75,HIGH,Validate Alert → Check Authentication History → Investigate IP and Location → Review Email Activity → Review Cloud Activity → Collect Evidence → Assess Risk → Determine Containment,Isolate Endpoint,Normal Investigation,Escalated Incident
CASE-0571,Phishing Email,2,1,0,0,Unknown,0,0,1,1,0,1,25,LOW,Validate Alert → Check Authentication History → Review Cloud Activity → Collect Evidence → Assess Risk → Determine Containment,Continue Monitoring,MANUAL REVIEW - Conflicting Evidence,Benign Activity
CASE-0572,Phishing Email,1,0,0,1,Mumbai,1,0,1,1,0,0,45,MEDIUM,Validate Alert → Check Authentication History → Investigate IP and Location → Review Endpoint Activity → Review Cloud Activity → Collect Evidence → Assess Risk → Determine Containment,Escalate for Review,Normal Investigation,Needs Further Investigation
CASE-0573,Endpoint Malware,0,0,1,1,Mumbai,1,0,1,0,1,0,50,MEDIUM,Validate Alert → Check Authentication History → Investigate IP and Location → Review Endpoint Activity → Review Cloud Activity → Collect Evidence → Assess Risk → Determine Containment,Escalate for Review,BLOCKED - Missing Evidence,Benign Activity
CASE-0574,Cloud Account Anomaly,0,0,0,1,Chennai,0,1,1,1,1,1,35,MEDIUM,Validate Alert → Check Authentication History → Investigate IP and Location → Review Email Activity → Review Cloud Activity → Collect Evidence → Assess Risk → Determine Containment,Escalate for Review,BLOCKED - Missing Evidence,Needs Further Investigation
CASE-0575,Endpoint Malware,4,1,0,0,Bangalore,1,0,1,1,0,0,40,MEDIUM,Validate Alert → Check Authentication History → Review Endpoint Activity → Review Cloud Activity → Collect Evidence → Assess Risk → Determine Containment,Escalate for Review,Normal Investigation,Needs Further Investigation
CASE-0576,Endpoint Malware,2,1,1,1,Delhi,1,0,1,0,0,0,65,HIGH,Validate Alert → Check Authentication History → Investigate IP and Location → Review Endpoint Activity → Review Cloud Activity → Collect Evidence → Assess Risk → Determine Containment,Isolate Endpoint,Normal Investigation,Confirmed Incident
CASE-0577,Phishing Email,2,0,1,1,Mumbai,0,0,0,0,0,0,30,MEDIUM,Validate Alert → Check Authentication History → Investigate IP and Location → Collect Evidence → Assess Risk → Determine Containment,Escalate for Review,Normal Investigation,Needs Further Investigation
CASE-0578,Endpoint Malware,1,0,1,1,Chennai,1,0,0,1,0,1,50,MEDIUM,Validate Alert → Check Authentication History → Investigate IP and Location → Review Endpoint Activity → Collect Evidence → Assess Risk → Determine Containment,Escalate for Review,MANUAL REVIEW - Conflicting Evidence,Needs Further Investigation
CASE-0579,Cloud Account Anomaly,0,1,1,0,Delhi,0,0,0,1,0,1,30,MEDIUM,Validate Alert → Check Authentication History → Investigate IP and Location → Collect Evidence → Assess Risk → Determine Containment,Escalate for Review,MANUAL REVIEW - Conflicting Evidence,Benign Activity
CASE-0580,Endpoint Malware,2,1,0,0,Mumbai,1,0,1,0,1,0,30,MEDIUM,Validate Alert → Check Authentication History → Review Endpoint Activity → Review Cloud Activity → Collect Evidence → Assess Risk → Determine Containment,Escalate for Review,BLOCKED - Missing Evidence,Needs Further Investigation
CASE-0581,Phishing Email,1,0,1,0,Unknown,1,1,0,0,1,0,35,MEDIUM,Validate Alert → Check Authentication History → Investigate IP and Location → Review Endpoint Activity → Review Email Activity → Collect Evidence → Assess Risk → Determine Containment,Escalate for Review,BLOCKED - Missing Evidence,Benign Activity
CASE-0582,Cloud Account Anomaly,3,0,1,1,Delhi,1,0,0,0,0,0,45,MEDIUM,Validate Alert → Check Authentication History → Investigate IP and Location → Review Endpoint Activity → Collect Evidence → Assess Risk → Determine Containment,Escalate for Review,Normal Investigation,Needs Further Investigation
CASE-0583,Phishing Email,0,0,0,1,Hyderabad,1,1,1,1,0,1,55,MEDIUM,Validate Alert → Check Authentication History → Investigate IP and Location → Review Endpoint Activity → Review Email Activity → Review Cloud Activity → Collect Evidence → Assess Risk → Determine Containment,Escalate for Review,MANUAL REVIEW - Conflicting Evidence,Needs Further Investigation
CASE-0584,Endpoint Malware,1,1,0,1,Bangalore,1,1,0,0,0,1,50,MEDIUM,Validate Alert → Check Authentication History → Investigate IP and Location → Review Endpoint Activity → Review Email Activity → Collect Evidence → Assess Risk → Determine Containment,Escalate for Review,MANUAL REVIEW - Conflicting Evidence,Benign Activity
CASE-0585,Phishing Email,1,0,1,0,Hyderabad,0,1,1,1,1,0,35,MEDIUM,Validate Alert → Check Authentication History → Investigate IP and Location → Review Email Activity → Review Cloud Activity → Collect Evidence → Assess Risk → Determine Containment,Escalate for Review,BLOCKED - Missing Evidence,Benign Activity
CASE-0586,Phishing Email,4,1,1,0,Chennai,1,1,0,1,0,0,55,MEDIUM,Validate Alert → Check Authentication History → Investigate IP and Location → Review Endpoint Activity → Review Email Activity → Collect Evidence → Assess Risk → Determine Containment,Escalate for Review,Normal Investigation,Needs Further Investigation
CASE-0587,Endpoint Malware,3,0,0,1,Delhi,1,0,1,1,0,0,45,MEDIUM,Validate Alert → Check Authentication History → Investigate IP and Location → Review Endpoint Activity → Review Cloud Activity → Collect Evidence → Assess Risk → Determine Containment,Escalate for Review,Normal Investigation,Needs Further Investigation
CASE-0588,Phishing Email,2,1,1,1,Bangalore,0,0,0,1,0,0,45,MEDIUM,Validate Alert → Check Authentication History → Investigate IP and Location → Collect Evidence → Assess Risk → Determine Containment,Escalate for Review,Normal Investigation,Benign Activity
CASE-0589,Endpoint Malware,2,1,0,0,Chennai,0,1,0,0,1,1,15,LOW,Validate Alert → Check Authentication History → Review Email Activity → Collect Evidence → Assess Risk → Determine Containment,Continue Monitoring,BLOCKED - Missing Evidence,Benign Activity
CASE-0590,Phishing Email,2,0,1,0,Delhi,1,1,0,1,0,0,45,MEDIUM,Validate Alert → Check Authentication History → Investigate IP and Location → Review Endpoint Activity → Review Email Activity → Collect Evidence → Assess Risk → Determine Containment,Escalate for Review,Normal Investigation,Needs Further Investigation
CASE-0591,Cloud Account Anomaly,2,1,1,0,Unknown,1,0,1,1,0,0,55,MEDIUM,Validate Alert → Check Authentication History → Investigate IP and Location → Review Endpoint Activity → Review Cloud Activity → Collect Evidence → Assess Risk → Determine Containment,Escalate for Review,Normal Investigation,Needs Further Investigation
CASE-0592,Phishing Email,2,1,0,0,Chennai,1,0,1,1,0,0,40,MEDIUM,Validate Alert → Check Authentication History → Review Endpoint Activity → Review Cloud Activity → Collect Evidence → Assess Risk → Determine Containment,Escalate for Review,Normal Investigation,Benign Activity
CASE-0593,Suspicious Login,1,0,0,1,Unknown,1,1,0,0,0,0,40,MEDIUM,Validate Alert → Check Authentication History → Investigate IP and Location → Review Endpoint Activity → Review Email Activity → Collect Evidence → Assess Risk → Determine Containment,Escalate for Review,Normal Investigation,Benign Activity
CASE-0594,Phishing Email,0,0,1,0,Hyderabad,1,0,1,1,1,0,40,MEDIUM,Validate Alert → Check Authentication History → Investigate IP and Location → Review Endpoint Activity → Review Cloud Activity → Collect Evidence → Assess Risk → Determine Containment,Escalate for Review,BLOCKED - Missing Evidence,Benign Activity
CASE-0595,Cloud Account Anomaly,4,0,1,1,Delhi,0,1,1,0,0,1,50,MEDIUM,Validate Alert → Check Authentication History → Investigate IP and Location → Review Email Activity → Review Cloud Activity → Collect Evidence → Assess Risk → Determine Containment,Escalate for Review,MANUAL REVIEW - Conflicting Evidence,Benign Activity
CASE-0596,Endpoint Malware,0,0,1,0,Bangalore,1,1,1,0,1,0,45,MEDIUM,Validate Alert → Check Authentication History → Investigate IP and Location → Review Endpoint Activity → Review Email Activity → Review Cloud Activity → Collect Evidence → Assess Risk → Determine Containment,Escalate for Review,BLOCKED - Missing Evidence,Needs Further Investigation
CASE-0597,Phishing Email,3,0,1,1,Chennai,0,0,0,0,1,0,25,LOW,Validate Alert → Check Authentication History → Investigate IP and Location → Collect Evidence → Assess Risk → Determine Containment,Continue Monitoring,BLOCKED - Missing Evidence,Benign Activity
CASE-0598,Cloud Account Anomaly,1,1,1,1,Chennai,0,0,0,1,0,0,45,MEDIUM,Validate Alert → Check Authentication History → Investigate IP and Location → Collect Evidence → Assess Risk → Determine Containment,Escalate for Review,Normal Investigation,Benign Activity
CASE-0599,Suspicious Login,2,1,1,1,Unknown,1,1,1,1,0,0,80,HIGH,Validate Alert → Check Authentication History → Investigate IP and Location → Review Endpoint Activity → Review Email Activity → Review Cloud Activity → Collect Evidence → Assess Risk → Determine Containment,Isolate Endpoint,Normal Investigation,Confirmed Incident
CASE-0600,Phishing Email,2,0,1,0,Delhi,0,1,0,0,0,1,25,LOW,Validate Alert → Check Authentication History → Investigate IP and Location → Review Email Activity → Collect Evidence → Assess Risk → Determine Containment,Continue Monitoring,MANUAL REVIEW - Conflicting Evidence,Benign Activity
CASE-0601,Cloud Account Anomaly,5,1,1,1,Chennai,1,1,1,0,0,0,95,HIGH,Validate Alert → Check Authentication History → Investigate IP and Location → Review Endpoint Activity → Review Email Activity → Review Cloud Activity → Collect Evidence → Assess Risk → Determine Containment,Isolate Endpoint,Normal Investigation,Confirmed Incident
CASE-0602,Suspicious Login,1,0,0,0,Mumbai,1,0,0,1,0,0,20,LOW,Validate Alert → Check Authentication History → Review Endpoint Activity → Collect Evidence → Assess Risk → Determine Containment,Continue Monitoring,Normal Investigation,Benign Activity
CASE-0603,Cloud Account Anomaly,1,0,1,1,Delhi,0,0,0,0,1,0,25,LOW,Validate Alert → Check Authentication History → Investigate IP and Location → Collect Evidence → Assess Risk → Determine Containment,Continue Monitoring,BLOCKED - Missing Evidence,Benign Activity
CASE-0604,Suspicious Login,5,1,0,0,Delhi,1,1,0,1,0,0,60,HIGH,Validate Alert → Check Authentication History → Review Endpoint Activity → Review Email Activity → Collect Evidence → Assess Risk → Determine Containment,Escalate to Senior Analyst,Normal Investigation,Escalated Incident
CASE-0605,Cloud Account Anomaly,1,1,0,1,Hyderabad,1,1,1,0,0,1,60,HIGH,Validate Alert → Check Authentication History → Investigate IP and Location → Review Endpoint Activity → Review Email Activity → Review Cloud Activity → Collect Evidence → Assess Risk → Determine Containment,Isolate Endpoint,MANUAL REVIEW - Conflicting Evidence,Escalated Incident
CASE-0606,Phishing Email,1,0,1,1,Chennai,1,0,1,1,1,1,55,MEDIUM,Validate Alert → Check Authentication History → Investigate IP and Location → Review Endpoint Activity → Review Cloud Activity → Collect Evidence → Assess Risk → Determine Containment,Escalate for Review,BLOCKED - Missing Evidence,Benign Activity
CASE-0607,Endpoint Malware,3,1,0,1,Bangalore,1,1,0,0,0,1,50,MEDIUM,Validate Alert → Check Authentication History → Investigate IP and Location → Review Endpoint Activity → Review Email Activity → Collect Evidence → Assess Risk → Determine Containment,Escalate for Review,MANUAL REVIEW - Conflicting Evidence,Benign Activity
CASE-0608,Phishing Email,0,1,1,1,Bangalore,1,0,0,1,0,1,60,HIGH,Validate Alert → Check Authentication History → Investigate IP and Location → Review Endpoint Activity → Collect Evidence → Assess Risk → Determine Containment,Disable Account,MANUAL REVIEW - Conflicting Evidence,Confirmed Incident
CASE-0609,Endpoint Malware,1,0,1,0,Chennai,1,1,1,0,0,1,50,MEDIUM,Validate Alert → Check Authentication History → Investigate IP and Location → Review Endpoint Activity → Review Email Activity → Review Cloud Activity → Collect Evidence → Assess Risk → Determine Containment,Escalate for Review,MANUAL REVIEW - Conflicting Evidence,Needs Further Investigation
CASE-0610,Phishing Email,0,1,1,0,Hyderabad,0,0,0,1,1,0,25,LOW,Validate Alert → Check Authentication History → Investigate IP and Location → Collect Evidence → Assess Risk → Determine Containment,Continue Monitoring,BLOCKED - Missing Evidence,Benign Activity
CASE-0611,Endpoint Malware,0,0,0,1,Unknown,1,1,1,0,0,0,50,MEDIUM,Validate Alert → Check Authentication History → Investigate IP and Location → Review Endpoint Activity → Review Email Activity → Review Cloud Activity → Collect Evidence → Assess Risk → Determine Containment,Escalate for Review,Normal Investigation,Needs Further Investigation
CASE-0612,Suspicious Login,3,1,1,0,Chennai,0,0,0,0,0,1,25,LOW,Validate Alert → Check Authentication History → Investigate IP and Location → Collect Evidence → Assess Risk → Determine Containment,Continue Monitoring,MANUAL REVIEW - Conflicting Evidence,Benign Activity
CASE-0613,Endpoint Malware,3,1,0,1,Chennai,1,1,0,0,0,0,50,MEDIUM,Validate Alert → Check Authentication History → Investigate IP and Location → Review Endpoint Activity → Review Email Activity → Collect Evidence → Assess Risk → Determine Containment,Escalate for Review,Normal Investigation,Needs Further Investigation
CASE-0614,Endpoint Malware,1,1,1,0,Mumbai,0,1,1,1,0,0,50,MEDIUM,Validate Alert → Check Authentication History → Investigate IP and Location → Review Email Activity → Review Cloud Activity → Collect Evidence → Assess Risk → Determine Containment,Escalate for Review,Normal Investigation,Benign Activity
CASE-0615,Cloud Account Anomaly,2,1,0,0,Delhi,1,0,0,1,1,0,25,LOW,Validate Alert → Check Authentication History → Review Endpoint Activity → Collect Evidence → Assess Risk → Determine Containment,Continue Monitoring,BLOCKED - Missing Evidence,Benign Activity
CASE-0616,Phishing Email,0,0,1,0,Bangalore,0,0,0,1,0,0,20,LOW,Validate Alert → Check Authentication History → Investigate IP and Location → Collect Evidence → Assess Risk → Determine Containment,Continue Monitoring,Normal Investigation,Benign Activity
CASE-0617,Cloud Account Anomaly,0,0,1,0,Unknown,0,0,1,1,1,1,25,LOW,Validate Alert → Check Authentication History → Investigate IP and Location → Review Cloud Activity → Collect Evidence → Assess Risk → Determine Containment,Continue Monitoring,BLOCKED - Missing Evidence,Benign Activity
CASE-0618,Phishing Email,4,1,1,0,Unknown,1,0,1,1,0,1,55,MEDIUM,Validate Alert → Check Authentication History → Investigate IP and Location → Review Endpoint Activity → Review Cloud Activity → Collect Evidence → Assess Risk → Determine Containment,Escalate for Review,MANUAL REVIEW - Conflicting Evidence,Benign Activity
CASE-0619,Phishing Email,1,1,0,1,Bangalore,0,0,1,1,0,1,40,MEDIUM,Validate Alert → Check Authentication History → Investigate IP and Location → Review Cloud Activity → Collect Evidence → Assess Risk → Determine Containment,Escalate for Review,MANUAL REVIEW - Conflicting Evidence,Benign Activity
CASE-0620,Suspicious Login,4,1,1,0,Hyderabad,0,0,1,0,0,1,35,MEDIUM,Validate Alert → Check Authentication History → Investigate IP and Location → Review Cloud Activity → Collect Evidence → Assess Risk → Determine Containment,Escalate for Review,MANUAL REVIEW - Conflicting Evidence,Benign Activity
CASE-0621,Suspicious Login,4,0,1,1,Delhi,1,0,0,0,1,0,40,MEDIUM,Validate Alert → Check Authentication History → Investigate IP and Location → Review Endpoint Activity → Collect Evidence → Assess Risk → Determine Containment,Escalate for Review,BLOCKED - Missing Evidence,Needs Further Investigation
CASE-0622,Phishing Email,4,0,0,1,Hyderabad,1,1,0,1,0,0,45,MEDIUM,Validate Alert → Check Authentication History → Investigate IP and Location → Review Endpoint Activity → Review Email Activity → Collect Evidence → Assess Risk → Determine Containment,Escalate for Review,Normal Investigation,Benign Activity
CASE-0623,Endpoint Malware,2,1,1,0,Bangalore,0,1,1,0,0,0,45,MEDIUM,Validate Alert → Check Authentication History → Investigate IP and Location → Review Email Activity → Review Cloud Activity → Collect Evidence → Assess Risk → Determine Containment,Escalate for Review,Normal Investigation,Benign Activity
CASE-0624,Cloud Account Anomaly,2,0,1,0,Delhi,1,1,1,1,1,1,50,MEDIUM,Validate Alert → Check Authentication History → Investigate IP and Location → Review Endpoint Activity → Review Email Activity → Review Cloud Activity → Collect Evidence → Assess Risk → Determine Containment,Escalate for Review,BLOCKED - Missing Evidence,Benign Activity
CASE-0625,Cloud Account Anomaly,3,1,0,0,Delhi,0,1,1,0,0,1,30,MEDIUM,Validate Alert → Check Authentication History → Review Email Activity → Review Cloud Activity → Collect Evidence → Assess Risk → Determine Containment,Escalate for Review,MANUAL REVIEW - Conflicting Evidence,Needs Further Investigation
CASE-0626,Cloud Account Anomaly,2,0,0,1,Mumbai,0,1,0,0,0,1,25,LOW,Validate Alert → Check Authentication History → Investigate IP and Location → Review Email Activity → Collect Evidence → Assess Risk → Determine Containment,Continue Monitoring,MANUAL REVIEW - Conflicting Evidence,Benign Activity
CASE-0627,Suspicious Login,5,0,0,1,Hyderabad,1,1,1,1,1,0,70,HIGH,Validate Alert → Check Authentication History → Investigate IP and Location → Review Endpoint Activity → Review Email Activity → Review Cloud Activity → Collect Evidence → Assess Risk → Determine Containment,Isolate Endpoint,BLOCKED - Missing Evidence,Confirmed Incident
CASE-0628,Cloud Account Anomaly,5,0,1,1,Chennai,0,0,1,0,0,1,60,HIGH,Validate Alert → Check Authentication History → Investigate IP and Location → Review Cloud Activity → Collect Evidence → Assess Risk → Determine Containment,Disable Account,MANUAL REVIEW - Conflicting Evidence,Confirmed Incident
CASE-0629,Cloud Account Anomaly,1,1,1,1,Delhi,1,1,1,0,0,1,75,HIGH,Validate Alert → Check Authentication History → Investigate IP and Location → Review Endpoint Activity → Review Email Activity → Review Cloud Activity → Collect Evidence → Assess Risk → Determine Containment,Escalate to Senior Analyst,MANUAL REVIEW - Conflicting Evidence,Escalated Incident
CASE-0630,Cloud Account Anomaly,2,0,1,0,Unknown,1,1,0,1,0,1,45,MEDIUM,Validate Alert → Check Authentication History → Investigate IP and Location → Review Endpoint Activity → Review Email Activity → Collect Evidence → Assess Risk → Determine Containment,Escalate for Review,MANUAL REVIEW - Conflicting Evidence,Needs Further Investigation
CASE-0631,Cloud Account Anomaly,1,1,0,0,Hyderabad,0,1,0,0,0,1,20,LOW,Validate Alert → Check Authentication History → Review Email Activity → Collect Evidence → Assess Risk → Determine Containment,Continue Monitoring,MANUAL REVIEW - Conflicting Evidence,Benign Activity
CASE-0632,Suspicious Login,2,0,1,0,Unknown,0,0,0,1,0,0,20,LOW,Validate Alert → Check Authentication History → Investigate IP and Location → Collect Evidence → Assess Risk → Determine Containment,Continue Monitoring,Normal Investigation,Benign Activity
CASE-0633,Cloud Account Anomaly,4,0,1,1,Chennai,0,1,0,1,1,0,40,MEDIUM,Validate Alert → Check Authentication History → Investigate IP and Location → Review Email Activity → Collect Evidence → Assess Risk → Determine Containment,Escalate for Review,BLOCKED - Missing Evidence,Benign Activity
CASE-0634,Phishing Email,2,1,1,0,Chennai,0,0,0,1,0,0,30,MEDIUM,Validate Alert → Check Authentication History → Investigate IP and Location → Collect Evidence → Assess Risk → Determine Containment,Escalate for Review,Normal Investigation,Benign Activity
CASE-0635,Endpoint Malware,4,1,1,0,Chennai,0,1,0,0,0,0,35,MEDIUM,Validate Alert → Check Authentication History → Investigate IP and Location → Review Email Activity → Collect Evidence → Assess Risk → Determine Containment,Escalate for Review,Normal Investigation,Benign Activity
CASE-0636,Phishing Email,1,0,1,1,Delhi,1,1,0,0,0,0,55,MEDIUM,Validate Alert → Check Authentication History → Investigate IP and Location → Review Endpoint Activity → Review Email Activity → Collect Evidence → Assess Risk → Determine Containment,Escalate for Review,Normal Investigation,Needs Further Investigation
CASE-0637,Cloud Account Anomaly,3,0,1,0,Unknown,1,1,1,0,1,0,45,MEDIUM,Validate Alert → Check Authentication History → Investigate IP and Location → Review Endpoint Activity → Review Email Activity → Review Cloud Activity → Collect Evidence → Assess Risk → Determine Containment,Escalate for Review,BLOCKED - Missing Evidence,Benign Activity
CASE-0638,Endpoint Malware,2,0,1,0,Unknown,0,0,1,1,1,0,25,LOW,Validate Alert → Check Authentication History → Investigate IP and Location → Review Cloud Activity → Collect Evidence → Assess Risk → Determine Containment,Continue Monitoring,BLOCKED - Missing Evidence,Benign Activity
CASE-0639,Endpoint Malware,3,0,1,0,Unknown,0,1,1,0,0,0,35,MEDIUM,Validate Alert → Check Authentication History → Investigate IP and Location → Review Email Activity → Review Cloud Activity → Collect Evidence → Assess Risk → Determine Containment,Escalate for Review,Normal Investigation,Benign Activity
CASE-0640,Endpoint Malware,3,0,0,1,Chennai,1,1,1,1,0,1,55,MEDIUM,Validate Alert → Check Authentication History → Investigate IP and Location → Review Endpoint Activity → Review Email Activity → Review Cloud Activity → Collect Evidence → Assess Risk → Determine Containment,Escalate for Review,MANUAL REVIEW - Conflicting Evidence,Benign Activity
CASE-0641,Endpoint Malware,1,0,1,0,Unknown,1,0,0,1,1,0,30,MEDIUM,Validate Alert → Check Authentication History → Investigate IP and Location → Review Endpoint Activity → Collect Evidence → Assess Risk → Determine Containment,Escalate for Review,BLOCKED - Missing Evidence,Benign Activity
CASE-0642,Phishing Email,3,1,1,1,Chennai,0,1,1,0,1,1,55,MEDIUM,Validate Alert → Check Authentication History → Investigate IP and Location → Review Email Activity → Review Cloud Activity → Collect Evidence → Assess Risk → Determine Containment,Escalate for Review,BLOCKED - Missing Evidence,Benign Activity
CASE-0643,Endpoint Malware,1,0,1,0,Chennai,0,0,1,1,1,1,25,LOW,Validate Alert → Check Authentication History → Investigate IP and Location → Review Cloud Activity → Collect Evidence → Assess Risk → Determine Containment,Continue Monitoring,BLOCKED - Missing Evidence,Benign Activity
CASE-0644,Suspicious Login,3,0,1,0,Chennai,1,1,1,1,0,1,55,MEDIUM,Validate Alert → Check Authentication History → Investigate IP and Location → Review Endpoint Activity → Review Email Activity → Review Cloud Activity → Collect Evidence → Assess Risk → Determine Containment,Escalate for Review,MANUAL REVIEW - Conflicting Evidence,Needs Further Investigation
CASE-0645,Cloud Account Anomaly,4,1,0,1,Hyderabad,0,0,0,1,0,0,30,MEDIUM,Validate Alert → Check Authentication History → Investigate IP and Location → Collect Evidence → Assess Risk → Determine Containment,Escalate for Review,Normal Investigation,Needs Further Investigation
CASE-0646,Phishing Email,2,0,0,1,Unknown,1,0,1,1,0,0,45,MEDIUM,Validate Alert → Check Authentication History → Investigate IP and Location → Review Endpoint Activity → Review Cloud Activity → Collect Evidence → Assess Risk → Determine Containment,Escalate for Review,Normal Investigation,Needs Further Investigation
CASE-0647,Cloud Account Anomaly,3,0,1,1,Bangalore,0,0,0,0,0,1,30,MEDIUM,Validate Alert → Check Authentication History → Investigate IP and Location → Collect Evidence → Assess Risk → Determine Containment,Escalate for Review,MANUAL REVIEW - Conflicting Evidence,Needs Further Investigation
CASE-0648,Phishing Email,3,0,1,0,Mumbai,0,1,1,0,1,1,30,MEDIUM,Validate Alert → Check Authentication History → Investigate IP and Location → Review Email Activity → Review Cloud Activity → Collect Evidence → Assess Risk → Determine Containment,Escalate for Review,BLOCKED - Missing Evidence,Needs Further Investigation
CASE-0649,Cloud Account Anomaly,3,1,1,0,Hyderabad,1,1,1,0,0,0,60,HIGH,Validate Alert → Check Authentication History → Investigate IP and Location → Review Endpoint Activity → Review Email Activity → Review Cloud Activity → Collect Evidence → Assess Risk → Determine Containment,Disable Account,Normal Investigation,Escalated Incident
CASE-0650,Cloud Account Anomaly,3,1,0,1,Chennai,0,1,0,0,0,1,35,MEDIUM,Validate Alert → Check Authentication History → Investigate IP and Location → Review Email Activity → Collect Evidence → Assess Risk → Determine Containment,Escalate for Review,MANUAL REVIEW - Conflicting Evidence,Benign Activity
CASE-0651,Endpoint Malware,1,0,0,1,Chennai,1,0,0,0,1,0,25,LOW,Validate Alert → Check Authentication History → Investigate IP and Location → Review Endpoint Activity → Collect Evidence → Assess Risk → Determine Containment,Continue Monitoring,BLOCKED - Missing Evidence,Benign Activity
CASE-0652,Phishing Email,0,1,0,0,Chennai,1,0,1,0,0,1,35,MEDIUM,Validate Alert → Check Authentication History → Review Endpoint Activity → Review Cloud Activity → Collect Evidence → Assess Risk → Determine Containment,Escalate for Review,MANUAL REVIEW - Conflicting Evidence,Needs Further Investigation
CASE-0653,Cloud Account Anomaly,4,0,1,0,Chennai,0,0,0,1,0,1,20,LOW,Validate Alert → Check Authentication History → Investigate IP and Location → Collect Evidence → Assess Risk → Determine Containment,Continue Monitoring,MANUAL REVIEW - Conflicting Evidence,Benign Activity
CASE-0654,Endpoint Malware,1,0,1,0,Mumbai,1,1,0,0,0,1,40,MEDIUM,Validate Alert → Check Authentication History → Investigate IP and Location → Review Endpoint Activity → Review Email Activity → Collect Evidence → Assess Risk → Determine Containment,Escalate for Review,MANUAL REVIEW - Conflicting Evidence,Needs Further Investigation
CASE-0655,Cloud Account Anomaly,2,1,0,1,Mumbai,0,0,1,1,1,0,35,MEDIUM,Validate Alert → Check Authentication History → Investigate IP and Location → Review Cloud Activity → Collect Evidence → Assess Risk → Determine Containment,Escalate for Review,BLOCKED - Missing Evidence,Needs Further Investigation
CASE-0656,Suspicious Login,1,1,1,0,Bangalore,0,0,0,0,0,1,25,LOW,Validate Alert → Check Authentication History → Investigate IP and Location → Collect Evidence → Assess Risk → Determine Containment,Continue Monitoring,MANUAL REVIEW - Conflicting Evidence,Benign Activity
CASE-0657,Phishing Email,5,1,1,1,Hyderabad,1,0,0,0,0,0,75,HIGH,Validate Alert → Check Authentication History → Investigate IP and Location → Review Endpoint Activity → Collect Evidence → Assess Risk → Determine Containment,Isolate Endpoint,Normal Investigation,Escalated Incident
CASE-0658,Cloud Account Anomaly,1,1,1,0,Hyderabad,0,1,1,1,0,0,50,MEDIUM,Validate Alert → Check Authentication History → Investigate IP and Location → Review Email Activity → Review Cloud Activity → Collect Evidence → Assess Risk → Determine Containment,Escalate for Review,Normal Investigation,Needs Further Investigation
CASE-0659,Endpoint Malware,2,0,0,0,Mumbai,1,1,0,0,0,0,25,LOW,Validate Alert → Check Authentication History → Review Endpoint Activity → Review Email Activity → Collect Evidence → Assess Risk → Determine Containment,Continue Monitoring,Normal Investigation,Benign Activity
CASE-0660,Endpoint Malware,2,1,1,1,Delhi,1,1,1,1,0,0,80,HIGH,Validate Alert → Check Authentication History → Investigate IP and Location → Review Endpoint Activity → Review Email Activity → Review Cloud Activity → Collect Evidence → Assess Risk → Determine Containment,Disable Account,Normal Investigation,Confirmed Incident
CASE-0661,Endpoint Malware,1,0,0,0,Delhi,1,0,0,1,0,1,20,LOW,Validate Alert → Check Authentication History → Review Endpoint Activity → Collect Evidence → Assess Risk → Determine Containment,Continue Monitoring,MANUAL REVIEW - Conflicting Evidence,Benign Activity
CASE-0662,Endpoint Malware,0,1,0,0,Bangalore,1,0,0,1,0,1,30,MEDIUM,Validate Alert → Check Authentication History → Review Endpoint Activity → Collect Evidence → Assess Risk → Determine Containment,Escalate for Review,MANUAL REVIEW - Conflicting Evidence,Needs Further Investigation
CASE-0663,Phishing Email,0,1,0,1,Bangalore,0,0,0,0,0,0,25,LOW,Validate Alert → Check Authentication History → Investigate IP and Location → Collect Evidence → Assess Risk → Determine Containment,Continue Monitoring,Normal Investigation,Benign Activity
CASE-0664,Phishing Email,2,0,1,0,Chennai,0,0,0,0,0,0,15,LOW,Validate Alert → Check Authentication History → Investigate IP and Location → Collect Evidence → Assess Risk → Determine Containment,Continue Monitoring,Normal Investigation,Benign Activity
CASE-0665,Endpoint Malware,2,1,0,1,Hyderabad,0,1,1,0,0,0,45,MEDIUM,Validate Alert → Check Authentication History → Investigate IP and Location → Review Email Activity → Review Cloud Activity → Collect Evidence → Assess Risk → Determine Containment,Escalate for Review,Normal Investigation,Needs Further Investigation
CASE-0666,Cloud Account Anomaly,3,0,0,0,Hyderabad,0,0,0,1,0,0,5,LOW,Validate Alert → Check Authentication History → Collect Evidence → Assess Risk → Determine Containment,Continue Monitoring,Normal Investigation,Benign Activity
CASE-0667,Cloud Account Anomaly,3,0,0,0,Mumbai,1,0,1,0,0,1,25,LOW,Validate Alert → Check Authentication History → Review Endpoint Activity → Review Cloud Activity → Collect Evidence → Assess Risk → Determine Containment,Continue Monitoring,MANUAL REVIEW - Conflicting Evidence,Benign Activity
CASE-0668,Endpoint Malware,0,1,0,0,Bangalore,1,0,0,1,0,0,30,MEDIUM,Validate Alert → Check Authentication History → Review Endpoint Activity → Collect Evidence → Assess Risk → Determine Containment,Escalate for Review,Normal Investigation,Benign Activity
CASE-0669,Phishing Email,3,1,1,1,Bangalore,1,1,1,0,0,0,75,HIGH,Validate Alert → Check Authentication History → Investigate IP and Location → Review Endpoint Activity → Review Email Activity → Review Cloud Activity → Collect Evidence → Assess Risk → Determine Containment,Isolate Endpoint,Normal Investigation,Escalated Incident
CASE-0670,Cloud Account Anomaly,1,0,1,1,Delhi,1,0,1,1,0,0,60,HIGH,Validate Alert → Check Authentication History → Investigate IP and Location → Review Endpoint Activity → Review Cloud Activity → Collect Evidence → Assess Risk → Determine Containment,Isolate Endpoint,Normal Investigation,Escalated Incident
CASE-0671,Phishing Email,1,0,0,1,Delhi,1,1,1,1,1,0,50,MEDIUM,Validate Alert → Check Authentication History → Investigate IP and Location → Review Endpoint Activity → Review Email Activity → Review Cloud Activity → Collect Evidence → Assess Risk → Determine Containment,Escalate for Review,BLOCKED - Missing Evidence,Benign Activity
CASE-0672,Phishing Email,3,1,1,0,Mumbai,0,1,0,1,0,0,40,MEDIUM,Validate Alert → Check Authentication History → Investigate IP and Location → Review Email Activity → Collect Evidence → Assess Risk → Determine Containment,Escalate for Review,Normal Investigation,Needs Further Investigation
CASE-0673,Suspicious Login,0,1,0,0,Bangalore,0,0,1,0,0,0,20,LOW,Validate Alert → Check Authentication History → Review Cloud Activity → Collect Evidence → Assess Risk → Determine Containment,Continue Monitoring,Normal Investigation,Benign Activity
CASE-0674,Phishing Email,1,1,1,1,Delhi,0,0,1,0,0,0,50,MEDIUM,Validate Alert → Check Authentication History → Investigate IP and Location → Review Cloud Activity → Collect Evidence → Assess Risk → Determine Containment,Escalate for Review,Normal Investigation,Benign Activity
CASE-0675,Cloud Account Anomaly,2,0,1,0,Hyderabad,1,0,0,0,1,0,25,LOW,Validate Alert → Check Authentication History → Investigate IP and Location → Review Endpoint Activity → Collect Evidence → Assess Risk → Determine Containment,Continue Monitoring,BLOCKED - Missing Evidence,Benign Activity
CASE-0676,Cloud Account Anomaly,2,1,1,0,Hyderabad,1,0,1,1,0,0,55,MEDIUM,Validate Alert → Check Authentication History → Investigate IP and Location → Review Endpoint Activity → Review Cloud Activity → Collect Evidence → Assess Risk → Determine Containment,Escalate for Review,Normal Investigation,Benign Activity
CASE-0677,Suspicious Login,1,1,0,0,Delhi,1,0,1,1,0,0,40,MEDIUM,Validate Alert → Check Authentication History → Review Endpoint Activity → Review Cloud Activity → Collect Evidence → Assess Risk → Determine Containment,Escalate for Review,Normal Investigation,Benign Activity
CASE-0678,Cloud Account Anomaly,1,1,1,0,Bangalore,0,0,0,1,1,0,25,LOW,Validate Alert → Check Authentication History → Investigate IP and Location → Collect Evidence → Assess Risk → Determine Containment,Continue Monitoring,BLOCKED - Missing Evidence,Benign Activity
CASE-0679,Cloud Account Anomaly,0,0,1,0,Chennai,1,0,1,1,0,0,45,MEDIUM,Validate Alert → Check Authentication History → Investigate IP and Location → Review Endpoint Activity → Review Cloud Activity → Collect Evidence → Assess Risk → Determine Containment,Escalate for Review,Normal Investigation,Needs Further Investigation
CASE-0680,Endpoint Malware,1,0,1,0,Bangalore,0,0,0,1,0,0,20,LOW,Validate Alert → Check Authentication History → Investigate IP and Location → Collect Evidence → Assess Risk → Determine Containment,Continue Monitoring,Normal Investigation,Benign Activity
CASE-0681,Phishing Email,2,0,1,0,Chennai,1,0,0,1,1,0,30,MEDIUM,Validate Alert → Check Authentication History → Investigate IP and Location → Review Endpoint Activity → Collect Evidence → Assess Risk → Determine Containment,Escalate for Review,BLOCKED - Missing Evidence,Needs Further Investigation
CASE-0682,Endpoint Malware,1,1,1,0,Bangalore,1,0,0,0,0,0,40,MEDIUM,Validate Alert → Check Authentication History → Investigate IP and Location → Review Endpoint Activity → Collect Evidence → Assess Risk → Determine Containment,Escalate for Review,Normal Investigation,Benign Activity
CASE-0683,Phishing Email,4,0,1,1,Hyderabad,0,0,0,1,0,0,35,MEDIUM,Validate Alert → Check Authentication History → Investigate IP and Location → Collect Evidence → Assess Risk → Determine Containment,Escalate for Review,Normal Investigation,Needs Further Investigation
CASE-0684,Phishing Email,1,1,1,1,Delhi,0,0,1,1,0,1,55,MEDIUM,Validate Alert → Check Authentication History → Investigate IP and Location → Review Cloud Activity → Collect Evidence → Assess Risk → Determine Containment,Escalate for Review,MANUAL REVIEW - Conflicting Evidence,Benign Activity
CASE-0685,Endpoint Malware,3,1,0,0,Bangalore,1,1,1,0,0,0,45,MEDIUM,Validate Alert → Check Authentication History → Review Endpoint Activity → Review Email Activity → Review Cloud Activity → Collect Evidence → Assess Risk → Determine Containment,Escalate for Review,Normal Investigation,Needs Further Investigation
CASE-0686,Endpoint Malware,1,1,1,0,Hyderabad,0,1,1,0,0,0,45,MEDIUM,Validate Alert → Check Authentication History → Investigate IP and Location → Review Email Activity → Review Cloud Activity → Collect Evidence → Assess Risk → Determine Containment,Escalate for Review,Normal Investigation,Needs Further Investigation
CASE-0687,Phishing Email,3,1,1,0,Delhi,1,0,0,1,0,0,45,MEDIUM,Validate Alert → Check Authentication History → Investigate IP and Location → Review Endpoint Activity → Collect Evidence → Assess Risk → Determine Containment,Escalate for Review,Normal Investigation,Benign Activity
CASE-0688,Phishing Email,0,1,0,1,Delhi,0,0,1,0,0,0,35,MEDIUM,Validate Alert → Check Authentication History → Investigate IP and Location → Review Cloud Activity → Collect Evidence → Assess Risk → Determine Containment,Escalate for Review,Normal Investigation,Benign Activity
CASE-0689,Cloud Account Anomaly,1,0,0,0,Hyderabad,1,0,1,1,0,0,30,MEDIUM,Validate Alert → Check Authentication History → Review Endpoint Activity → Review Cloud Activity → Collect Evidence → Assess Risk → Determine Containment,Escalate for Review,Normal Investigation,Needs Further Investigation
CASE-0690,Suspicious Login,2,0,1,0,Mumbai,1,0,0,0,0,0,30,MEDIUM,Validate Alert → Check Authentication History → Investigate IP and Location → Review Endpoint Activity → Collect Evidence → Assess Risk → Determine Containment,Escalate for Review,Normal Investigation,Benign Activity
CASE-0691,Endpoint Malware,1,0,0,0,Chennai,1,0,0,1,0,0,20,LOW,Validate Alert → Check Authentication History → Review Endpoint Activity → Collect Evidence → Assess Risk → Determine Containment,Continue Monitoring,Normal Investigation,Benign Activity
CASE-0692,Suspicious Login,2,0,1,0,Delhi,0,1,0,0,0,0,25,LOW,Validate Alert → Check Authentication History → Investigate IP and Location → Review Email Activity → Collect Evidence → Assess Risk → Determine Containment,Continue Monitoring,Normal Investigation,Benign Activity
CASE-0693,Suspicious Login,2,0,1,0,Delhi,0,0,0,0,0,0,15,LOW,Validate Alert → Check Authentication History → Investigate IP and Location → Collect Evidence → Assess Risk → Determine Containment,Continue Monitoring,Normal Investigation,Benign Activity
CASE-0694,Suspicious Login,2,1,1,0,Mumbai,0,1,1,0,0,0,45,MEDIUM,Validate Alert → Check Authentication History → Investigate IP and Location → Review Email Activity → Review Cloud Activity → Collect Evidence → Assess Risk → Determine Containment,Escalate for Review,Normal Investigation,Needs Further Investigation
CASE-0695,Phishing Email,4,0,0,1,Unknown,1,0,1,0,1,0,35,MEDIUM,Validate Alert → Check Authentication History → Investigate IP and Location → Review Endpoint Activity → Review Cloud Activity → Collect Evidence → Assess Risk → Determine Containment,Escalate for Review,BLOCKED - Missing Evidence,Needs Further Investigation
CASE-0696,Phishing Email,2,1,0,0,Mumbai,0,1,1,1,0,1,35,MEDIUM,Validate Alert → Check Authentication History → Review Email Activity → Review Cloud Activity → Collect Evidence → Assess Risk → Determine Containment,Escalate for Review,MANUAL REVIEW - Conflicting Evidence,Needs Further Investigation
CASE-0697,Suspicious Login,3,1,1,0,Hyderabad,1,0,1,1,0,0,55,MEDIUM,Validate Alert → Check Authentication History → Investigate IP and Location → Review Endpoint Activity → Review Cloud Activity → Collect Evidence → Assess Risk → Determine Containment,Escalate for Review,Normal Investigation,Needs Further Investigation
CASE-0698,Cloud Account Anomaly,2,1,0,0,Delhi,0,0,0,1,0,1,15,LOW,Validate Alert → Check Authentication History → Collect Evidence → Assess Risk → Determine Containment,Continue Monitoring,MANUAL REVIEW - Conflicting Evidence,Benign Activity
CASE-0699,Endpoint Malware,1,0,0,0,Unknown,1,1,1,0,0,0,35,MEDIUM,Validate Alert → Check Authentication History → Review Endpoint Activity → Review Email Activity → Review Cloud Activity → Collect Evidence → Assess Risk → Determine Containment,Escalate for Review,Normal Investigation,Needs Further Investigation
CASE-0700,Suspicious Login,2,0,1,1,Chennai,0,1,1,0,1,1,45,MEDIUM,Validate Alert → Check Authentication History → Investigate IP and Location → Review Email Activity → Review Cloud Activity → Collect Evidence → Assess Risk → Determine Containment,Escalate for Review,BLOCKED - Missing Evidence,Benign Activity
CASE-0701,Endpoint Malware,4,1,1,0,Mumbai,0,0,0,0,1,1,20,LOW,Validate Alert → Check Authentication History → Investigate IP and Location → Collect Evidence → Assess Risk → Determine Containment,Continue Monitoring,BLOCKED - Missing Evidence,Benign Activity
CASE-0702,Endpoint Malware,2,1,0,0,Bangalore,1,0,0,0,0,0,25,LOW,Validate Alert → Check Authentication History → Review Endpoint Activity → Collect Evidence → Assess Risk → Determine Containment,Continue Monitoring,Normal Investigation,Benign Activity
CASE-0703,Suspicious Login,0,0,0,0,Bangalore,0,1,1,1,0,1,25,LOW,Validate Alert → Check Authentication History → Review Email Activity → Review Cloud Activity → Collect Evidence → Assess Risk → Determine Containment,Continue Monitoring,MANUAL REVIEW - Conflicting Evidence,Benign Activity
CASE-0704,Endpoint Malware,3,1,0,0,Mumbai,1,1,1,0,0,0,45,MEDIUM,Validate Alert → Check Authentication History → Review Endpoint Activity → Review Email Activity → Review Cloud Activity → Collect Evidence → Assess Risk → Determine Containment,Escalate for Review,Normal Investigation,Needs Further Investigation
CASE-0705,Cloud Account Anomaly,0,1,0,1,Delhi,1,1,1,0,1,0,55,MEDIUM,Validate Alert → Check Authentication History → Investigate IP and Location → Review Endpoint Activity → Review Email Activity → Review Cloud Activity → Collect Evidence → Assess Risk → Determine Containment,Escalate for Review,BLOCKED - Missing Evidence,Benign Activity
CASE-0706,Suspicious Login,5,1,0,0,Chennai,1,1,1,1,1,0,65,HIGH,Validate Alert → Check Authentication History → Review Endpoint Activity → Review Email Activity → Review Cloud Activity → Collect Evidence → Assess Risk → Determine Containment,Disable Account,BLOCKED - Missing Evidence,Escalated Incident
CASE-0707,Phishing Email,2,0,1,0,Delhi,0,0,0,0,0,0,15,LOW,Validate Alert → Check Authentication History → Investigate IP and Location → Collect Evidence → Assess Risk → Determine Containment,Continue Monitoring,Normal Investigation,Benign Activity
CASE-0708,Cloud Account Anomaly,3,1,1,1,Bangalore,1,1,0,1,0,0,70,HIGH,Validate Alert → Check Authentication History → Investigate IP and Location → Review Endpoint Activity → Review Email Activity → Collect Evidence → Assess Risk → Determine Containment,Disable Account,Normal Investigation,Confirmed Incident
CASE-0709,Cloud Account Anomaly,2,1,1,1,Mumbai,1,0,1,1,0,0,70,HIGH,Validate Alert → Check Authentication History → Investigate IP and Location → Review Endpoint Activity → Review Cloud Activity → Collect Evidence → Assess Risk → Determine Containment,Disable Account,Normal Investigation,Confirmed Incident
CASE-0710,Suspicious Login,5,0,1,1,Delhi,0,1,0,0,0,0,60,HIGH,Validate Alert → Check Authentication History → Investigate IP and Location → Review Email Activity → Collect Evidence → Assess Risk → Determine Containment,Isolate Endpoint,Normal Investigation,Escalated Incident
CASE-0711,Suspicious Login,2,0,1,0,Unknown,1,1,1,1,0,1,55,MEDIUM,Validate Alert → Check Authentication History → Investigate IP and Location → Review Endpoint Activity → Review Email Activity → Review Cloud Activity → Collect Evidence → Assess Risk → Determine Containment,Escalate for Review,MANUAL REVIEW - Conflicting Evidence,Benign Activity
CASE-0712,Suspicious Login,2,0,1,0,Chennai,1,0,1,1,0,0,45,MEDIUM,Validate Alert → Check Authentication History → Investigate IP and Location → Review Endpoint Activity → Review Cloud Activity → Collect Evidence → Assess Risk → Determine Containment,Escalate for Review,Normal Investigation,Benign Activity
CASE-0713,Suspicious Login,1,0,1,1,Bangalore,1,1,0,0,0,0,55,MEDIUM,Validate Alert → Check Authentication History → Investigate IP and Location → Review Endpoint Activity → Review Email Activity → Collect Evidence → Assess Risk → Determine Containment,Escalate for Review,Normal Investigation,Needs Further Investigation
CASE-0714,Cloud Account Anomaly,1,0,0,1,Mumbai,0,0,0,0,0,0,15,LOW,Validate Alert → Check Authentication History → Investigate IP and Location → Collect Evidence → Assess Risk → Determine Containment,Continue Monitoring,Normal Investigation,Benign Activity
CASE-0715,Cloud Account Anomaly,6,1,0,0,Mumbai,0,1,0,1,0,0,45,MEDIUM,Validate Alert → Check Authentication History → Review Email Activity → Collect Evidence → Assess Risk → Determine Containment,Escalate for Review,Normal Investigation,Needs Further Investigation
CASE-0716,Suspicious Login,1,0,1,1,Chennai,0,0,0,1,0,1,35,MEDIUM,Validate Alert → Check Authentication History → Investigate IP and Location → Collect Evidence → Assess Risk → Determine Containment,Escalate for Review,MANUAL REVIEW - Conflicting Evidence,Needs Further Investigation
CASE-0717,Endpoint Malware,2,0,1,1,Mumbai,1,1,1,1,0,0,70,HIGH,Validate Alert → Check Authentication History → Investigate IP and Location → Review Endpoint Activity → Review Email Activity → Review Cloud Activity → Collect Evidence → Assess Risk → Determine Containment,Escalate to Senior Analyst,Normal Investigation,Escalated Incident
CASE-0718,Endpoint Malware,0,1,1,1,Unknown,0,1,1,0,0,0,60,HIGH,Validate Alert → Check Authentication History → Investigate IP and Location → Review Email Activity → Review Cloud Activity → Collect Evidence → Assess Risk → Determine Containment,Escalate to Senior Analyst,Normal Investigation,Escalated Incident
CASE-0719,Endpoint Malware,4,0,0,1,Chennai,0,1,1,1,1,1,35,MEDIUM,Validate Alert → Check Authentication History → Investigate IP and Location → Review Email Activity → Review Cloud Activity → Collect Evidence → Assess Risk → Determine Containment,Escalate for Review,BLOCKED - Missing Evidence,Needs Further Investigation
CASE-0720,Phishing Email,2,0,1,0,Mumbai,1,1,0,1,1,1,40,MEDIUM,Validate Alert → Check Authentication History → Investigate IP and Location → Review Endpoint Activity → Review Email Activity → Collect Evidence → Assess Risk → Determine Containment,Escalate for Review,BLOCKED - Missing Evidence,Needs Further Investigation
CASE-0721,Cloud Account Anomaly,3,1,0,1,Mumbai,1,0,0,0,0,0,40,MEDIUM,Validate Alert → Check Authentication History → Investigate IP and Location → Review Endpoint Activity → Collect Evidence → Assess Risk → Determine Containment,Escalate for Review,Normal Investigation,Needs Further Investigation
CASE-0722,Cloud Account Anomaly,3,0,1,0,Chennai,1,0,0,0,0,1,30,MEDIUM,Validate Alert → Check Authentication History → Investigate IP and Location → Review Endpoint Activity → Collect Evidence → Assess Risk → Determine Containment,Escalate for Review,MANUAL REVIEW - Conflicting Evidence,Needs Further Investigation
CASE-0723,Cloud Account Anomaly,3,0,0,1,Unknown,1,1,0,1,1,1,40,MEDIUM,Validate Alert → Check Authentication History → Investigate IP and Location → Review Endpoint Activity → Review Email Activity → Collect Evidence → Assess Risk → Determine Containment,Escalate for Review,BLOCKED - Missing Evidence,Needs Further Investigation
CASE-0724,Endpoint Malware,2,1,0,1,Bangalore,0,0,1,1,1,1,35,MEDIUM,Validate Alert → Check Authentication History → Investigate IP and Location → Review Cloud Activity → Collect Evidence → Assess Risk → Determine Containment,Escalate for Review,BLOCKED - Missing Evidence,Benign Activity
CASE-0725,Endpoint Malware,1,1,0,1,Hyderabad,0,0,0,1,0,1,30,MEDIUM,Validate Alert → Check Authentication History → Investigate IP and Location → Collect Evidence → Assess Risk → Determine Containment,Escalate for Review,MANUAL REVIEW - Conflicting Evidence,Needs Further Investigation
CASE-0726,Phishing Email,2,0,1,1,Mumbai,0,1,0,0,1,0,35,MEDIUM,Validate Alert → Check Authentication History → Investigate IP and Location → Review Email Activity → Collect Evidence → Assess Risk → Determine Containment,Escalate for Review,BLOCKED - Missing Evidence,Benign Activity
CASE-0727,Endpoint Malware,3,0,0,1,Unknown,0,1,1,0,0,0,35,MEDIUM,Validate Alert → Check Authentication History → Investigate IP and Location → Review Email Activity → Review Cloud Activity → Collect Evidence → Assess Risk → Determine Containment,Escalate for Review,Normal Investigation,Benign Activity
CASE-0728,Cloud Account Anomaly,3,0,1,0,Unknown,0,1,1,0,0,1,35,MEDIUM,Validate Alert → Check Authentication History → Investigate IP and Location → Review Email Activity → Review Cloud Activity → Collect Evidence → Assess Risk → Determine Containment,Escalate for Review,MANUAL REVIEW - Conflicting Evidence,Benign Activity
CASE-0729,Endpoint Malware,3,1,1,1,Bangalore,0,1,0,0,0,1,50,MEDIUM,Validate Alert → Check Authentication History → Investigate IP and Location → Review Email Activity → Collect Evidence → Assess Risk → Determine Containment,Escalate for Review,MANUAL REVIEW - Conflicting Evidence,Needs Further Investigation
CASE-0730,Cloud Account Anomaly,2,1,1,0,Delhi,0,1,1,1,1,0,45,MEDIUM,Validate Alert → Check Authentication History → Investigate IP and Location → Review Email Activity → Review Cloud Activity → Collect Evidence → Assess Risk → Determine Containment,Escalate for Review,BLOCKED - Missing Evidence,Benign Activity
CASE-0731,Suspicious Login,3,1,1,0,Delhi,1,0,0,1,0,1,45,MEDIUM,Validate Alert → Check Authentication History → Investigate IP and Location → Review Endpoint Activity → Collect Evidence → Assess Risk → Determine Containment,Escalate for Review,MANUAL REVIEW - Conflicting Evidence,Benign Activity
CASE-0732,Endpoint Malware,2,0,1,1,Mumbai,1,0,0,0,0,1,45,MEDIUM,Validate Alert → Check Authentication History → Investigate IP and Location → Review Endpoint Activity → Collect Evidence → Assess Risk → Determine Containment,Escalate for Review,MANUAL REVIEW - Conflicting Evidence,Needs Further Investigation
CASE-0733,Suspicious Login,0,0,1,1,Chennai,0,0,0,1,1,0,30,MEDIUM,Validate Alert → Check Authentication History → Investigate IP and Location → Collect Evidence → Assess Risk → Determine Containment,Escalate for Review,BLOCKED - Missing Evidence,Needs Further Investigation
CASE-0734,Phishing Email,4,1,0,1,Mumbai,0,0,0,0,1,0,20,LOW,Validate Alert → Check Authentication History → Investigate IP and Location → Collect Evidence → Assess Risk → Determine Containment,Continue Monitoring,BLOCKED - Missing Evidence,Benign Activity
CASE-0735,Endpoint Malware,3,1,0,1,Chennai,1,1,1,1,0,0,65,HIGH,Validate Alert → Check Authentication History → Investigate IP and Location → Review Endpoint Activity → Review Email Activity → Review Cloud Activity → Collect Evidence → Assess Risk → Determine Containment,Isolate Endpoint,Normal Investigation,Confirmed Incident
CASE-0736,Cloud Account Anomaly,2,0,0,1,Mumbai,1,0,0,1,1,1,30,MEDIUM,Validate Alert → Check Authentication History → Investigate IP and Location → Review Endpoint Activity → Collect Evidence → Assess Risk → Determine Containment,Escalate for Review,BLOCKED - Missing Evidence,Benign Activity
CASE-0737,Endpoint Malware,3,0,1,0,Hyderabad,0,1,0,1,1,0,25,LOW,Validate Alert → Check Authentication History → Investigate IP and Location → Review Email Activity → Collect Evidence → Assess Risk → Determine Containment,Continue Monitoring,BLOCKED - Missing Evidence,Benign Activity
CASE-0738,Suspicious Login,2,0,0,0,Bangalore,0,0,1,1,0,0,15,LOW,Validate Alert → Check Authentication History → Review Cloud Activity → Collect Evidence → Assess Risk → Determine Containment,Continue Monitoring,Normal Investigation,Benign Activity
CASE-0739,Endpoint Malware,1,0,0,1,Bangalore,0,0,0,1,0,1,20,LOW,Validate Alert → Check Authentication History → Investigate IP and Location → Collect Evidence → Assess Risk → Determine Containment,Continue Monitoring,MANUAL REVIEW - Conflicting Evidence,Benign Activity
CASE-0740,Cloud Account Anomaly,4,0,0,1,Hyderabad,0,1,1,0,1,1,30,MEDIUM,Validate Alert → Check Authentication History → Investigate IP and Location → Review Email Activity → Review Cloud Activity → Collect Evidence → Assess Risk → Determine Containment,Escalate for Review,BLOCKED - Missing Evidence,Benign Activity
CASE-0741,Phishing Email,3,0,0,0,Bangalore,0,0,0,0,0,0,0,LOW,Validate Alert → Check Authentication History → Collect Evidence → Assess Risk → Determine Containment,Continue Monitoring,Normal Investigation,Benign Activity
CASE-0742,Endpoint Malware,4,1,1,0,Delhi,1,0,1,1,1,1,50,MEDIUM,Validate Alert → Check Authentication History → Investigate IP and Location → Review Endpoint Activity → Review Cloud Activity → Collect Evidence → Assess Risk → Determine Containment,Escalate for Review,BLOCKED - Missing Evidence,Needs Further Investigation
CASE-0743,Cloud Account Anomaly,1,0,1,1,Hyderabad,0,0,0,1,0,1,35,MEDIUM,Validate Alert → Check Authentication History → Investigate IP and Location → Collect Evidence → Assess Risk → Determine Containment,Escalate for Review,MANUAL REVIEW - Conflicting Evidence,Benign Activity
CASE-0744,Endpoint Malware,2,1,0,1,Hyderabad,1,1,0,0,0,0,50,MEDIUM,Validate Alert → Check Authentication History → Investigate IP and Location → Review Endpoint Activity → Review Email Activity → Collect Evidence → Assess Risk → Determine Containment,Escalate for Review,Normal Investigation,Needs Further Investigation
CASE-0745,Suspicious Login,1,1,0,1,Chennai,0,1,1,1,0,0,50,MEDIUM,Validate Alert → Check Authentication History → Investigate IP and Location → Review Email Activity → Review Cloud Activity → Collect Evidence → Assess Risk → Determine Containment,Escalate for Review,Normal Investigation,Benign Activity
CASE-0746,Suspicious Login,2,1,0,1,Hyderabad,0,0,0,1,1,0,25,LOW,Validate Alert → Check Authentication History → Investigate IP and Location → Collect Evidence → Assess Risk → Determine Containment,Continue Monitoring,BLOCKED - Missing Evidence,Benign Activity
CASE-0747,Phishing Email,1,1,1,0,Delhi,0,0,1,1,0,0,40,MEDIUM,Validate Alert → Check Authentication History → Investigate IP and Location → Review Cloud Activity → Collect Evidence → Assess Risk → Determine Containment,Escalate for Review,Normal Investigation,Benign Activity
CASE-0748,Endpoint Malware,1,1,0,0,Unknown,0,0,1,1,0,1,25,LOW,Validate Alert → Check Authentication History → Review Cloud Activity → Collect Evidence → Assess Risk → Determine Containment,Continue Monitoring,MANUAL REVIEW - Conflicting Evidence,Benign Activity
CASE-0749,Phishing Email,5,0,1,1,Mumbai,0,1,1,1,0,0,75,HIGH,Validate Alert → Check Authentication History → Investigate IP and Location → Review Email Activity → Review Cloud Activity → Collect Evidence → Assess Risk → Determine Containment,Disable Account,Normal Investigation,Confirmed Incident
CASE-0750,Suspicious Login,0,1,1,1,Chennai,0,0,0,0,0,0,40,MEDIUM,Validate Alert → Check Authentication History → Investigate IP and Location → Collect Evidence → Assess Risk → Determine Containment,Escalate for Review,Normal Investigation,Needs Further Investigation
CASE-0751,Phishing Email,2,1,0,1,Unknown,0,1,1,0,1,0,40,MEDIUM,Validate Alert → Check Authentication History → Investigate IP and Location → Review Email Activity → Review Cloud Activity → Collect Evidence → Assess Risk → Determine Containment,Escalate for Review,BLOCKED - Missing Evidence,Needs Further Investigation
CASE-0752,Suspicious Login,4,1,1,0,Bangalore,0,1,0,0,0,0,35,MEDIUM,Validate Alert → Check Authentication History → Investigate IP and Location → Review Email Activity → Collect Evidence → Assess Risk → Determine Containment,Escalate for Review,Normal Investigation,Benign Activity
CASE-0753,Phishing Email,2,0,1,1,Hyderabad,1,0,1,0,0,1,55,MEDIUM,Validate Alert → Check Authentication History → Investigate IP and Location → Review Endpoint Activity → Review Cloud Activity → Collect Evidence → Assess Risk → Determine Containment,Escalate for Review,MANUAL REVIEW - Conflicting Evidence,Needs Further Investigation
CASE-0754,Suspicious Login,0,1,1,1,Delhi,1,1,0,0,1,0,60,HIGH,Validate Alert → Check Authentication History → Investigate IP and Location → Review Endpoint Activity → Review Email Activity → Collect Evidence → Assess Risk → Determine Containment,Disable Account,BLOCKED - Missing Evidence,Confirmed Incident
CASE-0755,Cloud Account Anomaly,5,0,1,0,Delhi,1,1,1,1,0,0,75,HIGH,Validate Alert → Check Authentication History → Investigate IP and Location → Review Endpoint Activity → Review Email Activity → Review Cloud Activity → Collect Evidence → Assess Risk → Determine Containment,Disable Account,Normal Investigation,Confirmed Incident
CASE-0756,Phishing Email,2,0,0,1,Delhi,1,0,0,0,1,0,25,LOW,Validate Alert → Check Authentication History → Investigate IP and Location → Review Endpoint Activity → Collect Evidence → Assess Risk → Determine Containment,Continue Monitoring,BLOCKED - Missing Evidence,Benign Activity
CASE-0757,Suspicious Login,4,0,1,0,Hyderabad,1,1,1,1,0,0,55,MEDIUM,Validate Alert → Check Authentication History → Investigate IP and Location → Review Endpoint Activity → Review Email Activity → Review Cloud Activity → Collect Evidence → Assess Risk → Determine Containment,Escalate for Review,Normal Investigation,Needs Further Investigation
CASE-0758,Phishing Email,3,0,1,1,Chennai,0,0,1,1,0,0,45,MEDIUM,Validate Alert → Check Authentication History → Investigate IP and Location → Review Cloud Activity → Collect Evidence → Assess Risk → Determine Containment,Escalate for Review,Normal Investigation,Needs Further Investigation
CASE-0759,Endpoint Malware,1,1,0,0,Delhi,1,1,1,0,0,1,45,MEDIUM,Validate Alert → Check Authentication History → Review Endpoint Activity → Review Email Activity → Review Cloud Activity → Collect Evidence → Assess Risk → Determine Containment,Escalate for Review,MANUAL REVIEW - Conflicting Evidence,Needs Further Investigation
CASE-0760,Phishing Email,2,0,1,1,Chennai,1,0,1,1,1,0,55,MEDIUM,Validate Alert → Check Authentication History → Investigate IP and Location → Review Endpoint Activity → Review Cloud Activity → Collect Evidence → Assess Risk → Determine Containment,Escalate for Review,BLOCKED - Missing Evidence,Needs Further Investigation
CASE-0761,Suspicious Login,5,0,0,1,Delhi,0,0,0,1,1,1,35,MEDIUM,Validate Alert → Check Authentication History → Investigate IP and Location → Collect Evidence → Assess Risk → Determine Containment,Escalate for Review,BLOCKED - Missing Evidence,Needs Further Investigation
CASE-0762,Cloud Account Anomaly,1,1,1,1,Chennai,0,1,0,0,0,0,50,MEDIUM,Validate Alert → Check Authentication History → Investigate IP and Location → Review Email Activity → Collect Evidence → Assess Risk → Determine Containment,Escalate for Review,Normal Investigation,Benign Activity
CASE-0763,Phishing Email,1,0,1,0,Bangalore,1,0,0,0,0,0,30,MEDIUM,Validate Alert → Check Authentication History → Investigate IP and Location → Review Endpoint Activity → Collect Evidence → Assess Risk → Determine Containment,Escalate for Review,Normal Investigation,Needs Further Investigation
CASE-0764,Cloud Account Anomaly,1,0,1,0,Delhi,0,1,0,0,0,0,25,LOW,Validate Alert → Check Authentication History → Investigate IP and Location → Review Email Activity → Collect Evidence → Assess Risk → Determine Containment,Continue Monitoring,Normal Investigation,Benign Activity
CASE-0765,Cloud Account Anomaly,3,1,0,0,Mumbai,1,1,1,0,1,1,40,MEDIUM,Validate Alert → Check Authentication History → Review Endpoint Activity → Review Email Activity → Review Cloud Activity → Collect Evidence → Assess Risk → Determine Containment,Escalate for Review,BLOCKED - Missing Evidence,Needs Further Investigation
CASE-0766,Suspicious Login,2,1,1,1,Chennai,1,1,0,1,0,0,70,HIGH,Validate Alert → Check Authentication History → Investigate IP and Location → Review Endpoint Activity → Review Email Activity → Collect Evidence → Assess Risk → Determine Containment,Isolate Endpoint,Normal Investigation,Confirmed Incident
CASE-0767,Phishing Email,1,0,1,1,Mumbai,1,0,1,0,0,0,55,MEDIUM,Validate Alert → Check Authentication History → Investigate IP and Location → Review Endpoint Activity → Review Cloud Activity → Collect Evidence → Assess Risk → Determine Containment,Escalate for Review,Normal Investigation,Benign Activity
CASE-0768,Phishing Email,0,0,0,0,Unknown,0,1,1,1,0,0,25,LOW,Validate Alert → Check Authentication History → Review Email Activity → Review Cloud Activity → Collect Evidence → Assess Risk → Determine Containment,Continue Monitoring,Normal Investigation,Benign Activity
CASE-0769,Phishing Email,1,0,1,0,Unknown,0,0,0,0,0,0,15,LOW,Validate Alert → Check Authentication History → Investigate IP and Location → Collect Evidence → Assess Risk → Determine Containment,Continue Monitoring,Normal Investigation,Benign Activity
CASE-0770,Cloud Account Anomaly,0,0,0,1,Delhi,1,1,0,0,0,0,40,MEDIUM,Validate Alert → Check Authentication History → Investigate IP and Location → Review Endpoint Activity → Review Email Activity → Collect Evidence → Assess Risk → Determine Containment,Escalate for Review,Normal Investigation,Needs Further Investigation
CASE-0771,Phishing Email,3,1,1,1,Bangalore,0,1,0,1,1,1,50,MEDIUM,Validate Alert → Check Authentication History → Investigate IP and Location → Review Email Activity → Collect Evidence → Assess Risk → Determine Containment,Escalate for Review,BLOCKED - Missing Evidence,Needs Further Investigation
CASE-0772,Phishing Email,2,0,1,0,Hyderabad,0,0,1,1,0,0,30,MEDIUM,Validate Alert → Check Authentication History → Investigate IP and Location → Review Cloud Activity → Collect Evidence → Assess Risk → Determine Containment,Escalate for Review,Normal Investigation,Benign Activity
CASE-0773,Cloud Account Anomaly,0,1,1,1,Hyderabad,0,0,0,0,0,1,40,MEDIUM,Validate Alert → Check Authentication History → Investigate IP and Location → Collect Evidence → Assess Risk → Determine Containment,Escalate for Review,MANUAL REVIEW - Conflicting Evidence,Needs Further Investigation
CASE-0774,Cloud Account Anomaly,1,1,1,0,Mumbai,1,1,0,0,0,0,50,MEDIUM,Validate Alert → Check Authentication History → Investigate IP and Location → Review Endpoint Activity → Review Email Activity → Collect Evidence → Assess Risk → Determine Containment,Escalate for Review,Normal Investigation,Needs Further Investigation
CASE-0775,Suspicious Login,3,0,1,0,Unknown,1,0,0,0,0,0,30,MEDIUM,Validate Alert → Check Authentication History → Investigate IP and Location → Review Endpoint Activity → Collect Evidence → Assess Risk → Determine Containment,Escalate for Review,Normal Investigation,Benign Activity
CASE-0776,Phishing Email,2,1,0,1,Mumbai,0,1,1,1,0,1,50,MEDIUM,Validate Alert → Check Authentication History → Investigate IP and Location → Review Email Activity → Review Cloud Activity → Collect Evidence → Assess Risk → Determine Containment,Escalate for Review,MANUAL REVIEW - Conflicting Evidence,Needs Further Investigation
CASE-0777,Endpoint Malware,1,1,0,1,Mumbai,0,0,1,1,0,0,40,MEDIUM,Validate Alert → Check Authentication History → Investigate IP and Location → Review Cloud Activity → Collect Evidence → Assess Risk → Determine Containment,Escalate for Review,Normal Investigation,Needs Further Investigation
CASE-0778,Phishing Email,3,0,1,0,Delhi,1,0,1,1,0,0,45,MEDIUM,Validate Alert → Check Authentication History → Investigate IP and Location → Review Endpoint Activity → Review Cloud Activity → Collect Evidence → Assess Risk → Determine Containment,Escalate for Review,Normal Investigation,Needs Further Investigation
CASE-0779,Endpoint Malware,4,1,0,0,Bangalore,0,1,0,1,0,0,25,LOW,Validate Alert → Check Authentication History → Review Email Activity → Collect Evidence → Assess Risk → Determine Containment,Continue Monitoring,Normal Investigation,Benign Activity
CASE-0780,Endpoint Malware,0,1,0,0,Delhi,0,0,1,0,1,1,15,LOW,Validate Alert → Check Authentication History → Review Cloud Activity → Collect Evidence → Assess Risk → Determine Containment,Continue Monitoring,BLOCKED - Missing Evidence,Benign Activity
CASE-0781,Suspicious Login,1,0,0,0,Chennai,1,1,0,0,0,1,25,LOW,Validate Alert → Check Authentication History → Review Endpoint Activity → Review Email Activity → Collect Evidence → Assess Risk → Determine Containment,Continue Monitoring,MANUAL REVIEW - Conflicting Evidence,Benign Activity
CASE-0782,Endpoint Malware,1,0,0,1,Chennai,0,0,0,0,0,1,15,LOW,Validate Alert → Check Authentication History → Investigate IP and Location → Collect Evidence → Assess Risk → Determine Containment,Continue Monitoring,MANUAL REVIEW - Conflicting Evidence,Benign Activity
CASE-0783,Endpoint Malware,2,0,1,1,Hyderabad,0,1,1,1,0,0,55,MEDIUM,Validate Alert → Check Authentication History → Investigate IP and Location → Review Email Activity → Review Cloud Activity → Collect Evidence → Assess Risk → Determine Containment,Escalate for Review,Normal Investigation,Needs Further Investigation
CASE-0784,Phishing Email,2,0,0,0,Bangalore,0,1,0,1,0,0,15,LOW,Validate Alert → Check Authentication History → Review Email Activity → Collect Evidence → Assess Risk → Determine Containment,Continue Monitoring,Normal Investigation,Benign Activity
CASE-0785,Suspicious Login,0,0,1,1,Delhi,0,1,1,0,1,1,45,MEDIUM,Validate Alert → Check Authentication History → Investigate IP and Location → Review Email Activity → Review Cloud Activity → Collect Evidence → Assess Risk → Determine Containment,Escalate for Review,BLOCKED - Missing Evidence,Needs Further Investigation
CASE-0786,Endpoint Malware,2,0,0,0,Chennai,1,1,0,1,0,0,30,MEDIUM,Validate Alert → Check Authentication History → Review Endpoint Activity → Review Email Activity → Collect Evidence → Assess Risk → Determine Containment,Escalate for Review,Normal Investigation,Needs Further Investigation
CASE-0787,Endpoint Malware,0,0,1,1,Mumbai,0,1,0,1,0,0,45,MEDIUM,Validate Alert → Check Authentication History → Investigate IP and Location → Review Email Activity → Collect Evidence → Assess Risk → Determine Containment,Escalate for Review,Normal Investigation,Needs Further Investigation
CASE-0788,Cloud Account Anomaly,4,1,1,0,Unknown,0,0,0,1,0,0,30,MEDIUM,Validate Alert → Check Authentication History → Investigate IP and Location → Collect Evidence → Assess Risk → Determine Containment,Escalate for Review,Normal Investigation,Benign Activity
CASE-0789,Cloud Account Anomaly,1,0,0,1,Mumbai,1,0,0,1,0,0,35,MEDIUM,Validate Alert → Check Authentication History → Investigate IP and Location → Review Endpoint Activity → Collect Evidence → Assess Risk → Determine Containment,Escalate for Review,Normal Investigation,Benign Activity
CASE-0790,Phishing Email,5,1,1,1,Hyderabad,1,1,0,0,1,0,80,HIGH,Validate Alert → Check Authentication History → Investigate IP and Location → Review Endpoint Activity → Review Email Activity → Collect Evidence → Assess Risk → Determine Containment,Escalate to Senior Analyst,BLOCKED - Missing Evidence,Escalated Incident
CASE-0791,Cloud Account Anomaly,1,0,1,0,Chennai,1,0,0,0,0,0,30,MEDIUM,Validate Alert → Check Authentication History → Investigate IP and Location → Review Endpoint Activity → Collect Evidence → Assess Risk → Determine Containment,Escalate for Review,Normal Investigation,Needs Further Investigation
CASE-0792,Phishing Email,1,1,0,0,Hyderabad,0,1,1,0,0,0,30,MEDIUM,Validate Alert → Check Authentication History → Review Email Activity → Review Cloud Activity → Collect Evidence → Assess Risk → Determine Containment,Escalate for Review,Normal Investigation,Needs Further Investigation
CASE-0793,Cloud Account Anomaly,0,0,0,0,Chennai,0,0,0,0,1,1,0,LOW,Validate Alert → Check Authentication History → Collect Evidence → Assess Risk → Determine Containment,Continue Monitoring,BLOCKED - Missing Evidence,Benign Activity
CASE-0794,Cloud Account Anomaly,1,1,0,0,Bangalore,0,1,0,0,0,0,20,LOW,Validate Alert → Check Authentication History → Review Email Activity → Collect Evidence → Assess Risk → Determine Containment,Continue Monitoring,Normal Investigation,Benign Activity
CASE-0795,Suspicious Login,2,0,0,0,Hyderabad,1,0,0,1,0,1,20,LOW,Validate Alert → Check Authentication History → Review Endpoint Activity → Collect Evidence → Assess Risk → Determine Containment,Continue Monitoring,MANUAL REVIEW - Conflicting Evidence,Benign Activity
CASE-0796,Phishing Email,0,1,1,1,Hyderabad,1,0,1,0,0,0,65,HIGH,Validate Alert → Check Authentication History → Investigate IP and Location → Review Endpoint Activity → Review Cloud Activity → Collect Evidence → Assess Risk → Determine Containment,Escalate to Senior Analyst,Normal Investigation,Confirmed Incident
CASE-0797,Endpoint Malware,3,0,0,1,Mumbai,1,1,1,1,0,0,55,MEDIUM,Validate Alert → Check Authentication History → Investigate IP and Location → Review Endpoint Activity → Review Email Activity → Review Cloud Activity → Collect Evidence → Assess Risk → Determine Containment,Escalate for Review,Normal Investigation,Needs Further Investigation
CASE-0798,Suspicious Login,4,1,0,0,Unknown,1,0,0,1,0,1,30,MEDIUM,Validate Alert → Check Authentication History → Review Endpoint Activity → Collect Evidence → Assess Risk → Determine Containment,Escalate for Review,MANUAL REVIEW - Conflicting Evidence,Needs Further Investigation
CASE-0799,Cloud Account Anomaly,2,1,1,1,Chennai,1,0,0,1,1,0,55,MEDIUM,Validate Alert → Check Authentication History → Investigate IP and Location → Review Endpoint Activity → Collect Evidence → Assess Risk → Determine Containment,Escalate for Review,BLOCKED - Missing Evidence,Benign Activity
CASE-0800,Suspicious Login,5,0,1,1,Mumbai,0,0,1,0,0,0,60,HIGH,Validate Alert → Check Authentication History → Investigate IP and Location → Review Cloud Activity → Collect Evidence → Assess Risk → Determine Containment,Isolate Endpoint,Normal Investigation,Confirmed Incident
CASE-0801,Endpoint Malware,2,0,0,0,Mumbai,1,0,0,1,0,0,20,LOW,Validate Alert → Check Authentication History → Review Endpoint Activity → Collect Evidence → Assess Risk → Determine Containment,Continue Monitoring,Normal Investigation,Benign Activity
CASE-0802,Suspicious Login,3,1,0,1,Bangalore,1,1,0,1,1,1,50,MEDIUM,Validate Alert → Check Authentication History → Investigate IP and Location → Review Endpoint Activity → Review Email Activity → Collect Evidence → Assess Risk → Determine Containment,Escalate for Review,BLOCKED - Missing Evidence,Benign Activity
CASE-0803,Suspicious Login,1,1,1,0,Bangalore,0,0,1,1,0,0,40,MEDIUM,Validate Alert → Check Authentication History → Investigate IP and Location → Review Cloud Activity → Collect Evidence → Assess Risk → Determine Containment,Escalate for Review,Normal Investigation,Needs Further Investigation
CASE-0804,Cloud Account Anomaly,2,0,0,0,Mumbai,0,0,0,1,1,0,0,LOW,Validate Alert → Check Authentication History → Collect Evidence → Assess Risk → Determine Containment,Continue Monitoring,BLOCKED - Missing Evidence,Benign Activity
CASE-0805,Phishing Email,0,1,1,0,Chennai,1,0,0,0,0,1,40,MEDIUM,Validate Alert → Check Authentication History → Investigate IP and Location → Review Endpoint Activity → Collect Evidence → Assess Risk → Determine Containment,Escalate for Review,MANUAL REVIEW - Conflicting Evidence,Benign Activity
CASE-0806,Suspicious Login,3,0,1,0,Chennai,1,0,1,1,0,0,45,MEDIUM,Validate Alert → Check Authentication History → Investigate IP and Location → Review Endpoint Activity → Review Cloud Activity → Collect Evidence → Assess Risk → Determine Containment,Escalate for Review,Normal Investigation,Needs Further Investigation
CASE-0807,Phishing Email,1,1,1,0,Unknown,0,0,1,1,1,0,35,MEDIUM,Validate Alert → Check Authentication History → Investigate IP and Location → Review Cloud Activity → Collect Evidence → Assess Risk → Determine Containment,Escalate for Review,BLOCKED - Missing Evidence,Benign Activity
CASE-0808,Endpoint Malware,3,0,1,0,Hyderabad,1,1,1,1,0,0,55,MEDIUM,Validate Alert → Check Authentication History → Investigate IP and Location → Review Endpoint Activity → Review Email Activity → Review Cloud Activity → Collect Evidence → Assess Risk → Determine Containment,Escalate for Review,Normal Investigation,Benign Activity
CASE-0809,Phishing Email,3,1,0,1,Bangalore,1,1,0,0,0,1,50,MEDIUM,Validate Alert → Check Authentication History → Investigate IP and Location → Review Endpoint Activity → Review Email Activity → Collect Evidence → Assess Risk → Determine Containment,Escalate for Review,MANUAL REVIEW - Conflicting Evidence,Needs Further Investigation
CASE-0810,Suspicious Login,1,1,1,0,Mumbai,1,0,0,1,1,1,40,MEDIUM,Validate Alert → Check Authentication History → Investigate IP and Location → Review Endpoint Activity → Collect Evidence → Assess Risk → Determine Containment,Escalate for Review,BLOCKED - Missing Evidence,Needs Further Investigation
CASE-0811,Cloud Account Anomaly,3,1,1,0,Delhi,0,0,0,1,1,0,25,LOW,Validate Alert → Check Authentication History → Investigate IP and Location → Collect Evidence → Assess Risk → Determine Containment,Continue Monitoring,BLOCKED - Missing Evidence,Benign Activity
CASE-0812,Phishing Email,0,0,1,1,Hyderabad,1,0,1,0,0,0,55,MEDIUM,Validate Alert → Check Authentication History → Investigate IP and Location → Review Endpoint Activity → Review Cloud Activity → Collect Evidence → Assess Risk → Determine Containment,Escalate for Review,Normal Investigation,Needs Further Investigation
CASE-0813,Endpoint Malware,1,1,0,0,Bangalore,1,0,1,0,0,0,35,MEDIUM,Validate Alert → Check Authentication History → Review Endpoint Activity → Review Cloud Activity → Collect Evidence → Assess Risk → Determine Containment,Escalate for Review,Normal Investigation,Benign Activity
CASE-0814,Suspicious Login,0,0,0,1,Delhi,1,1,0,0,0,0,40,MEDIUM,Validate Alert → Check Authentication History → Investigate IP and Location → Review Endpoint Activity → Review Email Activity → Collect Evidence → Assess Risk → Determine Containment,Escalate for Review,Normal Investigation,Benign Activity
CASE-0815,Suspicious Login,2,1,1,1,Mumbai,0,1,0,0,0,0,50,MEDIUM,Validate Alert → Check Authentication History → Investigate IP and Location → Review Email Activity → Collect Evidence → Assess Risk → Determine Containment,Escalate for Review,Normal Investigation,Benign Activity
CASE-0816,Endpoint Malware,1,0,1,1,Chennai,1,1,0,1,0,1,60,HIGH,Validate Alert → Check Authentication History → Investigate IP and Location → Review Endpoint Activity → Review Email Activity → Collect Evidence → Assess Risk → Determine Containment,Escalate to Senior Analyst,MANUAL REVIEW - Conflicting Evidence,Escalated Incident
CASE-0817,Endpoint Malware,4,0,0,1,Chennai,1,0,0,1,0,0,35,MEDIUM,Validate Alert → Check Authentication History → Investigate IP and Location → Review Endpoint Activity → Collect Evidence → Assess Risk → Determine Containment,Escalate for Review,Normal Investigation,Benign Activity
CASE-0818,Cloud Account Anomaly,3,1,0,1,Delhi,0,1,0,0,0,1,35,MEDIUM,Validate Alert → Check Authentication History → Investigate IP and Location → Review Email Activity → Collect Evidence → Assess Risk → Determine Containment,Escalate for Review,MANUAL REVIEW - Conflicting Evidence,Needs Further Investigation
CASE-0819,Endpoint Malware,1,1,0,1,Mumbai,0,0,0,1,0,0,30,MEDIUM,Validate Alert → Check Authentication History → Investigate IP and Location → Collect Evidence → Assess Risk → Determine Containment,Escalate for Review,Normal Investigation,Benign Activity
CASE-0820,Suspicious Login,1,1,1,1,Delhi,1,1,1,1,0,0,80,HIGH,Validate Alert → Check Authentication History → Investigate IP and Location → Review Endpoint Activity → Review Email Activity → Review Cloud Activity → Collect Evidence → Assess Risk → Determine Containment,Isolate Endpoint,Normal Investigation,Escalated Incident
CASE-0821,Phishing Email,4,0,0,1,Chennai,1,1,1,1,0,0,55,MEDIUM,Validate Alert → Check Authentication History → Investigate IP and Location → Review Endpoint Activity → Review Email Activity → Review Cloud Activity → Collect Evidence → Assess Risk → Determine Containment,Escalate for Review,Normal Investigation,Needs Further Investigation
CASE-0822,Suspicious Login,1,1,0,1,Delhi,0,1,0,1,1,0,35,MEDIUM,Validate Alert → Check Authentication History → Investigate IP and Location → Review Email Activity → Collect Evidence → Assess Risk → Determine Containment,Escalate for Review,BLOCKED - Missing Evidence,Needs Further Investigation
CASE-0823,Cloud Account Anomaly,1,0,0,1,Bangalore,0,1,1,1,1,0,35,MEDIUM,Validate Alert → Check Authentication History → Investigate IP and Location → Review Email Activity → Review Cloud Activity → Collect Evidence → Assess Risk → Determine Containment,Escalate for Review,BLOCKED - Missing Evidence,Benign Activity
CASE-0824,Phishing Email,1,1,1,1,Mumbai,1,0,0,1,0,0,60,HIGH,Validate Alert → Check Authentication History → Investigate IP and Location → Review Endpoint Activity → Collect Evidence → Assess Risk → Determine Containment,Isolate Endpoint,Normal Investigation,Confirmed Incident
CASE-0825,Phishing Email,3,1,0,1,Bangalore,0,1,0,1,0,1,40,MEDIUM,Validate Alert → Check Authentication History → Investigate IP and Location → Review Email Activity → Collect Evidence → Assess Risk → Determine Containment,Escalate for Review,MANUAL REVIEW - Conflicting Evidence,Benign Activity
CASE-0826,Cloud Account Anomaly,1,0,1,1,Unknown,0,1,0,0,0,1,40,MEDIUM,Validate Alert → Check Authentication History → Investigate IP and Location → Review Email Activity → Collect Evidence → Assess Risk → Determine Containment,Escalate for Review,MANUAL REVIEW - Conflicting Evidence,Needs Further Investigation
CASE-0827,Cloud Account Anomaly,2,1,0,1,Unknown,0,0,0,0,1,0,20,LOW,Validate Alert → Check Authentication History → Investigate IP and Location → Collect Evidence → Assess Risk → Determine Containment,Continue Monitoring,BLOCKED - Missing Evidence,Benign Activity
CASE-0828,Endpoint Malware,5,0,0,1,Mumbai,0,0,1,1,0,0,50,MEDIUM,Validate Alert → Check Authentication History → Investigate IP and Location → Review Cloud Activity → Collect Evidence → Assess Risk → Determine Containment,Escalate for Review,Normal Investigation,Needs Further Investigation
CASE-0829,Endpoint Malware,1,0,1,1,Chennai,0,1,0,0,0,1,40,MEDIUM,Validate Alert → Check Authentication History → Investigate IP and Location → Review Email Activity → Collect Evidence → Assess Risk → Determine Containment,Escalate for Review,MANUAL REVIEW - Conflicting Evidence,Needs Further Investigation
CASE-0830,Cloud Account Anomaly,2,0,0,0,Mumbai,1,1,0,0,0,0,25,LOW,Validate Alert → Check Authentication History → Review Endpoint Activity → Review Email Activity → Collect Evidence → Assess Risk → Determine Containment,Continue Monitoring,Normal Investigation,Benign Activity
CASE-0831,Endpoint Malware,5,1,0,1,Delhi,0,1,0,1,0,0,60,HIGH,Validate Alert → Check Authentication History → Investigate IP and Location → Review Email Activity → Collect Evidence → Assess Risk → Determine Containment,Escalate to Senior Analyst,Normal Investigation,Escalated Incident
CASE-0832,Phishing Email,1,1,0,0,Mumbai,1,0,0,0,0,0,25,LOW,Validate Alert → Check Authentication History → Review Endpoint Activity → Collect Evidence → Assess Risk → Determine Containment,Continue Monitoring,Normal Investigation,Benign Activity
CASE-0833,Cloud Account Anomaly,4,0,0,1,Mumbai,0,0,0,0,0,0,15,LOW,Validate Alert → Check Authentication History → Investigate IP and Location → Collect Evidence → Assess Risk → Determine Containment,Continue Monitoring,Normal Investigation,Benign Activity
CASE-0834,Suspicious Login,4,0,0,1,Delhi,0,0,0,0,0,0,15,LOW,Validate Alert → Check Authentication History → Investigate IP and Location → Collect Evidence → Assess Risk → Determine Containment,Continue Monitoring,Normal Investigation,Benign Activity
CASE-0835,Endpoint Malware,1,0,1,1,Unknown,1,1,1,1,0,0,70,HIGH,Validate Alert → Check Authentication History → Investigate IP and Location → Review Endpoint Activity → Review Email Activity → Review Cloud Activity → Collect Evidence → Assess Risk → Determine Containment,Isolate Endpoint,Normal Investigation,Confirmed Incident
CASE-0836,Phishing Email,2,1,0,1,Mumbai,0,0,1,1,1,0,35,MEDIUM,Validate Alert → Check Authentication History → Investigate IP and Location → Review Cloud Activity → Collect Evidence → Assess Risk → Determine Containment,Escalate for Review,BLOCKED - Missing Evidence,Benign Activity
CASE-0837,Suspicious Login,3,1,1,0,Hyderabad,1,1,0,1,0,0,55,MEDIUM,Validate Alert → Check Authentication History → Investigate IP and Location → Review Endpoint Activity → Review Email Activity → Collect Evidence → Assess Risk → Determine Containment,Escalate for Review,Normal Investigation,Benign Activity
CASE-0838,Cloud Account Anomaly,6,1,1,1,Chennai,0,0,0,1,1,0,60,HIGH,Validate Alert → Check Authentication History → Investigate IP and Location → Collect Evidence → Assess Risk → Determine Containment,Disable Account,BLOCKED - Missing Evidence,Confirmed Incident
CASE-0839,Endpoint Malware,0,1,1,0,Bangalore,1,0,0,1,0,1,45,MEDIUM,Validate Alert → Check Authentication History → Investigate IP and Location → Review Endpoint Activity → Collect Evidence → Assess Risk → Determine Containment,Escalate for Review,MANUAL REVIEW - Conflicting Evidence,Benign Activity
CASE-0840,Cloud Account Anomaly,4,1,0,0,Unknown,1,1,0,0,0,1,35,MEDIUM,Validate Alert → Check Authentication History → Review Endpoint Activity → Review Email Activity → Collect Evidence → Assess Risk → Determine Containment,Escalate for Review,MANUAL REVIEW - Conflicting Evidence,Benign Activity
CASE-0841,Suspicious Login,3,1,1,1,Mumbai,1,0,0,0,1,0,50,MEDIUM,Validate Alert → Check Authentication History → Investigate IP and Location → Review Endpoint Activity → Collect Evidence → Assess Risk → Determine Containment,Escalate for Review,BLOCKED - Missing Evidence,Needs Further Investigation
CASE-0842,Cloud Account Anomaly,1,0,0,1,Unknown,0,1,1,0,0,0,35,MEDIUM,Validate Alert → Check Authentication History → Investigate IP and Location → Review Email Activity → Review Cloud Activity → Collect Evidence → Assess Risk → Determine Containment,Escalate for Review,Normal Investigation,Needs Further Investigation
CASE-0843,Suspicious Login,4,1,1,0,Chennai,1,0,0,1,0,0,45,MEDIUM,Validate Alert → Check Authentication History → Investigate IP and Location → Review Endpoint Activity → Collect Evidence → Assess Risk → Determine Containment,Escalate for Review,Normal Investigation,Benign Activity
CASE-0844,Cloud Account Anomaly,1,1,1,1,Mumbai,1,1,0,1,1,1,65,HIGH,Validate Alert → Check Authentication History → Investigate IP and Location → Review Endpoint Activity → Review Email Activity → Collect Evidence → Assess Risk → Determine Containment,Isolate Endpoint,BLOCKED - Missing Evidence,Escalated Incident
CASE-0845,Cloud Account Anomaly,2,1,0,1,Chennai,0,0,0,0,0,0,25,LOW,Validate Alert → Check Authentication History → Investigate IP and Location → Collect Evidence → Assess Risk → Determine Containment,Continue Monitoring,Normal Investigation,Benign Activity
CASE-0846,Phishing Email,1,1,0,0,Chennai,0,0,1,0,0,0,20,LOW,Validate Alert → Check Authentication History → Review Cloud Activity → Collect Evidence → Assess Risk → Determine Containment,Continue Monitoring,Normal Investigation,Benign Activity
CASE-0847,Suspicious Login,4,0,1,0,Chennai,1,1,1,1,0,0,55,MEDIUM,Validate Alert → Check Authentication History → Investigate IP and Location → Review Endpoint Activity → Review Email Activity → Review Cloud Activity → Collect Evidence → Assess Risk → Determine Containment,Escalate for Review,Normal Investigation,Benign Activity
CASE-0848,Endpoint Malware,3,1,0,1,Unknown,1,0,0,1,1,0,40,MEDIUM,Validate Alert → Check Authentication History → Investigate IP and Location → Review Endpoint Activity → Collect Evidence → Assess Risk → Determine Containment,Escalate for Review,BLOCKED - Missing Evidence,Benign Activity
CASE-0849,Cloud Account Anomaly,6,0,0,1,Delhi,1,0,1,0,0,1,60,HIGH,Validate Alert → Check Authentication History → Investigate IP and Location → Review Endpoint Activity → Review Cloud Activity → Collect Evidence → Assess Risk → Determine Containment,Isolate Endpoint,MANUAL REVIEW - Conflicting Evidence,Confirmed Incident
CASE-0850,Suspicious Login,1,0,0,0,Hyderabad,1,1,0,1,0,0,30,MEDIUM,Validate Alert → Check Authentication History → Review Endpoint Activity → Review Email Activity → Collect Evidence → Assess Risk → Determine Containment,Escalate for Review,Normal Investigation,Needs Further Investigation
CASE-0851,Phishing Email,2,1,1,0,Hyderabad,0,0,0,1,1,0,25,LOW,Validate Alert → Check Authentication History → Investigate IP and Location → Collect Evidence → Assess Risk → Determine Containment,Continue Monitoring,BLOCKED - Missing Evidence,Benign Activity
CASE-0852,Endpoint Malware,1,1,0,0,Chennai,1,1,0,1,0,0,40,MEDIUM,Validate Alert → Check Authentication History → Review Endpoint Activity → Review Email Activity → Collect Evidence → Assess Risk → Determine Containment,Escalate for Review,Normal Investigation,Benign Activity
CASE-0853,Suspicious Login,2,0,0,1,Mumbai,0,1,0,1,1,0,25,LOW,Validate Alert → Check Authentication History → Investigate IP and Location → Review Email Activity → Collect Evidence → Assess Risk → Determine Containment,Continue Monitoring,BLOCKED - Missing Evidence,Benign Activity
CASE-0854,Suspicious Login,3,0,1,1,Mumbai,0,0,1,1,0,0,45,MEDIUM,Validate Alert → Check Authentication History → Investigate IP and Location → Review Cloud Activity → Collect Evidence → Assess Risk → Determine Containment,Escalate for Review,Normal Investigation,Benign Activity
CASE-0855,Phishing Email,3,0,0,1,Hyderabad,1,0,1,0,1,0,35,MEDIUM,Validate Alert → Check Authentication History → Investigate IP and Location → Review Endpoint Activity → Review Cloud Activity → Collect Evidence → Assess Risk → Determine Containment,Escalate for Review,BLOCKED - Missing Evidence,Benign Activity
CASE-0856,Cloud Account Anomaly,0,1,0,0,Hyderabad,0,0,0,0,0,0,10,LOW,Validate Alert → Check Authentication History → Collect Evidence → Assess Risk → Determine Containment,Continue Monitoring,Normal Investigation,Benign Activity
CASE-0857,Phishing Email,1,0,0,0,Bangalore,1,0,1,1,1,0,25,LOW,Validate Alert → Check Authentication History → Review Endpoint Activity → Review Cloud Activity → Collect Evidence → Assess Risk → Determine Containment,Continue Monitoring,BLOCKED - Missing Evidence,Benign Activity
CASE-0858,Phishing Email,1,1,0,0,Hyderabad,0,1,1,1,0,0,35,MEDIUM,Validate Alert → Check Authentication History → Review Email Activity → Review Cloud Activity → Collect Evidence → Assess Risk → Determine Containment,Escalate for Review,Normal Investigation,Needs Further Investigation
CASE-0859,Cloud Account Anomaly,4,1,0,0,Bangalore,1,0,0,0,0,0,25,LOW,Validate Alert → Check Authentication History → Review Endpoint Activity → Collect Evidence → Assess Risk → Determine Containment,Continue Monitoring,Normal Investigation,Benign Activity
CASE-0860,Suspicious Login,1,1,1,1,Hyderabad,0,0,1,0,0,1,50,MEDIUM,Validate Alert → Check Authentication History → Investigate IP and Location → Review Cloud Activity → Collect Evidence → Assess Risk → Determine Containment,Escalate for Review,MANUAL REVIEW - Conflicting Evidence,Needs Further Investigation
CASE-0861,Phishing Email,4,1,0,1,Bangalore,0,1,0,0,0,1,35,MEDIUM,Validate Alert → Check Authentication History → Investigate IP and Location → Review Email Activity → Collect Evidence → Assess Risk → Determine Containment,Escalate for Review,MANUAL REVIEW - Conflicting Evidence,Benign Activity
CASE-0862,Endpoint Malware,0,0,0,0,Unknown,1,1,1,1,0,1,40,MEDIUM,Validate Alert → Check Authentication History → Review Endpoint Activity → Review Email Activity → Review Cloud Activity → Collect Evidence → Assess Risk → Determine Containment,Escalate for Review,MANUAL REVIEW - Conflicting Evidence,Benign Activity
CASE-0863,Cloud Account Anomaly,3,1,1,1,Bangalore,0,1,1,1,1,0,60,HIGH,Validate Alert → Check Authentication History → Investigate IP and Location → Review Email Activity → Review Cloud Activity → Collect Evidence → Assess Risk → Determine Containment,Disable Account,BLOCKED - Missing Evidence,Confirmed Incident
CASE-0864,Cloud Account Anomaly,1,0,0,1,Bangalore,1,0,0,1,0,0,35,MEDIUM,Validate Alert → Check Authentication History → Investigate IP and Location → Review Endpoint Activity → Collect Evidence → Assess Risk → Determine Containment,Escalate for Review,Normal Investigation,Needs Further Investigation
CASE-0865,Cloud Account Anomaly,2,0,1,1,Mumbai,0,1,1,1,1,1,50,MEDIUM,Validate Alert → Check Authentication History → Investigate IP and Location → Review Email Activity → Review Cloud Activity → Collect Evidence → Assess Risk → Determine Containment,Escalate for Review,BLOCKED - Missing Evidence,Benign Activity
CASE-0866,Phishing Email,4,0,0,1,Delhi,0,1,1,1,0,0,40,MEDIUM,Validate Alert → Check Authentication History → Investigate IP and Location → Review Email Activity → Review Cloud Activity → Collect Evidence → Assess Risk → Determine Containment,Escalate for Review,Normal Investigation,Needs Further Investigation
CASE-0867,Endpoint Malware,2,1,0,1,Delhi,0,1,1,1,0,0,50,MEDIUM,Validate Alert → Check Authentication History → Investigate IP and Location → Review Email Activity → Review Cloud Activity → Collect Evidence → Assess Risk → Determine Containment,Escalate for Review,Normal Investigation,Needs Further Investigation
CASE-0868,Suspicious Login,1,0,1,0,Chennai,0,1,1,0,1,0,30,MEDIUM,Validate Alert → Check Authentication History → Investigate IP and Location → Review Email Activity → Review Cloud Activity → Collect Evidence → Assess Risk → Determine Containment,Escalate for Review,BLOCKED - Missing Evidence,Needs Further Investigation
CASE-0869,Phishing Email,1,0,1,1,Mumbai,0,0,1,0,0,0,40,MEDIUM,Validate Alert → Check Authentication History → Investigate IP and Location → Review Cloud Activity → Collect Evidence → Assess Risk → Determine Containment,Escalate for Review,Normal Investigation,Needs Further Investigation
CASE-0870,Endpoint Malware,2,0,1,1,Hyderabad,0,1,1,1,0,0,55,MEDIUM,Validate Alert → Check Authentication History → Investigate IP and Location → Review Email Activity → Review Cloud Activity → Collect Evidence → Assess Risk → Determine Containment,Escalate for Review,Normal Investigation,Benign Activity
CASE-0871,Phishing Email,1,0,1,1,Mumbai,0,0,1,0,1,1,35,MEDIUM,Validate Alert → Check Authentication History → Investigate IP and Location → Review Cloud Activity → Collect Evidence → Assess Risk → Determine Containment,Escalate for Review,BLOCKED - Missing Evidence,Needs Further Investigation
CASE-0872,Phishing Email,2,0,1,1,Unknown,0,1,1,0,0,1,50,MEDIUM,Validate Alert → Check Authentication History → Investigate IP and Location → Review Email Activity → Review Cloud Activity → Collect Evidence → Assess Risk → Determine Containment,Escalate for Review,MANUAL REVIEW - Conflicting Evidence,Benign Activity
CASE-0873,Phishing Email,1,1,1,1,Delhi,1,1,1,1,1,0,75,HIGH,Validate Alert → Check Authentication History → Investigate IP and Location → Review Endpoint Activity → Review Email Activity → Review Cloud Activity → Collect Evidence → Assess Risk → Determine Containment,Escalate to Senior Analyst,BLOCKED - Missing Evidence,Confirmed Incident
CASE-0874,Suspicious Login,2,0,1,0,Unknown,1,0,1,0,1,0,35,MEDIUM,Validate Alert → Check Authentication History → Investigate IP and Location → Review Endpoint Activity → Review Cloud Activity → Collect Evidence → Assess Risk → Determine Containment,Escalate for Review,BLOCKED - Missing Evidence,Benign Activity
CASE-0875,Suspicious Login,0,1,1,0,Mumbai,0,0,1,0,0,1,35,MEDIUM,Validate Alert → Check Authentication History → Investigate IP and Location → Review Cloud Activity → Collect Evidence → Assess Risk → Determine Containment,Escalate for Review,MANUAL REVIEW - Conflicting Evidence,Needs Further Investigation
CASE-0876,Cloud Account Anomaly,1,1,0,0,Unknown,0,0,0,1,0,0,15,LOW,Validate Alert → Check Authentication History → Collect Evidence → Assess Risk → Determine Containment,Continue Monitoring,Normal Investigation,Benign Activity
CASE-0877,Endpoint Malware,4,1,1,0,Hyderabad,1,0,0,0,0,0,40,MEDIUM,Validate Alert → Check Authentication History → Investigate IP and Location → Review Endpoint Activity → Collect Evidence → Assess Risk → Determine Containment,Escalate for Review,Normal Investigation,Needs Further Investigation
CASE-0878,Suspicious Login,3,0,0,0,Delhi,1,0,1,1,0,0,30,MEDIUM,Validate Alert → Check Authentication History → Review Endpoint Activity → Review Cloud Activity → Collect Evidence → Assess Risk → Determine Containment,Escalate for Review,Normal Investigation,Benign Activity
CASE-0879,Cloud Account Anomaly,2,0,0,1,Unknown,1,0,1,0,0,0,40,MEDIUM,Validate Alert → Check Authentication History → Investigate IP and Location → Review Endpoint Activity → Review Cloud Activity → Collect Evidence → Assess Risk → Determine Containment,Escalate for Review,Normal Investigation,Needs Further Investigation
CASE-0880,Endpoint Malware,2,0,0,1,Delhi,1,1,1,0,1,0,45,MEDIUM,Validate Alert → Check Authentication History → Investigate IP and Location → Review Endpoint Activity → Review Email Activity → Review Cloud Activity → Collect Evidence → Assess Risk → Determine Containment,Escalate for Review,BLOCKED - Missing Evidence,Benign Activity
CASE-0881,Cloud Account Anomaly,1,0,1,1,Chennai,1,0,0,1,1,0,45,MEDIUM,Validate Alert → Check Authentication History → Investigate IP and Location → Review Endpoint Activity → Collect Evidence → Assess Risk → Determine Containment,Escalate for Review,BLOCKED - Missing Evidence,Benign Activity
CASE-0882,Phishing Email,5,0,1,0,Hyderabad,1,0,1,1,0,0,65,HIGH,Validate Alert → Check Authentication History → Investigate IP and Location → Review Endpoint Activity → Review Cloud Activity → Collect Evidence → Assess Risk → Determine Containment,Isolate Endpoint,Normal Investigation,Escalated Incident
CASE-0883,Endpoint Malware,0,1,1,0,Mumbai,0,0,1,1,1,1,35,MEDIUM,Validate Alert → Check Authentication History → Investigate IP and Location → Review Cloud Activity → Collect Evidence → Assess Risk → Determine Containment,Escalate for Review,BLOCKED - Missing Evidence,Needs Further Investigation
CASE-0884,Phishing Email,2,1,0,1,Hyderabad,1,1,0,1,0,1,55,MEDIUM,Validate Alert → Check Authentication History → Investigate IP and Location → Review Endpoint Activity → Review Email Activity → Collect Evidence → Assess Risk → Determine Containment,Escalate for Review,MANUAL REVIEW - Conflicting Evidence,Benign Activity
CASE-0885,Phishing Email,3,1,0,0,Unknown,0,0,0,0,0,0,10,LOW,Validate Alert → Check Authentication History → Collect Evidence → Assess Risk → Determine Containment,Continue Monitoring,Normal Investigation,Benign Activity
CASE-0886,Cloud Account Anomaly,1,1,0,0,Hyderabad,0,0,1,1,0,0,25,LOW,Validate Alert → Check Authentication History → Review Cloud Activity → Collect Evidence → Assess Risk → Determine Containment,Continue Monitoring,Normal Investigation,Benign Activity
CASE-0887,Phishing Email,2,0,0,0,Unknown,1,1,0,0,0,0,25,LOW,Validate Alert → Check Authentication History → Review Endpoint Activity → Review Email Activity → Collect Evidence → Assess Risk → Determine Containment,Continue Monitoring,Normal Investigation,Benign Activity
CASE-0888,Cloud Account Anomaly,4,1,0,0,Unknown,0,1,1,1,0,0,35,MEDIUM,Validate Alert → Check Authentication History → Review Email Activity → Review Cloud Activity → Collect Evidence → Assess Risk → Determine Containment,Escalate for Review,Normal Investigation,Needs Further Investigation
CASE-0889,Endpoint Malware,3,1,0,0,Mumbai,0,0,0,0,0,0,10,LOW,Validate Alert → Check Authentication History → Collect Evidence → Assess Risk → Determine Containment,Continue Monitoring,Normal Investigation,Benign Activity
CASE-0890,Cloud Account Anomaly,2,0,1,0,Chennai,1,0,0,1,0,0,35,MEDIUM,Validate Alert → Check Authentication History → Investigate IP and Location → Review Endpoint Activity → Collect Evidence → Assess Risk → Determine Containment,Escalate for Review,Normal Investigation,Needs Further Investigation
CASE-0891,Cloud Account Anomaly,1,1,1,0,Chennai,0,0,1,0,0,0,35,MEDIUM,Validate Alert → Check Authentication History → Investigate IP and Location → Review Cloud Activity → Collect Evidence → Assess Risk → Determine Containment,Escalate for Review,Normal Investigation,Needs Further Investigation
CASE-0892,Phishing Email,3,0,0,1,Hyderabad,1,1,1,0,0,0,50,MEDIUM,Validate Alert → Check Authentication History → Investigate IP and Location → Review Endpoint Activity → Review Email Activity → Review Cloud Activity → Collect Evidence → Assess Risk → Determine Containment,Escalate for Review,Normal Investigation,Needs Further Investigation
CASE-0893,Endpoint Malware,2,1,1,0,Mumbai,0,1,1,0,0,0,45,MEDIUM,Validate Alert → Check Authentication History → Investigate IP and Location → Review Email Activity → Review Cloud Activity → Collect Evidence → Assess Risk → Determine Containment,Escalate for Review,Normal Investigation,Benign Activity
CASE-0894,Endpoint Malware,1,1,0,0,Hyderabad,0,1,0,0,1,0,15,LOW,Validate Alert → Check Authentication History → Review Email Activity → Collect Evidence → Assess Risk → Determine Containment,Continue Monitoring,BLOCKED - Missing Evidence,Benign Activity
CASE-0895,Suspicious Login,0,1,0,1,Delhi,0,1,0,1,0,0,40,MEDIUM,Validate Alert → Check Authentication History → Investigate IP and Location → Review Email Activity → Collect Evidence → Assess Risk → Determine Containment,Escalate for Review,Normal Investigation,Needs Further Investigation
CASE-0896,Endpoint Malware,0,1,1,1,Unknown,1,0,0,0,0,0,55,MEDIUM,Validate Alert → Check Authentication History → Investigate IP and Location → Review Endpoint Activity → Collect Evidence → Assess Risk → Determine Containment,Escalate for Review,Normal Investigation,Benign Activity
CASE-0897,Suspicious Login,2,1,0,1,Chennai,1,0,1,1,0,0,55,MEDIUM,Validate Alert → Check Authentication History → Investigate IP and Location → Review Endpoint Activity → Review Cloud Activity → Collect Evidence → Assess Risk → Determine Containment,Escalate for Review,Normal Investigation,Benign Activity
CASE-0898,Phishing Email,0,1,0,1,Bangalore,1,0,0,0,0,1,40,MEDIUM,Validate Alert → Check Authentication History → Investigate IP and Location → Review Endpoint Activity → Collect Evidence → Assess Risk → Determine Containment,Escalate for Review,MANUAL REVIEW - Conflicting Evidence,Needs Further Investigation
CASE-0899,Cloud Account Anomaly,1,0,0,0,Mumbai,0,0,0,0,1,0,0,LOW,Validate Alert → Check Authentication History → Collect Evidence → Assess Risk → Determine Containment,Continue Monitoring,BLOCKED - Missing Evidence,Benign Activity
CASE-0900,Suspicious Login,0,1,1,0,Chennai,1,0,1,1,0,1,55,MEDIUM,Validate Alert → Check Authentication History → Investigate IP and Location → Review Endpoint Activity → Review Cloud Activity → Collect Evidence → Assess Risk → Determine Containment,Escalate for Review,MANUAL REVIEW - Conflicting Evidence,Needs Further Investigation
CASE-0901,Phishing Email,0,0,1,1,Hyderabad,0,1,1,1,0,1,55,MEDIUM,Validate Alert → Check Authentication History → Investigate IP and Location → Review Email Activity → Review Cloud Activity → Collect Evidence → Assess Risk → Determine Containment,Escalate for Review,MANUAL REVIEW - Conflicting Evidence,Needs Further Investigation
CASE-0902,Phishing Email,2,1,0,0,Hyderabad,1,1,1,1,0,0,50,MEDIUM,Validate Alert → Check Authentication History → Review Endpoint Activity → Review Email Activity → Review Cloud Activity → Collect Evidence → Assess Risk → Determine Containment,Escalate for Review,Normal Investigation,Needs Further Investigation
CASE-0903,Endpoint Malware,2,1,0,0,Delhi,1,0,0,0,1,1,20,LOW,Validate Alert → Check Authentication History → Review Endpoint Activity → Collect Evidence → Assess Risk → Determine Containment,Continue Monitoring,BLOCKED - Missing Evidence,Benign Activity
CASE-0904,Suspicious Login,4,0,1,0,Hyderabad,1,1,1,1,0,0,55,MEDIUM,Validate Alert → Check Authentication History → Investigate IP and Location → Review Endpoint Activity → Review Email Activity → Review Cloud Activity → Collect Evidence → Assess Risk → Determine Containment,Escalate for Review,Normal Investigation,Benign Activity
CASE-0905,Cloud Account Anomaly,4,1,0,1,Unknown,1,1,0,0,0,0,50,MEDIUM,Validate Alert → Check Authentication History → Investigate IP and Location → Review Endpoint Activity → Review Email Activity → Collect Evidence → Assess Risk → Determine Containment,Escalate for Review,Normal Investigation,Needs Further Investigation
CASE-0906,Cloud Account Anomaly,0,0,1,0,Unknown,1,0,1,1,0,0,45,MEDIUM,Validate Alert → Check Authentication History → Investigate IP and Location → Review Endpoint Activity → Review Cloud Activity → Collect Evidence → Assess Risk → Determine Containment,Escalate for Review,Normal Investigation,Benign Activity
CASE-0907,Cloud Account Anomaly,2,1,0,0,Delhi,1,1,1,1,0,0,50,MEDIUM,Validate Alert → Check Authentication History → Review Endpoint Activity → Review Email Activity → Review Cloud Activity → Collect Evidence → Assess Risk → Determine Containment,Escalate for Review,Normal Investigation,Benign Activity
CASE-0908,Endpoint Malware,1,0,0,1,Chennai,1,0,0,1,0,1,35,MEDIUM,Validate Alert → Check Authentication History → Investigate IP and Location → Review Endpoint Activity → Collect Evidence → Assess Risk → Determine Containment,Escalate for Review,MANUAL REVIEW - Conflicting Evidence,Benign Activity
CASE-0909,Phishing Email,2,1,1,1,Delhi,0,0,1,1,0,0,55,MEDIUM,Validate Alert → Check Authentication History → Investigate IP and Location → Review Cloud Activity → Collect Evidence → Assess Risk → Determine Containment,Escalate for Review,Normal Investigation,Benign Activity
CASE-0910,Suspicious Login,1,1,0,1,Mumbai,0,1,1,0,1,0,40,MEDIUM,Validate Alert → Check Authentication History → Investigate IP and Location → Review Email Activity → Review Cloud Activity → Collect Evidence → Assess Risk → Determine Containment,Escalate for Review,BLOCKED - Missing Evidence,Needs Further Investigation
CASE-0911,Phishing Email,0,0,1,0,Bangalore,1,1,1,1,0,0,55,MEDIUM,Validate Alert → Check Authentication History → Investigate IP and Location → Review Endpoint Activity → Review Email Activity → Review Cloud Activity → Collect Evidence → Assess Risk → Determine Containment,Escalate for Review,Normal Investigation,Needs Further Investigation
CASE-0912,Suspicious Login,4,0,0,0,Unknown,0,1,1,0,0,0,20,LOW,Validate Alert → Check Authentication History → Review Email Activity → Review Cloud Activity → Collect Evidence → Assess Risk → Determine Containment,Continue Monitoring,Normal Investigation,Benign Activity
CASE-0913,Phishing Email,4,1,0,1,Chennai,0,0,1,0,0,1,35,MEDIUM,Validate Alert → Check Authentication History → Investigate IP and Location → Review Cloud Activity → Collect Evidence → Assess Risk → Determine Containment,Escalate for Review,MANUAL REVIEW - Conflicting Evidence,Benign Activity
CASE-0914,Suspicious Login,1,0,0,1,Mumbai,1,1,0,1,0,0,45,MEDIUM,Validate Alert → Check Authentication History → Investigate IP and Location → Review Endpoint Activity → Review Email Activity → Collect Evidence → Assess Risk → Determine Containment,Escalate for Review,Normal Investigation,Needs Further Investigation
CASE-0915,Phishing Email,1,1,1,1,Hyderabad,1,1,0,0,0,0,65,HIGH,Validate Alert → Check Authentication History → Investigate IP and Location → Review Endpoint Activity → Review Email Activity → Collect Evidence → Assess Risk → Determine Containment,Disable Account,Normal Investigation,Confirmed Incident
CASE-0916,Suspicious Login,3,0,0,1,Chennai,1,0,1,0,0,0,40,MEDIUM,Validate Alert → Check Authentication History → Investigate IP and Location → Review Endpoint Activity → Review Cloud Activity → Collect Evidence → Assess Risk → Determine Containment,Escalate for Review,Normal Investigation,Needs Further Investigation
CASE-0917,Endpoint Malware,6,1,0,0,Mumbai,1,1,1,1,0,1,70,HIGH,Validate Alert → Check Authentication History → Review Endpoint Activity → Review Email Activity → Review Cloud Activity → Collect Evidence → Assess Risk → Determine Containment,Disable Account,MANUAL REVIEW - Conflicting Evidence,Confirmed Incident
CASE-0918,Endpoint Malware,1,1,0,1,Mumbai,1,0,0,1,1,0,40,MEDIUM,Validate Alert → Check Authentication History → Investigate IP and Location → Review Endpoint Activity → Collect Evidence → Assess Risk → Determine Containment,Escalate for Review,BLOCKED - Missing Evidence,Needs Further Investigation
CASE-0919,Suspicious Login,1,1,1,0,Hyderabad,1,1,0,0,0,0,50,MEDIUM,Validate Alert → Check Authentication History → Investigate IP and Location → Review Endpoint Activity → Review Email Activity → Collect Evidence → Assess Risk → Determine Containment,Escalate for Review,Normal Investigation,Needs Further Investigation
CASE-0920,Phishing Email,3,1,1,1,Unknown,0,0,1,1,0,1,55,MEDIUM,Validate Alert → Check Authentication History → Investigate IP and Location → Review Cloud Activity → Collect Evidence → Assess Risk → Determine Containment,Escalate for Review,MANUAL REVIEW - Conflicting Evidence,Benign Activity
CASE-0921,Endpoint Malware,3,0,1,0,Chennai,0,0,1,1,1,1,25,LOW,Validate Alert → Check Authentication History → Investigate IP and Location → Review Cloud Activity → Collect Evidence → Assess Risk → Determine Containment,Continue Monitoring,BLOCKED - Missing Evidence,Benign Activity
CASE-0922,Endpoint Malware,1,0,1,0,Bangalore,0,0,0,1,1,0,15,LOW,Validate Alert → Check Authentication History → Investigate IP and Location → Collect Evidence → Assess Risk → Determine Containment,Continue Monitoring,BLOCKED - Missing Evidence,Benign Activity
CASE-0923,Cloud Account Anomaly,2,0,1,0,Delhi,1,1,0,0,0,1,40,MEDIUM,Validate Alert → Check Authentication History → Investigate IP and Location → Review Endpoint Activity → Review Email Activity → Collect Evidence → Assess Risk → Determine Containment,Escalate for Review,MANUAL REVIEW - Conflicting Evidence,Benign Activity
CASE-0924,Cloud Account Anomaly,2,1,1,1,Unknown,1,0,0,0,0,0,55,MEDIUM,Validate Alert → Check Authentication History → Investigate IP and Location → Review Endpoint Activity → Collect Evidence → Assess Risk → Determine Containment,Escalate for Review,Normal Investigation,Benign Activity
CASE-0925,Cloud Account Anomaly,1,1,1,1,Chennai,0,1,0,0,0,0,50,MEDIUM,Validate Alert → Check Authentication History → Investigate IP and Location → Review Email Activity → Collect Evidence → Assess Risk → Determine Containment,Escalate for Review,Normal Investigation,Benign Activity
CASE-0926,Cloud Account Anomaly,2,1,1,1,Hyderabad,1,0,0,0,0,0,55,MEDIUM,Validate Alert → Check Authentication History → Investigate IP and Location → Review Endpoint Activity → Collect Evidence → Assess Risk → Determine Containment,Escalate for Review,Normal Investigation,Benign Activity
CASE-0927,Phishing Email,2,0,1,1,Bangalore,0,0,1,1,1,0,40,MEDIUM,Validate Alert → Check Authentication History → Investigate IP and Location → Review Cloud Activity → Collect Evidence → Assess Risk → Determine Containment,Escalate for Review,BLOCKED - Missing Evidence,Needs Further Investigation
CASE-0928,Phishing Email,2,1,0,0,Hyderabad,1,0,0,0,0,0,25,LOW,Validate Alert → Check Authentication History → Review Endpoint Activity → Collect Evidence → Assess Risk → Determine Containment,Continue Monitoring,Normal Investigation,Benign Activity
CASE-0929,Suspicious Login,2,0,0,1,Delhi,0,1,0,1,1,1,25,LOW,Validate Alert → Check Authentication History → Investigate IP and Location → Review Email Activity → Collect Evidence → Assess Risk → Determine Containment,Continue Monitoring,BLOCKED - Missing Evidence,Benign Activity
CASE-0930,Endpoint Malware,2,1,1,0,Mumbai,0,1,1,1,0,0,50,MEDIUM,Validate Alert → Check Authentication History → Investigate IP and Location → Review Email Activity → Review Cloud Activity → Collect Evidence → Assess Risk → Determine Containment,Escalate for Review,Normal Investigation,Needs Further Investigation
CASE-0931,Suspicious Login,1,1,0,0,Unknown,0,1,0,1,0,0,25,LOW,Validate Alert → Check Authentication History → Review Email Activity → Collect Evidence → Assess Risk → Determine Containment,Continue Monitoring,Normal Investigation,Benign Activity
CASE-0932,Suspicious Login,1,1,0,1,Hyderabad,0,1,0,0,0,0,35,MEDIUM,Validate Alert → Check Authentication History → Investigate IP and Location → Review Email Activity → Collect Evidence → Assess Risk → Determine Containment,Escalate for Review,Normal Investigation,Needs Further Investigation
CASE-0933,Cloud Account Anomaly,5,0,0,1,Bangalore,1,0,1,0,1,0,55,MEDIUM,Validate Alert → Check Authentication History → Investigate IP and Location → Review Endpoint Activity → Review Cloud Activity → Collect Evidence → Assess Risk → Determine Containment,Escalate for Review,BLOCKED - Missing Evidence,Needs Further Investigation
CASE-0934,Suspicious Login,3,0,0,1,Unknown,0,1,0,0,0,0,25,LOW,Validate Alert → Check Authentication History → Investigate IP and Location → Review Email Activity → Collect Evidence → Assess Risk → Determine Containment,Continue Monitoring,Normal Investigation,Benign Activity
CASE-0935,Phishing Email,3,1,0,1,Delhi,1,0,1,0,0,1,50,MEDIUM,Validate Alert → Check Authentication History → Investigate IP and Location → Review Endpoint Activity → Review Cloud Activity → Collect Evidence → Assess Risk → Determine Containment,Escalate for Review,MANUAL REVIEW - Conflicting Evidence,Benign Activity
CASE-0936,Cloud Account Anomaly,1,1,1,1,Bangalore,0,0,0,1,1,0,40,MEDIUM,Validate Alert → Check Authentication History → Investigate IP and Location → Collect Evidence → Assess Risk → Determine Containment,Escalate for Review,BLOCKED - Missing Evidence,Benign Activity
CASE-0937,Cloud Account Anomaly,2,0,0,1,Hyderabad,1,0,1,1,0,0,45,MEDIUM,Validate Alert → Check Authentication History → Investigate IP and Location → Review Endpoint Activity → Review Cloud Activity → Collect Evidence → Assess Risk → Determine Containment,Escalate for Review,Normal Investigation,Benign Activity
CASE-0938,Cloud Account Anomaly,7,0,0,1,Delhi,1,0,1,0,0,0,60,HIGH,Validate Alert → Check Authentication History → Investigate IP and Location → Review Endpoint Activity → Review Cloud Activity → Collect Evidence → Assess Risk → Determine Containment,Escalate to Senior Analyst,Normal Investigation,Escalated Incident
CASE-0939,Cloud Account Anomaly,2,1,1,1,Mumbai,1,0,1,1,0,0,70,HIGH,Validate Alert → Check Authentication History → Investigate IP and Location → Review Endpoint Activity → Review Cloud Activity → Collect Evidence → Assess Risk → Determine Containment,Escalate to Senior Analyst,Normal Investigation,Confirmed Incident
CASE-0940,Cloud Account Anomaly,2,1,0,0,Chennai,0,0,1,0,0,1,20,LOW,Validate Alert → Check Authentication History → Review Cloud Activity → Collect Evidence → Assess Risk → Determine Containment,Continue Monitoring,MANUAL REVIEW - Conflicting Evidence,Benign Activity
CASE-0941,Cloud Account Anomaly,3,0,1,1,Unknown,0,0,0,1,0,0,35,MEDIUM,Validate Alert → Check Authentication History → Investigate IP and Location → Collect Evidence → Assess Risk → Determine Containment,Escalate for Review,Normal Investigation,Benign Activity
CASE-0942,Endpoint Malware,0,1,0,1,Hyderabad,1,1,0,0,0,0,50,MEDIUM,Validate Alert → Check Authentication History → Investigate IP and Location → Review Endpoint Activity → Review Email Activity → Collect Evidence → Assess Risk → Determine Containment,Escalate for Review,Normal Investigation,Needs Further Investigation
CASE-0943,Suspicious Login,2,1,1,0,Chennai,0,1,1,0,0,1,45,MEDIUM,Validate Alert → Check Authentication History → Investigate IP and Location → Review Email Activity → Review Cloud Activity → Collect Evidence → Assess Risk → Determine Containment,Escalate for Review,MANUAL REVIEW - Conflicting Evidence,Needs Further Investigation
CASE-0944,Phishing Email,2,0,1,1,Chennai,0,1,0,0,0,1,40,MEDIUM,Validate Alert → Check Authentication History → Investigate IP and Location → Review Email Activity → Collect Evidence → Assess Risk → Determine Containment,Escalate for Review,MANUAL REVIEW - Conflicting Evidence,Benign Activity
CASE-0945,Suspicious Login,2,0,0,1,Delhi,0,1,1,1,0,0,40,MEDIUM,Validate Alert → Check Authentication History → Investigate IP and Location → Review Email Activity → Review Cloud Activity → Collect Evidence → Assess Risk → Determine Containment,Escalate for Review,Normal Investigation,Benign Activity
CASE-0946,Endpoint Malware,1,0,1,1,Delhi,1,1,1,0,0,0,65,HIGH,Validate Alert → Check Authentication History → Investigate IP and Location → Review Endpoint Activity → Review Email Activity → Review Cloud Activity → Collect Evidence → Assess Risk → Determine Containment,Escalate to Senior Analyst,Normal Investigation,Escalated Incident
CASE-0947,Phishing Email,2,0,1,0,Delhi,1,1,1,0,1,0,45,MEDIUM,Validate Alert → Check Authentication History → Investigate IP and Location → Review Endpoint Activity → Review Email Activity → Review Cloud Activity → Collect Evidence → Assess Risk → Determine Containment,Escalate for Review,BLOCKED - Missing Evidence,Needs Further Investigation
CASE-0948,Endpoint Malware,1,1,1,1,Bangalore,0,1,1,0,0,0,60,HIGH,Validate Alert → Check Authentication History → Investigate IP and Location → Review Email Activity → Review Cloud Activity → Collect Evidence → Assess Risk → Determine Containment,Escalate to Senior Analyst,Normal Investigation,Confirmed Incident
CASE-0949,Cloud Account Anomaly,2,0,0,0,Delhi,1,1,0,0,1,0,20,LOW,Validate Alert → Check Authentication History → Review Endpoint Activity → Review Email Activity → Collect Evidence → Assess Risk → Determine Containment,Continue Monitoring,BLOCKED - Missing Evidence,Benign Activity
CASE-0950,Phishing Email,2,1,0,0,Hyderabad,1,1,0,1,0,1,40,MEDIUM,Validate Alert → Check Authentication History → Review Endpoint Activity → Review Email Activity → Collect Evidence → Assess Risk → Determine Containment,Escalate for Review,MANUAL REVIEW - Conflicting Evidence,Benign Activity
CASE-0951,Cloud Account Anomaly,5,1,0,1,Bangalore,1,1,0,0,1,1,65,HIGH,Validate Alert → Check Authentication History → Investigate IP and Location → Review Endpoint Activity → Review Email Activity → Collect Evidence → Assess Risk → Determine Containment,Isolate Endpoint,BLOCKED - Missing Evidence,Escalated Incident
CASE-0952,Suspicious Login,2,0,0,0,Bangalore,0,1,0,0,1,0,5,LOW,Validate Alert → Check Authentication History → Review Email Activity → Collect Evidence → Assess Risk → Determine Containment,Continue Monitoring,BLOCKED - Missing Evidence,Benign Activity
CASE-0953,Cloud Account Anomaly,2,0,1,1,Hyderabad,0,1,0,1,0,1,45,MEDIUM,Validate Alert → Check Authentication History → Investigate IP and Location → Review Email Activity → Collect Evidence → Assess Risk → Determine Containment,Escalate for Review,MANUAL REVIEW - Conflicting Evidence,Benign Activity
CASE-0954,Phishing Email,1,1,0,0,Mumbai,1,0,1,1,1,0,35,MEDIUM,Validate Alert → Check Authentication History → Review Endpoint Activity → Review Cloud Activity → Collect Evidence → Assess Risk → Determine Containment,Escalate for Review,BLOCKED - Missing Evidence,Needs Further Investigation
CASE-0955,Endpoint Malware,1,0,1,0,Mumbai,1,1,0,0,1,0,35,MEDIUM,Validate Alert → Check Authentication History → Investigate IP and Location → Review Endpoint Activity → Review Email Activity → Collect Evidence → Assess Risk → Determine Containment,Escalate for Review,BLOCKED - Missing Evidence,Needs Further Investigation
CASE-0956,Endpoint Malware,0,0,0,1,Unknown,1,0,0,1,0,0,35,MEDIUM,Validate Alert → Check Authentication History → Investigate IP and Location → Review Endpoint Activity → Collect Evidence → Assess Risk → Determine Containment,Escalate for Review,Normal Investigation,Benign Activity
CASE-0957,Endpoint Malware,0,1,0,0,Mumbai,1,1,1,1,0,1,50,MEDIUM,Validate Alert → Check Authentication History → Review Endpoint Activity → Review Email Activity → Review Cloud Activity → Collect Evidence → Assess Risk → Determine Containment,Escalate for Review,MANUAL REVIEW - Conflicting Evidence,Benign Activity
CASE-0958,Endpoint Malware,2,0,0,0,Hyderabad,0,1,0,1,0,0,15,LOW,Validate Alert → Check Authentication History → Review Email Activity → Collect Evidence → Assess Risk → Determine Containment,Continue Monitoring,Normal Investigation,Benign Activity
CASE-0959,Cloud Account Anomaly,4,1,1,1,Bangalore,0,0,0,0,0,0,40,MEDIUM,Validate Alert → Check Authentication History → Investigate IP and Location → Collect Evidence → Assess Risk → Determine Containment,Escalate for Review,Normal Investigation,Needs Further Investigation
CASE-0960,Endpoint Malware,2,1,0,1,Delhi,0,0,0,1,1,1,25,LOW,Validate Alert → Check Authentication History → Investigate IP and Location → Collect Evidence → Assess Risk → Determine Containment,Continue Monitoring,BLOCKED - Missing Evidence,Benign Activity
CASE-0961,Phishing Email,5,1,0,0,Hyderabad,1,1,1,1,0,0,70,HIGH,Validate Alert → Check Authentication History → Review Endpoint Activity → Review Email Activity → Review Cloud Activity → Collect Evidence → Assess Risk → Determine Containment,Escalate to Senior Analyst,Normal Investigation,Escalated Incident
CASE-0962,Suspicious Login,1,0,0,1,Hyderabad,0,1,1,1,0,1,40,MEDIUM,Validate Alert → Check Authentication History → Investigate IP and Location → Review Email Activity → Review Cloud Activity → Collect Evidence → Assess Risk → Determine Containment,Escalate for Review,MANUAL REVIEW - Conflicting Evidence,Needs Further Investigation
CASE-0963,Cloud Account Anomaly,1,1,0,0,Delhi,1,1,1,1,0,1,50,MEDIUM,Validate Alert → Check Authentication History → Review Endpoint Activity → Review Email Activity → Review Cloud Activity → Collect Evidence → Assess Risk → Determine Containment,Escalate for Review,MANUAL REVIEW - Conflicting Evidence,Needs Further Investigation
CASE-0964,Phishing Email,2,0,0,0,Chennai,1,1,0,0,0,0,25,LOW,Validate Alert → Check Authentication History → Review Endpoint Activity → Review Email Activity → Collect Evidence → Assess Risk → Determine Containment,Continue Monitoring,Normal Investigation,Benign Activity
CASE-0965,Phishing Email,0,1,0,1,Mumbai,0,1,1,1,0,1,50,MEDIUM,Validate Alert → Check Authentication History → Investigate IP and Location → Review Email Activity → Review Cloud Activity → Collect Evidence → Assess Risk → Determine Containment,Escalate for Review,MANUAL REVIEW - Conflicting Evidence,Benign Activity
CASE-0966,Suspicious Login,0,0,1,1,Hyderabad,1,0,1,0,0,0,55,MEDIUM,Validate Alert → Check Authentication History → Investigate IP and Location → Review Endpoint Activity → Review Cloud Activity → Collect Evidence → Assess Risk → Determine Containment,Escalate for Review,Normal Investigation,Needs Further Investigation
CASE-0967,Endpoint Malware,4,0,0,0,Chennai,1,0,0,1,0,0,20,LOW,Validate Alert → Check Authentication History → Review Endpoint Activity → Collect Evidence → Assess Risk → Determine Containment,Continue Monitoring,Normal Investigation,Benign Activity
CASE-0968,Phishing Email,3,0,0,1,Chennai,1,0,1,0,1,0,35,MEDIUM,Validate Alert → Check Authentication History → Investigate IP and Location → Review Endpoint Activity → Review Cloud Activity → Collect Evidence → Assess Risk → Determine Containment,Escalate for Review,BLOCKED - Missing Evidence,Needs Further Investigation
CASE-0969,Endpoint Malware,1,0,1,0,Bangalore,0,1,0,1,0,1,30,MEDIUM,Validate Alert → Check Authentication History → Investigate IP and Location → Review Email Activity → Collect Evidence → Assess Risk → Determine Containment,Escalate for Review,MANUAL REVIEW - Conflicting Evidence,Benign Activity
CASE-0970,Suspicious Login,2,1,1,1,Chennai,0,1,1,0,1,0,55,MEDIUM,Validate Alert → Check Authentication History → Investigate IP and Location → Review Email Activity → Review Cloud Activity → Collect Evidence → Assess Risk → Determine Containment,Escalate for Review,BLOCKED - Missing Evidence,Needs Further Investigation
CASE-0971,Endpoint Malware,0,0,0,1,Chennai,0,0,0,0,0,0,15,LOW,Validate Alert → Check Authentication History → Investigate IP and Location → Collect Evidence → Assess Risk → Determine Containment,Continue Monitoring,Normal Investigation,Benign Activity
CASE-0972,Endpoint Malware,0,1,0,0,Hyderabad,1,0,1,1,0,0,40,MEDIUM,Validate Alert → Check Authentication History → Review Endpoint Activity → Review Cloud Activity → Collect Evidence → Assess Risk → Determine Containment,Escalate for Review,Normal Investigation,Needs Further Investigation
CASE-0973,Phishing Email,1,1,0,0,Mumbai,1,0,0,1,0,1,30,MEDIUM,Validate Alert → Check Authentication History → Review Endpoint Activity → Collect Evidence → Assess Risk → Determine Containment,Escalate for Review,MANUAL REVIEW - Conflicting Evidence,Benign Activity
CASE-0974,Suspicious Login,2,1,1,1,Unknown,1,1,0,0,1,0,60,HIGH,Validate Alert → Check Authentication History → Investigate IP and Location → Review Endpoint Activity → Review Email Activity → Collect Evidence → Assess Risk → Determine Containment,Escalate to Senior Analyst,BLOCKED - Missing Evidence,Confirmed Incident
CASE-0975,Cloud Account Anomaly,2,1,1,0,Mumbai,1,1,0,0,0,0,50,MEDIUM,Validate Alert → Check Authentication History → Investigate IP and Location → Review Endpoint Activity → Review Email Activity → Collect Evidence → Assess Risk → Determine Containment,Escalate for Review,Normal Investigation,Benign Activity
CASE-0976,Suspicious Login,1,0,0,1,Mumbai,0,1,1,1,1,1,35,MEDIUM,Validate Alert → Check Authentication History → Investigate IP and Location → Review Email Activity → Review Cloud Activity → Collect Evidence → Assess Risk → Determine Containment,Escalate for Review,BLOCKED - Missing Evidence,Needs Further Investigation
CASE-0977,Suspicious Login,0,1,0,0,Mumbai,1,1,1,1,0,0,50,MEDIUM,Validate Alert → Check Authentication History → Review Endpoint Activity → Review Email Activity → Review Cloud Activity → Collect Evidence → Assess Risk → Determine Containment,Escalate for Review,Normal Investigation,Benign Activity
CASE-0978,Endpoint Malware,3,1,0,0,Unknown,1,1,1,1,1,0,45,MEDIUM,Validate Alert → Check Authentication History → Review Endpoint Activity → Review Email Activity → Review Cloud Activity → Collect Evidence → Assess Risk → Determine Containment,Escalate for Review,BLOCKED - Missing Evidence,Benign Activity
CASE-0979,Phishing Email,3,1,1,1,Hyderabad,1,0,0,0,1,0,50,MEDIUM,Validate Alert → Check Authentication History → Investigate IP and Location → Review Endpoint Activity → Collect Evidence → Assess Risk → Determine Containment,Escalate for Review,BLOCKED - Missing Evidence,Benign Activity
CASE-0980,Cloud Account Anomaly,3,0,0,0,Chennai,1,0,0,0,0,0,15,LOW,Validate Alert → Check Authentication History → Review Endpoint Activity → Collect Evidence → Assess Risk → Determine Containment,Continue Monitoring,Normal Investigation,Benign Activity
CASE-0981,Phishing Email,5,0,1,1,Mumbai,1,0,1,0,0,0,75,HIGH,Validate Alert → Check Authentication History → Investigate IP and Location → Review Endpoint Activity → Review Cloud Activity → Collect Evidence → Assess Risk → Determine Containment,Isolate Endpoint,Normal Investigation,Escalated Incident
CASE-0982,Suspicious Login,2,0,0,0,Delhi,1,0,0,0,0,0,15,LOW,Validate Alert → Check Authentication History → Review Endpoint Activity → Collect Evidence → Assess Risk → Determine Containment,Continue Monitoring,Normal Investigation,Benign Activity
CASE-0983,Endpoint Malware,2,1,0,1,Chennai,1,0,1,1,1,1,50,MEDIUM,Validate Alert → Check Authentication History → Investigate IP and Location → Review Endpoint Activity → Review Cloud Activity → Collect Evidence → Assess Risk → Determine Containment,Escalate for Review,BLOCKED - Missing Evidence,Needs Further Investigation
CASE-0984,Cloud Account Anomaly,3,0,1,0,Mumbai,1,1,1,1,1,1,50,MEDIUM,Validate Alert → Check Authentication History → Investigate IP and Location → Review Endpoint Activity → Review Email Activity → Review Cloud Activity → Collect Evidence → Assess Risk → Determine Containment,Escalate for Review,BLOCKED - Missing Evidence,Needs Further Investigation
CASE-0985,Cloud Account Anomaly,2,0,0,0,Hyderabad,0,1,1,1,0,1,25,LOW,Validate Alert → Check Authentication History → Review Email Activity → Review Cloud Activity → Collect Evidence → Assess Risk → Determine Containment,Continue Monitoring,MANUAL REVIEW - Conflicting Evidence,Benign Activity
CASE-0986,Cloud Account Anomaly,2,0,0,0,Chennai,1,0,0,0,0,0,15,LOW,Validate Alert → Check Authentication History → Review Endpoint Activity → Collect Evidence → Assess Risk → Determine Containment,Continue Monitoring,Normal Investigation,Benign Activity
CASE-0987,Phishing Email,2,1,0,1,Delhi,0,1,1,1,1,0,45,MEDIUM,Validate Alert → Check Authentication History → Investigate IP and Location → Review Email Activity → Review Cloud Activity → Collect Evidence → Assess Risk → Determine Containment,Escalate for Review,BLOCKED - Missing Evidence,Benign Activity
CASE-0988,Endpoint Malware,6,0,1,0,Mumbai,1,0,1,0,1,0,55,MEDIUM,Validate Alert → Check Authentication History → Investigate IP and Location → Review Endpoint Activity → Review Cloud Activity → Collect Evidence → Assess Risk → Determine Containment,Escalate for Review,BLOCKED - Missing Evidence,Needs Further Investigation
CASE-0989,Endpoint Malware,4,1,1,0,Hyderabad,1,1,1,0,0,0,60,HIGH,Validate Alert → Check Authentication History → Investigate IP and Location → Review Endpoint Activity → Review Email Activity → Review Cloud Activity → Collect Evidence → Assess Risk → Determine Containment,Disable Account,Normal Investigation,Confirmed Incident
CASE-0990,Cloud Account Anomaly,1,1,1,1,Bangalore,1,0,0,1,1,1,55,MEDIUM,Validate Alert → Check Authentication History → Investigate IP and Location → Review Endpoint Activity → Collect Evidence → Assess Risk → Determine Containment,Escalate for Review,BLOCKED - Missing Evidence,Needs Further Investigation
CASE-0991,Suspicious Login,6,1,1,0,Delhi,1,1,0,1,0,0,75,HIGH,Validate Alert → Check Authentication History → Investigate IP and Location → Review Endpoint Activity → Review Email Activity → Collect Evidence → Assess Risk → Determine Containment,Isolate Endpoint,Normal Investigation,Escalated Incident
CASE-0992,Phishing Email,1,0,1,1,Delhi,1,1,1,0,0,0,65,HIGH,Validate Alert → Check Authentication History → Investigate IP and Location → Review Endpoint Activity → Review Email Activity → Review Cloud Activity → Collect Evidence → Assess Risk → Determine Containment,Disable Account,Normal Investigation,Escalated Incident
CASE-0993,Suspicious Login,3,1,1,1,Chennai,0,0,1,0,1,0,45,MEDIUM,Validate Alert → Check Authentication History → Investigate IP and Location → Review Cloud Activity → Collect Evidence → Assess Risk → Determine Containment,Escalate for Review,BLOCKED - Missing Evidence,Needs Further Investigation
CASE-0994,Suspicious Login,1,0,0,1,Chennai,1,1,1,1,0,1,55,MEDIUM,Validate Alert → Check Authentication History → Investigate IP and Location → Review Endpoint Activity → Review Email Activity → Review Cloud Activity → Collect Evidence → Assess Risk → Determine Containment,Escalate for Review,MANUAL REVIEW - Conflicting Evidence,Benign Activity
CASE-0995,Suspicious Login,3,1,1,0,Delhi,0,0,1,0,0,1,35,MEDIUM,Validate Alert → Check Authentication History → Investigate IP and Location → Review Cloud Activity → Collect Evidence → Assess Risk → Determine Containment,Escalate for Review,MANUAL REVIEW - Conflicting Evidence,Benign Activity
CASE-0996,Cloud Account Anomaly,4,0,0,1,Hyderabad,0,1,0,0,0,0,25,LOW,Validate Alert → Check Authentication History → Investigate IP and Location → Review Email Activity → Collect Evidence → Assess Risk → Determine Containment,Continue Monitoring,Normal Investigation,Benign Activity
CASE-0997,Endpoint Malware,3,0,1,1,Hyderabad,0,1,1,0,0,1,50,MEDIUM,Validate Alert → Check Authentication History → Investigate IP and Location → Review Email Activity → Review Cloud Activity → Collect Evidence → Assess Risk → Determine Containment,Escalate for Review,MANUAL REVIEW - Conflicting Evidence,Needs Further Investigation
CASE-0998,Cloud Account Anomaly,3,0,1,1,Mumbai,0,1,0,0,1,1,35,MEDIUM,Validate Alert → Check Authentication History → Investigate IP and Location → Review Email Activity → Collect Evidence → Assess Risk → Determine Containment,Escalate for Review,BLOCKED - Missing Evidence,Needs Further Investigation
CASE-0999,Phishing Email,2,1,1,0,Unknown,0,0,0,1,0,0,30,MEDIUM,Validate Alert → Check Authentication History → Investigate IP and Location → Collect Evidence → Assess Risk → Determine Containment,Escalate for Review,Normal Investigation,Benign Activity
CASE-1000,Cloud Account Anomaly,4,1,1,1,Delhi,1,0,1,1,0,0,70,HIGH,Validate Alert → Check Authentication History → Investigate IP and Location → Review Endpoint Activity → Review Cloud Activity → Collect Evidence → Assess Risk → Determine Containment,Disable Account,Normal Investigation,Confirmed Incident
CASE-1001,Cloud Account Anomaly,4,0,0,1,Chennai,1,1,0,0,1,1,35,MEDIUM,Validate Alert → Check Authentication History → Investigate IP and Location → Review Endpoint Activity → Review Email Activity → Collect Evidence → Assess Risk → Determine Containment,Escalate for Review,BLOCKED - Missing Evidence,Benign Activity
CASE-1002,Endpoint Malware,1,1,1,1,Hyderabad,1,1,1,0,0,1,75,HIGH,Validate Alert → Check Authentication History → Investigate IP and Location → Review Endpoint Activity → Review Email Activity → Review Cloud Activity → Collect Evidence → Assess Risk → Determine Containment,Escalate to Senior Analyst,MANUAL REVIEW - Conflicting Evidence,Confirmed Incident
CASE-1003,Phishing Email,2,1,1,0,Chennai,1,1,0,1,0,0,55,MEDIUM,Validate Alert → Check Authentication History → Investigate IP and Location → Review Endpoint Activity → Review Email Activity → Collect Evidence → Assess Risk → Determine Containment,Escalate for Review,Normal Investigation,Needs Further Investigation
CASE-1004,Cloud Account Anomaly,2,0,0,0,Bangalore,1,0,0,1,1,0,15,LOW,Validate Alert → Check Authentication History → Review Endpoint Activity → Collect Evidence → Assess Risk → Determine Containment,Continue Monitoring,BLOCKED - Missing Evidence,Benign Activity
CASE-1005,Cloud Account Anomaly,2,1,1,1,Mumbai,0,1,1,0,1,0,55,MEDIUM,Validate Alert → Check Authentication History → Investigate IP and Location → Review Email Activity → Review Cloud Activity → Collect Evidence → Assess Risk → Determine Containment,Escalate for Review,BLOCKED - Missing Evidence,Benign Activity
CASE-1006,Cloud Account Anomaly,2,0,0,1,Delhi,1,0,1,1,0,1,45,MEDIUM,Validate Alert → Check Authentication History → Investigate IP and Location → Review Endpoint Activity → Review Cloud Activity → Collect Evidence → Assess Risk → Determine Containment,Escalate for Review,MANUAL REVIEW - Conflicting Evidence,Needs Further Investigation
CASE-1007,Cloud Account Anomaly,2,1,1,0,Mumbai,0,0,0,0,1,0,20,LOW,Validate Alert → Check Authentication History → Investigate IP and Location → Collect Evidence → Assess Risk → Determine Containment,Continue Monitoring,BLOCKED - Missing Evidence,Benign Activity
CASE-1008,Endpoint Malware,4,0,1,0,Unknown,1,0,1,0,0,0,40,MEDIUM,Validate Alert → Check Authentication History → Investigate IP and Location → Review Endpoint Activity → Review Cloud Activity → Collect Evidence → Assess Risk → Determine Containment,Escalate for Review,Normal Investigation,Benign Activity
CASE-1009,Endpoint Malware,1,0,1,0,Delhi,1,0,1,0,0,0,40,MEDIUM,Validate Alert → Check Authentication History → Investigate IP and Location → Review Endpoint Activity → Review Cloud Activity → Collect Evidence → Assess Risk → Determine Containment,Escalate for Review,Normal Investigation,Benign Activity
CASE-1010,Endpoint Malware,1,1,0,0,Chennai,1,0,1,0,0,0,35,MEDIUM,Validate Alert → Check Authentication History → Review Endpoint Activity → Review Cloud Activity → Collect Evidence → Assess Risk → Determine Containment,Escalate for Review,Normal Investigation,Needs Further Investigation
CASE-1011,Suspicious Login,1,1,1,1,Mumbai,0,1,1,0,0,0,60,HIGH,Validate Alert → Check Authentication History → Investigate IP and Location → Review Email Activity → Review Cloud Activity → Collect Evidence → Assess Risk → Determine Containment,Disable Account,Normal Investigation,Confirmed Incident
CASE-1012,Cloud Account Anomaly,2,0,1,1,Unknown,1,1,0,0,0,0,55,MEDIUM,Validate Alert → Check Authentication History → Investigate IP and Location → Review Endpoint Activity → Review Email Activity → Collect Evidence → Assess Risk → Determine Containment,Escalate for Review,Normal Investigation,Needs Further Investigation
CASE-1013,Endpoint Malware,1,1,1,1,Unknown,0,0,1,0,0,0,50,MEDIUM,Validate Alert → Check Authentication History → Investigate IP and Location → Review Cloud Activity → Collect Evidence → Assess Risk → Determine Containment,Escalate for Review,Normal Investigation,Benign Activity
CASE-1014,Suspicious Login,1,1,1,0,Hyderabad,1,1,1,1,0,0,65,HIGH,Validate Alert → Check Authentication History → Investigate IP and Location → Review Endpoint Activity → Review Email Activity → Review Cloud Activity → Collect Evidence → Assess Risk → Determine Containment,Escalate to Senior Analyst,Normal Investigation,Escalated Incident
CASE-1015,Phishing Email,3,0,0,0,Mumbai,1,0,0,1,0,1,20,LOW,Validate Alert → Check Authentication History → Review Endpoint Activity → Collect Evidence → Assess Risk → Determine Containment,Continue Monitoring,MANUAL REVIEW - Conflicting Evidence,Benign Activity
CASE-1016,Phishing Email,2,0,1,1,Delhi,1,1,0,0,0,1,55,MEDIUM,Validate Alert → Check Authentication History → Investigate IP and Location → Review Endpoint Activity → Review Email Activity → Collect Evidence → Assess Risk → Determine Containment,Escalate for Review,MANUAL REVIEW - Conflicting Evidence,Benign Activity
CASE-1017,Phishing Email,1,0,0,0,Hyderabad,1,0,0,1,0,1,20,LOW,Validate Alert → Check Authentication History → Review Endpoint Activity → Collect Evidence → Assess Risk → Determine Containment,Continue Monitoring,MANUAL REVIEW - Conflicting Evidence,Benign Activity
CASE-1018,Cloud Account Anomaly,1,1,0,1,Hyderabad,0,1,1,1,1,1,45,MEDIUM,Validate Alert → Check Authentication History → Investigate IP and Location → Review Email Activity → Review Cloud Activity → Collect Evidence → Assess Risk → Determine Containment,Escalate for Review,BLOCKED - Missing Evidence,Needs Further Investigation
CASE-1019,Cloud Account Anomaly,3,0,1,1,Bangalore,0,0,1,0,0,0,40,MEDIUM,Validate Alert → Check Authentication History → Investigate IP and Location → Review Cloud Activity → Collect Evidence → Assess Risk → Determine Containment,Escalate for Review,Normal Investigation,Needs Further Investigation
CASE-1020,Phishing Email,0,0,0,1,Delhi,1,1,0,0,0,0,40,MEDIUM,Validate Alert → Check Authentication History → Investigate IP and Location → Review Endpoint Activity → Review Email Activity → Collect Evidence → Assess Risk → Determine Containment,Escalate for Review,Normal Investigation,Needs Further Investigation
CASE-1021,Suspicious Login,2,1,0,1,Unknown,0,0,1,0,0,0,35,MEDIUM,Validate Alert → Check Authentication History → Investigate IP and Location → Review Cloud Activity → Collect Evidence → Assess Risk → Determine Containment,Escalate for Review,Normal Investigation,Needs Further Investigation
CASE-1022,Endpoint Malware,3,0,1,0,Bangalore,0,1,1,0,0,1,35,MEDIUM,Validate Alert → Check Authentication History → Investigate IP and Location → Review Email Activity → Review Cloud Activity → Collect Evidence → Assess Risk → Determine Containment,Escalate for Review,MANUAL REVIEW - Conflicting Evidence,Needs Further Investigation
CASE-1023,Phishing Email,0,0,0,0,Unknown,0,1,1,0,0,0,20,LOW,Validate Alert → Check Authentication History → Review Email Activity → Review Cloud Activity → Collect Evidence → Assess Risk → Determine Containment,Continue Monitoring,Normal Investigation,Benign Activity
CASE-1024,Suspicious Login,3,0,1,0,Hyderabad,1,0,1,0,0,1,40,MEDIUM,Validate Alert → Check Authentication History → Investigate IP and Location → Review Endpoint Activity → Review Cloud Activity → Collect Evidence → Assess Risk → Determine Containment,Escalate for Review,MANUAL REVIEW - Conflicting Evidence,Needs Further Investigation
CASE-1025,Cloud Account Anomaly,2,1,0,1,Hyderabad,0,1,0,1,0,0,40,MEDIUM,Validate Alert → Check Authentication History → Investigate IP and Location → Review Email Activity → Collect Evidence → Assess Risk → Determine Containment,Escalate for Review,Normal Investigation,Benign Activity
CASE-1026,Phishing Email,3,1,0,1,Unknown,1,1,1,1,0,0,65,HIGH,Validate Alert → Check Authentication History → Investigate IP and Location → Review Endpoint Activity → Review Email Activity → Review Cloud Activity → Collect Evidence → Assess Risk → Determine Containment,Disable Account,Normal Investigation,Escalated Incident
CASE-1027,Cloud Account Anomaly,2,0,0,1,Delhi,0,1,1,1,0,0,40,MEDIUM,Validate Alert → Check Authentication History → Investigate IP and Location → Review Email Activity → Review Cloud Activity → Collect Evidence → Assess Risk → Determine Containment,Escalate for Review,Normal Investigation,Needs Further Investigation
CASE-1028,Phishing Email,2,0,1,1,Mumbai,0,0,0,0,0,0,30,MEDIUM,Validate Alert → Check Authentication History → Investigate IP and Location → Collect Evidence → Assess Risk → Determine Containment,Escalate for Review,Normal Investigation,Benign Activity
CASE-1029,Cloud Account Anomaly,3,0,1,0,Bangalore,0,1,0,0,1,0,20,LOW,Validate Alert → Check Authentication History → Investigate IP and Location → Review Email Activity → Collect Evidence → Assess Risk → Determine Containment,Continue Monitoring,BLOCKED - Missing Evidence,Benign Activity
CASE-1030,Endpoint Malware,2,1,1,1,Mumbai,1,0,1,1,0,0,70,HIGH,Validate Alert → Check Authentication History → Investigate IP and Location → Review Endpoint Activity → Review Cloud Activity → Collect Evidence → Assess Risk → Determine Containment,Isolate Endpoint,Normal Investigation,Escalated Incident
CASE-1031,Phishing Email,3,1,1,1,Unknown,1,1,1,0,1,0,70,HIGH,Validate Alert → Check Authentication History → Investigate IP and Location → Review Endpoint Activity → Review Email Activity → Review Cloud Activity → Collect Evidence → Assess Risk → Determine Containment,Disable Account,BLOCKED - Missing Evidence,Escalated Incident
CASE-1032,Endpoint Malware,2,1,1,0,Delhi,0,0,1,1,0,0,40,MEDIUM,Validate Alert → Check Authentication History → Investigate IP and Location → Review Cloud Activity → Collect Evidence → Assess Risk → Determine Containment,Escalate for Review,Normal Investigation,Benign Activity
CASE-1033,Cloud Account Anomaly,0,1,0,0,Unknown,1,1,0,0,0,0,35,MEDIUM,Validate Alert → Check Authentication History → Review Endpoint Activity → Review Email Activity → Collect Evidence → Assess Risk → Determine Containment,Escalate for Review,Normal Investigation,Benign Activity
CASE-1034,Cloud Account Anomaly,1,1,0,1,Unknown,1,0,1,1,0,0,55,MEDIUM,Validate Alert → Check Authentication History → Investigate IP and Location → Review Endpoint Activity → Review Cloud Activity → Collect Evidence → Assess Risk → Determine Containment,Escalate for Review,Normal Investigation,Needs Further Investigation
CASE-1035,Phishing Email,3,1,1,1,Bangalore,1,0,1,0,0,0,65,HIGH,Validate Alert → Check Authentication History → Investigate IP and Location → Review Endpoint Activity → Review Cloud Activity → Collect Evidence → Assess Risk → Determine Containment,Escalate to Senior Analyst,Normal Investigation,Escalated Incident
CASE-1036,Endpoint Malware,2,1,0,0,Bangalore,1,0,1,1,0,1,40,MEDIUM,Validate Alert → Check Authentication History → Review Endpoint Activity → Review Cloud Activity → Collect Evidence → Assess Risk → Determine Containment,Escalate for Review,MANUAL REVIEW - Conflicting Evidence,Needs Further Investigation
CASE-1037,Suspicious Login,3,1,1,1,Mumbai,0,0,1,1,0,0,55,MEDIUM,Validate Alert → Check Authentication History → Investigate IP and Location → Review Cloud Activity → Collect Evidence → Assess Risk → Determine Containment,Escalate for Review,Normal Investigation,Benign Activity
CASE-1038,Endpoint Malware,1,1,1,0,Hyderabad,0,0,1,1,1,0,35,MEDIUM,Validate Alert → Check Authentication History → Investigate IP and Location → Review Cloud Activity → Collect Evidence → Assess Risk → Determine Containment,Escalate for Review,BLOCKED - Missing Evidence,Needs Further Investigation
CASE-1039,Suspicious Login,2,1,0,1,Unknown,0,1,1,1,0,1,50,MEDIUM,Validate Alert → Check Authentication History → Investigate IP and Location → Review Email Activity → Review Cloud Activity → Collect Evidence → Assess Risk → Determine Containment,Escalate for Review,MANUAL REVIEW - Conflicting Evidence,Needs Further Investigation
CASE-1040,Suspicious Login,0,0,0,0,Delhi,0,1,0,0,1,0,5,LOW,Validate Alert → Check Authentication History → Review Email Activity → Collect Evidence → Assess Risk → Determine Containment,Continue Monitoring,BLOCKED - Missing Evidence,Benign Activity
CASE-1041,Cloud Account Anomaly,1,0,1,0,Chennai,0,1,1,1,0,0,40,MEDIUM,Validate Alert → Check Authentication History → Investigate IP and Location → Review Email Activity → Review Cloud Activity → Collect Evidence → Assess Risk → Determine Containment,Escalate for Review,Normal Investigation,Benign Activity
CASE-1042,Cloud Account Anomaly,1,0,0,0,Hyderabad,1,1,0,1,0,1,30,MEDIUM,Validate Alert → Check Authentication History → Review Endpoint Activity → Review Email Activity → Collect Evidence → Assess Risk → Determine Containment,Escalate for Review,MANUAL REVIEW - Conflicting Evidence,Benign Activity
CASE-1043,Cloud Account Anomaly,0,0,1,0,Chennai,0,0,0,1,0,0,20,LOW,Validate Alert → Check Authentication History → Investigate IP and Location → Collect Evidence → Assess Risk → Determine Containment,Continue Monitoring,Normal Investigation,Benign Activity
CASE-1044,Suspicious Login,4,0,1,0,Delhi,1,1,0,0,0,0,40,MEDIUM,Validate Alert → Check Authentication History → Investigate IP and Location → Review Endpoint Activity → Review Email Activity → Collect Evidence → Assess Risk → Determine Containment,Escalate for Review,Normal Investigation,Needs Further Investigation
CASE-1045,Phishing Email,6,0,0,1,Unknown,0,0,1,0,1,0,40,MEDIUM,Validate Alert → Check Authentication History → Investigate IP and Location → Review Cloud Activity → Collect Evidence → Assess Risk → Determine Containment,Escalate for Review,BLOCKED - Missing Evidence,Benign Activity
CASE-1046,Endpoint Malware,4,1,0,1,Chennai,1,1,0,0,1,1,45,MEDIUM,Validate Alert → Check Authentication History → Investigate IP and Location → Review Endpoint Activity → Review Email Activity → Collect Evidence → Assess Risk → Determine Containment,Escalate for Review,BLOCKED - Missing Evidence,Needs Further Investigation
CASE-1047,Endpoint Malware,3,0,0,0,Bangalore,0,1,1,1,1,0,20,LOW,Validate Alert → Check Authentication History → Review Email Activity → Review Cloud Activity → Collect Evidence → Assess Risk → Determine Containment,Continue Monitoring,BLOCKED - Missing Evidence,Benign Activity
CASE-1048,Suspicious Login,1,1,1,1,Chennai,0,1,0,0,1,0,45,MEDIUM,Validate Alert → Check Authentication History → Investigate IP and Location → Review Email Activity → Collect Evidence → Assess Risk → Determine Containment,Escalate for Review,BLOCKED - Missing Evidence,Benign Activity
CASE-1049,Phishing Email,4,1,1,0,Mumbai,1,1,0,0,1,0,45,MEDIUM,Validate Alert → Check Authentication History → Investigate IP and Location → Review Endpoint Activity → Review Email Activity → Collect Evidence → Assess Risk → Determine Containment,Escalate for Review,BLOCKED - Missing Evidence,Needs Further Investigation
CASE-1050,Phishing Email,2,0,0,0,Delhi,0,0,0,0,0,1,0,LOW,Validate Alert → Check Authentication History → Collect Evidence → Assess Risk → Determine Containment,Continue Monitoring,MANUAL REVIEW - Conflicting Evidence,Benign Activity
CASE-1051,Suspicious Login,3,0,0,1,Unknown,1,1,0,1,0,0,45,MEDIUM,Validate Alert → Check Authentication History → Investigate IP and Location → Review Endpoint Activity → Review Email Activity → Collect Evidence → Assess Risk → Determine Containment,Escalate for Review,Normal Investigation,Needs Further Investigation
CASE-1052,Endpoint Malware,2,1,0,0,Mumbai,0,1,0,1,1,1,20,LOW,Validate Alert → Check Authentication History → Review Email Activity → Collect Evidence → Assess Risk → Determine Containment,Continue Monitoring,BLOCKED - Missing Evidence,Benign Activity
CASE-1053,Phishing Email,0,1,0,0,Hyderabad,1,0,1,0,0,0,35,MEDIUM,Validate Alert → Check Authentication History → Review Endpoint Activity → Review Cloud Activity → Collect Evidence → Assess Risk → Determine Containment,Escalate for Review,Normal Investigation,Needs Further Investigation
CASE-1054,Cloud Account Anomaly,2,0,0,0,Chennai,0,1,0,0,1,0,5,LOW,Validate Alert → Check Authentication History → Review Email Activity → Collect Evidence → Assess Risk → Determine Containment,Continue Monitoring,BLOCKED - Missing Evidence,Benign Activity
CASE-1055,Cloud Account Anomaly,2,1,1,1,Mumbai,0,0,1,1,1,0,50,MEDIUM,Validate Alert → Check Authentication History → Investigate IP and Location → Review Cloud Activity → Collect Evidence → Assess Risk → Determine Containment,Escalate for Review,BLOCKED - Missing Evidence,Needs Further Investigation
CASE-1056,Phishing Email,3,0,1,1,Unknown,0,0,0,0,0,0,30,MEDIUM,Validate Alert → Check Authentication History → Investigate IP and Location → Collect Evidence → Assess Risk → Determine Containment,Escalate for Review,Normal Investigation,Needs Further Investigation
CASE-1057,Suspicious Login,1,1,1,0,Unknown,0,0,1,0,0,0,35,MEDIUM,Validate Alert → Check Authentication History → Investigate IP and Location → Review Cloud Activity → Collect Evidence → Assess Risk → Determine Containment,Escalate for Review,Normal Investigation,Benign Activity
CASE-1058,Phishing Email,0,0,1,1,Chennai,1,0,0,1,0,0,50,MEDIUM,Validate Alert → Check Authentication History → Investigate IP and Location → Review Endpoint Activity → Collect Evidence → Assess Risk → Determine Containment,Escalate for Review,Normal Investigation,Needs Further Investigation
CASE-1059,Endpoint Malware,1,0,0,0,Bangalore,1,1,0,1,1,0,25,LOW,Validate Alert → Check Authentication History → Review Endpoint Activity → Review Email Activity → Collect Evidence → Assess Risk → Determine Containment,Continue Monitoring,BLOCKED - Missing Evidence,Benign Activity
CASE-1060,Cloud Account Anomaly,3,1,0,1,Mumbai,1,1,0,1,0,0,55,MEDIUM,Validate Alert → Check Authentication History → Investigate IP and Location → Review Endpoint Activity → Review Email Activity → Collect Evidence → Assess Risk → Determine Containment,Escalate for Review,Normal Investigation,Needs Further Investigation
CASE-1061,Phishing Email,1,1,1,0,Hyderabad,1,1,0,1,1,1,50,MEDIUM,Validate Alert → Check Authentication History → Investigate IP and Location → Review Endpoint Activity → Review Email Activity → Collect Evidence → Assess Risk → Determine Containment,Escalate for Review,BLOCKED - Missing Evidence,Needs Further Investigation
CASE-1062,Endpoint Malware,1,0,0,1,Delhi,0,0,1,0,0,0,25,LOW,Validate Alert → Check Authentication History → Investigate IP and Location → Review Cloud Activity → Collect Evidence → Assess Risk → Determine Containment,Continue Monitoring,Normal Investigation,Benign Activity
CASE-1063,Cloud Account Anomaly,2,0,0,1,Unknown,0,0,0,0,0,1,15,LOW,Validate Alert → Check Authentication History → Investigate IP and Location → Collect Evidence → Assess Risk → Determine Containment,Continue Monitoring,MANUAL REVIEW - Conflicting Evidence,Benign Activity
CASE-1064,Phishing Email,5,0,0,1,Unknown,0,0,1,0,0,1,45,MEDIUM,Validate Alert → Check Authentication History → Investigate IP and Location → Review Cloud Activity → Collect Evidence → Assess Risk → Determine Containment,Escalate for Review,MANUAL REVIEW - Conflicting Evidence,Needs Further Investigation
CASE-1065,Endpoint Malware,4,0,1,0,Delhi,1,0,1,1,1,1,40,MEDIUM,Validate Alert → Check Authentication History → Investigate IP and Location → Review Endpoint Activity → Review Cloud Activity → Collect Evidence → Assess Risk → Determine Containment,Escalate for Review,BLOCKED - Missing Evidence,Benign Activity
CASE-1066,Cloud Account Anomaly,2,1,0,1,Chennai,0,0,1,1,0,1,40,MEDIUM,Validate Alert → Check Authentication History → Investigate IP and Location → Review Cloud Activity → Collect Evidence → Assess Risk → Determine Containment,Escalate for Review,MANUAL REVIEW - Conflicting Evidence,Needs Further Investigation
CASE-1067,Cloud Account Anomaly,2,0,0,1,Hyderabad,0,0,1,0,1,0,20,LOW,Validate Alert → Check Authentication History → Investigate IP and Location → Review Cloud Activity → Collect Evidence → Assess Risk → Determine Containment,Continue Monitoring,BLOCKED - Missing Evidence,Benign Activity
CASE-1068,Endpoint Malware,5,0,1,0,Bangalore,0,1,0,1,0,1,50,MEDIUM,Validate Alert → Check Authentication History → Investigate IP and Location → Review Email Activity → Collect Evidence → Assess Risk → Determine Containment,Escalate for Review,MANUAL REVIEW - Conflicting Evidence,Needs Further Investigation
CASE-1069,Cloud Account Anomaly,1,0,1,1,Mumbai,0,0,1,0,1,0,35,MEDIUM,Validate Alert → Check Authentication History → Investigate IP and Location → Review Cloud Activity → Collect Evidence → Assess Risk → Determine Containment,Escalate for Review,BLOCKED - Missing Evidence,Benign Activity
CASE-1070,Suspicious Login,2,1,0,0,Delhi,1,1,0,1,0,0,40,MEDIUM,Validate Alert → Check Authentication History → Review Endpoint Activity → Review Email Activity → Collect Evidence → Assess Risk → Determine Containment,Escalate for Review,Normal Investigation,Benign Activity
CASE-1071,Endpoint Malware,1,1,1,0,Delhi,0,0,1,0,1,1,30,MEDIUM,Validate Alert → Check Authentication History → Investigate IP and Location → Review Cloud Activity → Collect Evidence → Assess Risk → Determine Containment,Escalate for Review,BLOCKED - Missing Evidence,Benign Activity
CASE-1072,Suspicious Login,3,0,1,1,Unknown,1,1,1,1,0,0,70,HIGH,Validate Alert → Check Authentication History → Investigate IP and Location → Review Endpoint Activity → Review Email Activity → Review Cloud Activity → Collect Evidence → Assess Risk → Determine Containment,Isolate Endpoint,Normal Investigation,Confirmed Incident
CASE-1073,Cloud Account Anomaly,0,0,1,0,Chennai,1,1,0,1,1,1,40,MEDIUM,Validate Alert → Check Authentication History → Investigate IP and Location → Review Endpoint Activity → Review Email Activity → Collect Evidence → Assess Risk → Determine Containment,Escalate for Review,BLOCKED - Missing Evidence,Benign Activity
CASE-1074,Suspicious Login,0,0,0,0,Unknown,0,1,1,1,0,0,25,LOW,Validate Alert → Check Authentication History → Review Email Activity → Review Cloud Activity → Collect Evidence → Assess Risk → Determine Containment,Continue Monitoring,Normal Investigation,Benign Activity
CASE-1075,Cloud Account Anomaly,2,1,0,1,Chennai,1,0,0,0,0,1,40,MEDIUM,Validate Alert → Check Authentication History → Investigate IP and Location → Review Endpoint Activity → Collect Evidence → Assess Risk → Determine Containment,Escalate for Review,MANUAL REVIEW - Conflicting Evidence,Benign Activity
CASE-1076,Phishing Email,1,1,0,1,Mumbai,1,1,1,1,0,0,65,HIGH,Validate Alert → Check Authentication History → Investigate IP and Location → Review Endpoint Activity → Review Email Activity → Review Cloud Activity → Collect Evidence → Assess Risk → Determine Containment,Disable Account,Normal Investigation,Confirmed Incident
CASE-1077,Cloud Account Anomaly,1,1,0,0,Mumbai,1,1,1,0,1,0,40,MEDIUM,Validate Alert → Check Authentication History → Review Endpoint Activity → Review Email Activity → Review Cloud Activity → Collect Evidence → Assess Risk → Determine Containment,Escalate for Review,BLOCKED - Missing Evidence,Benign Activity
CASE-1078,Endpoint Malware,2,1,1,0,Mumbai,0,1,1,1,0,0,50,MEDIUM,Validate Alert → Check Authentication History → Investigate IP and Location → Review Email Activity → Review Cloud Activity → Collect Evidence → Assess Risk → Determine Containment,Escalate for Review,Normal Investigation,Needs Further Investigation
CASE-1079,Cloud Account Anomaly,1,1,1,1,Hyderabad,1,0,0,1,0,0,60,HIGH,Validate Alert → Check Authentication History → Investigate IP and Location → Review Endpoint Activity → Collect Evidence → Assess Risk → Determine Containment,Isolate Endpoint,Normal Investigation,Escalated Incident
CASE-1080,Phishing Email,2,0,1,0,Unknown,0,0,0,1,0,0,20,LOW,Validate Alert → Check Authentication History → Investigate IP and Location → Collect Evidence → Assess Risk → Determine Containment,Continue Monitoring,Normal Investigation,Benign Activity
CASE-1081,Phishing Email,2,1,1,0,Chennai,1,0,1,0,0,0,50,MEDIUM,Validate Alert → Check Authentication History → Investigate IP and Location → Review Endpoint Activity → Review Cloud Activity → Collect Evidence → Assess Risk → Determine Containment,Escalate for Review,Normal Investigation,Benign Activity
CASE-1082,Endpoint Malware,3,0,1,0,Bangalore,1,0,0,0,0,0,30,MEDIUM,Validate Alert → Check Authentication History → Investigate IP and Location → Review Endpoint Activity → Collect Evidence → Assess Risk → Determine Containment,Escalate for Review,Normal Investigation,Needs Further Investigation
CASE-1083,Suspicious Login,3,1,0,0,Unknown,1,1,1,0,1,0,40,MEDIUM,Validate Alert → Check Authentication History → Review Endpoint Activity → Review Email Activity → Review Cloud Activity → Collect Evidence → Assess Risk → Determine Containment,Escalate for Review,BLOCKED - Missing Evidence,Benign Activity
CASE-1084,Cloud Account Anomaly,1,1,1,1,Unknown,1,1,1,0,0,1,75,HIGH,Validate Alert → Check Authentication History → Investigate IP and Location → Review Endpoint Activity → Review Email Activity → Review Cloud Activity → Collect Evidence → Assess Risk → Determine Containment,Disable Account,MANUAL REVIEW - Conflicting Evidence,Confirmed Incident
CASE-1085,Endpoint Malware,1,1,0,0,Unknown,0,1,1,0,0,1,30,MEDIUM,Validate Alert → Check Authentication History → Review Email Activity → Review Cloud Activity → Collect Evidence → Assess Risk → Determine Containment,Escalate for Review,MANUAL REVIEW - Conflicting Evidence,Benign Activity
CASE-1086,Endpoint Malware,1,1,1,0,Hyderabad,1,1,1,1,0,0,65,HIGH,Validate Alert → Check Authentication History → Investigate IP and Location → Review Endpoint Activity → Review Email Activity → Review Cloud Activity → Collect Evidence → Assess Risk → Determine Containment,Isolate Endpoint,Normal Investigation,Escalated Incident
CASE-1087,Suspicious Login,2,1,1,0,Unknown,0,1,0,1,0,1,40,MEDIUM,Validate Alert → Check Authentication History → Investigate IP and Location → Review Email Activity → Collect Evidence → Assess Risk → Determine Containment,Escalate for Review,MANUAL REVIEW - Conflicting Evidence,Needs Further Investigation
CASE-1088,Cloud Account Anomaly,2,1,0,1,Bangalore,0,1,1,1,0,0,50,MEDIUM,Validate Alert → Check Authentication History → Investigate IP and Location → Review Email Activity → Review Cloud Activity → Collect Evidence → Assess Risk → Determine Containment,Escalate for Review,Normal Investigation,Benign Activity
CASE-1089,Phishing Email,1,0,0,1,Bangalore,0,0,0,1,0,1,20,LOW,Validate Alert → Check Authentication History → Investigate IP and Location → Collect Evidence → Assess Risk → Determine Containment,Continue Monitoring,MANUAL REVIEW - Conflicting Evidence,Benign Activity
CASE-1090,Endpoint Malware,1,0,0,0,Hyderabad,1,0,1,0,0,0,25,LOW,Validate Alert → Check Authentication History → Review Endpoint Activity → Review Cloud Activity → Collect Evidence → Assess Risk → Determine Containment,Continue Monitoring,Normal Investigation,Benign Activity
CASE-1091,Cloud Account Anomaly,3,1,1,1,Unknown,0,1,0,0,0,0,50,MEDIUM,Validate Alert → Check Authentication History → Investigate IP and Location → Review Email Activity → Collect Evidence → Assess Risk → Determine Containment,Escalate for Review,Normal Investigation,Needs Further Investigation
CASE-1092,Cloud Account Anomaly,1,1,1,0,Mumbai,0,1,1,0,0,0,45,MEDIUM,Validate Alert → Check Authentication History → Investigate IP and Location → Review Email Activity → Review Cloud Activity → Collect Evidence → Assess Risk → Determine Containment,Escalate for Review,Normal Investigation,Needs Further Investigation
CASE-1093,Cloud Account Anomaly,5,0,1,0,Chennai,0,0,1,0,0,0,45,MEDIUM,Validate Alert → Check Authentication History → Investigate IP and Location → Review Cloud Activity → Collect Evidence → Assess Risk → Determine Containment,Escalate for Review,Normal Investigation,Needs Further Investigation
CASE-1094,Phishing Email,2,1,1,0,Mumbai,1,0,0,0,1,0,35,MEDIUM,Validate Alert → Check Authentication History → Investigate IP and Location → Review Endpoint Activity → Collect Evidence → Assess Risk → Determine Containment,Escalate for Review,BLOCKED - Missing Evidence,Needs Further Investigation
CASE-1095,Suspicious Login,3,0,1,0,Hyderabad,1,0,0,1,0,1,35,MEDIUM,Validate Alert → Check Authentication History → Investigate IP and Location → Review Endpoint Activity → Collect Evidence → Assess Risk → Determine Containment,Escalate for Review,MANUAL REVIEW - Conflicting Evidence,Needs Further Investigation
CASE-1096,Suspicious Login,0,1,1,0,Hyderabad,1,0,0,0,1,0,35,MEDIUM,Validate Alert → Check Authentication History → Investigate IP and Location → Review Endpoint Activity → Collect Evidence → Assess Risk → Determine Containment,Escalate for Review,BLOCKED - Missing Evidence,Needs Further Investigation
CASE-1097,Phishing Email,3,1,1,1,Delhi,0,0,1,0,0,0,50,MEDIUM,Validate Alert → Check Authentication History → Investigate IP and Location → Review Cloud Activity → Collect Evidence → Assess Risk → Determine Containment,Escalate for Review,Normal Investigation,Needs Further Investigation
CASE-1098,Endpoint Malware,0,1,0,1,Hyderabad,0,1,0,0,0,1,35,MEDIUM,Validate Alert → Check Authentication History → Investigate IP and Location → Review Email Activity → Collect Evidence → Assess Risk → Determine Containment,Escalate for Review,MANUAL REVIEW - Conflicting Evidence,Benign Activity
CASE-1099,Endpoint Malware,4,1,1,0,Chennai,1,0,1,1,1,0,50,MEDIUM,Validate Alert → Check Authentication History → Investigate IP and Location → Review Endpoint Activity → Review Cloud Activity → Collect Evidence → Assess Risk → Determine Containment,Escalate for Review,BLOCKED - Missing Evidence,Benign Activity
CASE-1100,Cloud Account Anomaly,1,0,1,0,Hyderabad,1,1,1,1,1,0,50,MEDIUM,Validate Alert → Check Authentication History → Investigate IP and Location → Review Endpoint Activity → Review Email Activity → Review Cloud Activity → Collect Evidence → Assess Risk → Determine Containment,Escalate for Review,BLOCKED - Missing Evidence,Needs Further Investigation
CASE-1101,Suspicious Login,2,0,0,1,Delhi,0,1,0,0,0,0,25,LOW,Validate Alert → Check Authentication History → Investigate IP and Location → Review Email Activity → Collect Evidence → Assess Risk → Determine Containment,Continue Monitoring,Normal Investigation,Benign Activity
CASE-1102,Endpoint Malware,3,1,0,1,Bangalore,0,1,0,0,0,0,35,MEDIUM,Validate Alert → Check Authentication History → Investigate IP and Location → Review Email Activity → Collect Evidence → Assess Risk → Determine Containment,Escalate for Review,Normal Investigation,Needs Further Investigation
CASE-1103,Phishing Email,1,0,0,1,Chennai,0,0,0,1,0,1,20,LOW,Validate Alert → Check Authentication History → Investigate IP and Location → Collect Evidence → Assess Risk → Determine Containment,Continue Monitoring,MANUAL REVIEW - Conflicting Evidence,Benign Activity
CASE-1104,Phishing Email,0,0,0,1,Bangalore,0,1,0,1,1,0,25,LOW,Validate Alert → Check Authentication History → Investigate IP and Location → Review Email Activity → Collect Evidence → Assess Risk → Determine Containment,Continue Monitoring,BLOCKED - Missing Evidence,Benign Activity
CASE-1105,Endpoint Malware,2,0,1,1,Mumbai,1,0,1,1,0,0,60,HIGH,Validate Alert → Check Authentication History → Investigate IP and Location → Review Endpoint Activity → Review Cloud Activity → Collect Evidence → Assess Risk → Determine Containment,Disable Account,Normal Investigation,Escalated Incident
CASE-1106,Endpoint Malware,2,1,1,0,Chennai,1,0,1,0,0,0,50,MEDIUM,Validate Alert → Check Authentication History → Investigate IP and Location → Review Endpoint Activity → Review Cloud Activity → Collect Evidence → Assess Risk → Determine Containment,Escalate for Review,Normal Investigation,Needs Further Investigation
CASE-1107,Endpoint Malware,2,1,0,0,Mumbai,1,0,1,1,0,1,40,MEDIUM,Validate Alert → Check Authentication History → Review Endpoint Activity → Review Cloud Activity → Collect Evidence → Assess Risk → Determine Containment,Escalate for Review,MANUAL REVIEW - Conflicting Evidence,Benign Activity
CASE-1108,Phishing Email,0,0,0,1,Chennai,0,0,1,0,0,1,25,LOW,Validate Alert → Check Authentication History → Investigate IP and Location → Review Cloud Activity → Collect Evidence → Assess Risk → Determine Containment,Continue Monitoring,MANUAL REVIEW - Conflicting Evidence,Benign Activity
CASE-1109,Cloud Account Anomaly,3,1,0,0,Chennai,0,0,1,0,0,1,20,LOW,Validate Alert → Check Authentication History → Review Cloud Activity → Collect Evidence → Assess Risk → Determine Containment,Continue Monitoring,MANUAL REVIEW - Conflicting Evidence,Benign Activity
CASE-1110,Endpoint Malware,5,1,1,1,Hyderabad,0,1,0,0,0,1,70,HIGH,Validate Alert → Check Authentication History → Investigate IP and Location → Review Email Activity → Collect Evidence → Assess Risk → Determine Containment,Disable Account,MANUAL REVIEW - Conflicting Evidence,Confirmed Incident
CASE-1111,Suspicious Login,1,0,1,1,Bangalore,0,1,1,0,0,0,50,MEDIUM,Validate Alert → Check Authentication History → Investigate IP and Location → Review Email Activity → Review Cloud Activity → Collect Evidence → Assess Risk → Determine Containment,Escalate for Review,Normal Investigation,Benign Activity
CASE-1112,Phishing Email,2,0,0,0,Bangalore,0,1,1,0,1,0,15,LOW,Validate Alert → Check Authentication History → Review Email Activity → Review Cloud Activity → Collect Evidence → Assess Risk → Determine Containment,Continue Monitoring,BLOCKED - Missing Evidence,Benign Activity
CASE-1113,Phishing Email,2,0,0,1,Unknown,0,0,0,1,0,1,20,LOW,Validate Alert → Check Authentication History → Investigate IP and Location → Collect Evidence → Assess Risk → Determine Containment,Continue Monitoring,MANUAL REVIEW - Conflicting Evidence,Benign Activity
CASE-1114,Endpoint Malware,6,1,1,0,Delhi,0,0,0,0,1,0,40,MEDIUM,Validate Alert → Check Authentication History → Investigate IP and Location → Collect Evidence → Assess Risk → Determine Containment,Escalate for Review,BLOCKED - Missing Evidence,Needs Further Investigation
CASE-1115,Suspicious Login,1,0,0,0,Unknown,0,1,1,1,1,0,20,LOW,Validate Alert → Check Authentication History → Review Email Activity → Review Cloud Activity → Collect Evidence → Assess Risk → Determine Containment,Continue Monitoring,BLOCKED - Missing Evidence,Benign Activity
CASE-1116,Endpoint Malware,2,1,1,1,Unknown,1,1,0,1,0,0,70,HIGH,Validate Alert → Check Authentication History → Investigate IP and Location → Review Endpoint Activity → Review Email Activity → Collect Evidence → Assess Risk → Determine Containment,Isolate Endpoint,Normal Investigation,Escalated Incident
CASE-1117,Endpoint Malware,1,1,1,0,Delhi,1,0,1,1,0,0,55,MEDIUM,Validate Alert → Check Authentication History → Investigate IP and Location → Review Endpoint Activity → Review Cloud Activity → Collect Evidence → Assess Risk → Determine Containment,Escalate for Review,Normal Investigation,Benign Activity
CASE-1118,Endpoint Malware,1,1,0,1,Delhi,0,1,1,1,1,1,45,MEDIUM,Validate Alert → Check Authentication History → Investigate IP and Location → Review Email Activity → Review Cloud Activity → Collect Evidence → Assess Risk → Determine Containment,Escalate for Review,BLOCKED - Missing Evidence,Benign Activity
CASE-1119,Cloud Account Anomaly,2,1,1,1,Hyderabad,1,1,0,0,0,0,65,HIGH,Validate Alert → Check Authentication History → Investigate IP and Location → Review Endpoint Activity → Review Email Activity → Collect Evidence → Assess Risk → Determine Containment,Escalate to Senior Analyst,Normal Investigation,Confirmed Incident
CASE-1120,Endpoint Malware,0,1,1,1,Mumbai,1,1,0,1,0,0,70,HIGH,Validate Alert → Check Authentication History → Investigate IP and Location → Review Endpoint Activity → Review Email Activity → Collect Evidence → Assess Risk → Determine Containment,Isolate Endpoint,Normal Investigation,Escalated Incident
CASE-1121,Cloud Account Anomaly,4,0,0,0,Unknown,1,0,1,1,0,0,30,MEDIUM,Validate Alert → Check Authentication History → Review Endpoint Activity → Review Cloud Activity → Collect Evidence → Assess Risk → Determine Containment,Escalate for Review,Normal Investigation,Needs Further Investigation
CASE-1122,Endpoint Malware,2,1,0,1,Bangalore,0,1,0,0,1,0,30,MEDIUM,Validate Alert → Check Authentication History → Investigate IP and Location → Review Email Activity → Collect Evidence → Assess Risk → Determine Containment,Escalate for Review,BLOCKED - Missing Evidence,Benign Activity
CASE-1123,Endpoint Malware,3,1,1,0,Mumbai,0,0,0,0,0,0,25,LOW,Validate Alert → Check Authentication History → Investigate IP and Location → Collect Evidence → Assess Risk → Determine Containment,Continue Monitoring,Normal Investigation,Benign Activity
CASE-1124,Suspicious Login,1,1,1,0,Hyderabad,0,0,1,0,0,1,35,MEDIUM,Validate Alert → Check Authentication History → Investigate IP and Location → Review Cloud Activity → Collect Evidence → Assess Risk → Determine Containment,Escalate for Review,MANUAL REVIEW - Conflicting Evidence,Benign Activity
CASE-1125,Cloud Account Anomaly,1,1,1,0,Chennai,1,1,0,0,0,0,50,MEDIUM,Validate Alert → Check Authentication History → Investigate IP and Location → Review Endpoint Activity → Review Email Activity → Collect Evidence → Assess Risk → Determine Containment,Escalate for Review,Normal Investigation,Benign Activity
CASE-1126,Cloud Account Anomaly,3,0,1,1,Delhi,0,0,0,1,0,0,35,MEDIUM,Validate Alert → Check Authentication History → Investigate IP and Location → Collect Evidence → Assess Risk → Determine Containment,Escalate for Review,Normal Investigation,Needs Further Investigation
CASE-1127,Cloud Account Anomaly,2,1,1,0,Unknown,0,1,1,0,1,0,40,MEDIUM,Validate Alert → Check Authentication History → Investigate IP and Location → Review Email Activity → Review Cloud Activity → Collect Evidence → Assess Risk → Determine Containment,Escalate for Review,BLOCKED - Missing Evidence,Benign Activity
CASE-1128,Phishing Email,2,1,0,1,Chennai,0,0,0,1,1,0,25,LOW,Validate Alert → Check Authentication History → Investigate IP and Location → Collect Evidence → Assess Risk → Determine Containment,Continue Monitoring,BLOCKED - Missing Evidence,Benign Activity
CASE-1129,Endpoint Malware,0,1,1,0,Bangalore,1,1,0,1,0,0,55,MEDIUM,Validate Alert → Check Authentication History → Investigate IP and Location → Review Endpoint Activity → Review Email Activity → Collect Evidence → Assess Risk → Determine Containment,Escalate for Review,Normal Investigation,Benign Activity
CASE-1130,Phishing Email,1,0,1,1,Mumbai,0,0,0,1,0,0,35,MEDIUM,Validate Alert → Check Authentication History → Investigate IP and Location → Collect Evidence → Assess Risk → Determine Containment,Escalate for Review,Normal Investigation,Benign Activity
CASE-1131,Suspicious Login,2,1,1,0,Bangalore,1,0,0,0,0,0,40,MEDIUM,Validate Alert → Check Authentication History → Investigate IP and Location → Review Endpoint Activity → Collect Evidence → Assess Risk → Determine Containment,Escalate for Review,Normal Investigation,Benign Activity
CASE-1132,Cloud Account Anomaly,0,1,1,0,Bangalore,1,1,1,1,1,0,60,HIGH,Validate Alert → Check Authentication History → Investigate IP and Location → Review Endpoint Activity → Review Email Activity → Review Cloud Activity → Collect Evidence → Assess Risk → Determine Containment,Escalate to Senior Analyst,BLOCKED - Missing Evidence,Escalated Incident
CASE-1133,Phishing Email,4,1,0,1,Hyderabad,1,1,0,1,0,1,55,MEDIUM,Validate Alert → Check Authentication History → Investigate IP and Location → Review Endpoint Activity → Review Email Activity → Collect Evidence → Assess Risk → Determine Containment,Escalate for Review,MANUAL REVIEW - Conflicting Evidence,Benign Activity
CASE-1134,Suspicious Login,5,0,0,0,Hyderabad,0,0,0,1,0,0,25,LOW,Validate Alert → Check Authentication History → Collect Evidence → Assess Risk → Determine Containment,Continue Monitoring,Normal Investigation,Benign Activity
CASE-1135,Endpoint Malware,0,0,0,0,Mumbai,0,1,0,0,1,1,5,LOW,Validate Alert → Check Authentication History → Review Email Activity → Collect Evidence → Assess Risk → Determine Containment,Continue Monitoring,BLOCKED - Missing Evidence,Benign Activity
CASE-1136,Suspicious Login,0,0,0,0,Delhi,0,0,0,0,0,0,0,LOW,Validate Alert → Check Authentication History → Collect Evidence → Assess Risk → Determine Containment,Continue Monitoring,Normal Investigation,Benign Activity
CASE-1137,Endpoint Malware,6,0,0,0,Hyderabad,1,1,0,1,0,1,50,MEDIUM,Validate Alert → Check Authentication History → Review Endpoint Activity → Review Email Activity → Collect Evidence → Assess Risk → Determine Containment,Escalate for Review,MANUAL REVIEW - Conflicting Evidence,Benign Activity
CASE-1138,Endpoint Malware,0,1,1,0,Bangalore,1,0,0,0,0,0,40,MEDIUM,Validate Alert → Check Authentication History → Investigate IP and Location → Review Endpoint Activity → Collect Evidence → Assess Risk → Determine Containment,Escalate for Review,Normal Investigation,Benign Activity
CASE-1139,Endpoint Malware,1,0,0,0,Hyderabad,0,1,0,0,1,1,5,LOW,Validate Alert → Check Authentication History → Review Email Activity → Collect Evidence → Assess Risk → Determine Containment,Continue Monitoring,BLOCKED - Missing Evidence,Benign Activity
CASE-1140,Phishing Email,0,1,1,0,Mumbai,1,1,1,0,0,1,60,HIGH,Validate Alert → Check Authentication History → Investigate IP and Location → Review Endpoint Activity → Review Email Activity → Review Cloud Activity → Collect Evidence → Assess Risk → Determine Containment,Escalate to Senior Analyst,MANUAL REVIEW - Conflicting Evidence,Escalated Incident
CASE-1141,Endpoint Malware,3,0,0,0,Chennai,1,1,0,1,0,1,30,MEDIUM,Validate Alert → Check Authentication History → Review Endpoint Activity → Review Email Activity → Collect Evidence → Assess Risk → Determine Containment,Escalate for Review,MANUAL REVIEW - Conflicting Evidence,Benign Activity
CASE-1142,Suspicious Login,2,1,1,0,Delhi,1,1,1,1,1,0,60,HIGH,Validate Alert → Check Authentication History → Investigate IP and Location → Review Endpoint Activity → Review Email Activity → Review Cloud Activity → Collect Evidence → Assess Risk → Determine Containment,Disable Account,BLOCKED - Missing Evidence,Escalated Incident
CASE-1143,Phishing Email,3,0,0,0,Delhi,0,1,1,1,1,0,20,LOW,Validate Alert → Check Authentication History → Review Email Activity → Review Cloud Activity → Collect Evidence → Assess Risk → Determine Containment,Continue Monitoring,BLOCKED - Missing Evidence,Benign Activity
CASE-1144,Cloud Account Anomaly,5,1,1,0,Delhi,0,1,1,0,0,0,65,HIGH,Validate Alert → Check Authentication History → Investigate IP and Location → Review Email Activity → Review Cloud Activity → Collect Evidence → Assess Risk → Determine Containment,Disable Account,Normal Investigation,Confirmed Incident
CASE-1145,Phishing Email,5,0,1,0,Bangalore,0,0,0,0,0,0,35,MEDIUM,Validate Alert → Check Authentication History → Investigate IP and Location → Collect Evidence → Assess Risk → Determine Containment,Escalate for Review,Normal Investigation,Benign Activity
CASE-1146,Phishing Email,2,1,0,0,Delhi,1,1,0,1,0,0,40,MEDIUM,Validate Alert → Check Authentication History → Review Endpoint Activity → Review Email Activity → Collect Evidence → Assess Risk → Determine Containment,Escalate for Review,Normal Investigation,Needs Further Investigation
CASE-1147,Cloud Account Anomaly,3,1,1,0,Hyderabad,1,0,1,0,0,0,50,MEDIUM,Validate Alert → Check Authentication History → Investigate IP and Location → Review Endpoint Activity → Review Cloud Activity → Collect Evidence → Assess Risk → Determine Containment,Escalate for Review,Normal Investigation,Benign Activity
CASE-1148,Phishing Email,6,0,0,1,Mumbai,0,1,1,0,0,1,55,MEDIUM,Validate Alert → Check Authentication History → Investigate IP and Location → Review Email Activity → Review Cloud Activity → Collect Evidence → Assess Risk → Determine Containment,Escalate for Review,MANUAL REVIEW - Conflicting Evidence,Needs Further Investigation
CASE-1149,Phishing Email,3,1,0,0,Chennai,1,1,1,0,0,1,45,MEDIUM,Validate Alert → Check Authentication History → Review Endpoint Activity → Review Email Activity → Review Cloud Activity → Collect Evidence → Assess Risk → Determine Containment,Escalate for Review,MANUAL REVIEW - Conflicting Evidence,Benign Activity
CASE-1150,Suspicious Login,2,1,1,1,Mumbai,0,0,1,0,0,1,50,MEDIUM,Validate Alert → Check Authentication History → Investigate IP and Location → Review Cloud Activity → Collect Evidence → Assess Risk → Determine Containment,Escalate for Review,MANUAL REVIEW - Conflicting Evidence,Benign Activity
CASE-1151,Phishing Email,3,1,0,0,Delhi,1,0,0,0,1,1,20,LOW,Validate Alert → Check Authentication History → Review Endpoint Activity → Collect Evidence → Assess Risk → Determine Containment,Continue Monitoring,BLOCKED - Missing Evidence,Benign Activity
CASE-1152,Suspicious Login,1,1,0,1,Chennai,0,1,0,1,1,1,35,MEDIUM,Validate Alert → Check Authentication History → Investigate IP and Location → Review Email Activity → Collect Evidence → Assess Risk → Determine Containment,Escalate for Review,BLOCKED - Missing Evidence,Benign Activity
CASE-1153,Cloud Account Anomaly,1,1,0,1,Mumbai,0,1,0,1,0,0,40,MEDIUM,Validate Alert → Check Authentication History → Investigate IP and Location → Review Email Activity → Collect Evidence → Assess Risk → Determine Containment,Escalate for Review,Normal Investigation,Needs Further Investigation
CASE-1154,Phishing Email,4,1,0,1,Mumbai,1,1,1,0,0,1,60,HIGH,Validate Alert → Check Authentication History → Investigate IP and Location → Review Endpoint Activity → Review Email Activity → Review Cloud Activity → Collect Evidence → Assess Risk → Determine Containment,Escalate to Senior Analyst,MANUAL REVIEW - Conflicting Evidence,Confirmed Incident
CASE-1155,Suspicious Login,0,0,1,0,Mumbai,1,1,0,1,0,0,45,MEDIUM,Validate Alert → Check Authentication History → Investigate IP and Location → Review Endpoint Activity → Review Email Activity → Collect Evidence → Assess Risk → Determine Containment,Escalate for Review,Normal Investigation,Needs Further Investigation
CASE-1156,Suspicious Login,6,0,1,0,Mumbai,1,1,0,1,1,1,60,HIGH,Validate Alert → Check Authentication History → Investigate IP and Location → Review Endpoint Activity → Review Email Activity → Collect Evidence → Assess Risk → Determine Containment,Isolate Endpoint,BLOCKED - Missing Evidence,Escalated Incident
CASE-1157,Suspicious Login,2,1,1,1,Chennai,0,1,1,0,0,0,60,HIGH,Validate Alert → Check Authentication History → Investigate IP and Location → Review Email Activity → Review Cloud Activity → Collect Evidence → Assess Risk → Determine Containment,Isolate Endpoint,Normal Investigation,Confirmed Incident
CASE-1158,Phishing Email,3,1,1,0,Mumbai,1,1,0,1,0,0,55,MEDIUM,Validate Alert → Check Authentication History → Investigate IP and Location → Review Endpoint Activity → Review Email Activity → Collect Evidence → Assess Risk → Determine Containment,Escalate for Review,Normal Investigation,Needs Further Investigation
CASE-1159,Suspicious Login,2,1,1,0,Chennai,0,0,1,0,0,0,35,MEDIUM,Validate Alert → Check Authentication History → Investigate IP and Location → Review Cloud Activity → Collect Evidence → Assess Risk → Determine Containment,Escalate for Review,Normal Investigation,Needs Further Investigation
CASE-1160,Endpoint Malware,0,0,0,1,Delhi,1,1,0,1,0,0,45,MEDIUM,Validate Alert → Check Authentication History → Investigate IP and Location → Review Endpoint Activity → Review Email Activity → Collect Evidence → Assess Risk → Determine Containment,Escalate for Review,Normal Investigation,Benign Activity
CASE-1161,Suspicious Login,1,1,1,0,Bangalore,0,0,1,0,0,0,35,MEDIUM,Validate Alert → Check Authentication History → Investigate IP and Location → Review Cloud Activity → Collect Evidence → Assess Risk → Determine Containment,Escalate for Review,Normal Investigation,Needs Further Investigation
CASE-1162,Suspicious Login,4,0,0,0,Bangalore,1,0,0,0,0,0,15,LOW,Validate Alert → Check Authentication History → Review Endpoint Activity → Collect Evidence → Assess Risk → Determine Containment,Continue Monitoring,Normal Investigation,Benign Activity
CASE-1163,Phishing Email,3,1,1,1,Chennai,0,1,1,0,1,1,55,MEDIUM,Validate Alert → Check Authentication History → Investigate IP and Location → Review Email Activity → Review Cloud Activity → Collect Evidence → Assess Risk → Determine Containment,Escalate for Review,BLOCKED - Missing Evidence,Needs Further Investigation
CASE-1164,Endpoint Malware,3,0,0,0,Bangalore,1,0,1,0,0,1,25,LOW,Validate Alert → Check Authentication History → Review Endpoint Activity → Review Cloud Activity → Collect Evidence → Assess Risk → Determine Containment,Continue Monitoring,MANUAL REVIEW - Conflicting Evidence,Benign Activity
CASE-1165,Cloud Account Anomaly,5,0,0,0,Mumbai,1,1,1,1,0,0,60,HIGH,Validate Alert → Check Authentication History → Review Endpoint Activity → Review Email Activity → Review Cloud Activity → Collect Evidence → Assess Risk → Determine Containment,Escalate to Senior Analyst,Normal Investigation,Escalated Incident
CASE-1166,Endpoint Malware,1,1,1,1,Bangalore,0,1,1,0,1,1,55,MEDIUM,Validate Alert → Check Authentication History → Investigate IP and Location → Review Email Activity → Review Cloud Activity → Collect Evidence → Assess Risk → Determine Containment,Escalate for Review,BLOCKED - Missing Evidence,Benign Activity
CASE-1167,Endpoint Malware,4,0,0,1,Mumbai,0,0,0,1,0,1,20,LOW,Validate Alert → Check Authentication History → Investigate IP and Location → Collect Evidence → Assess Risk → Determine Containment,Continue Monitoring,MANUAL REVIEW - Conflicting Evidence,Benign Activity
CASE-1168,Phishing Email,1,1,0,0,Mumbai,1,0,0,1,0,0,30,MEDIUM,Validate Alert → Check Authentication History → Review Endpoint Activity → Collect Evidence → Assess Risk → Determine Containment,Escalate for Review,Normal Investigation,Needs Further Investigation
CASE-1169,Endpoint Malware,1,1,1,1,Unknown,1,1,0,1,1,1,65,HIGH,Validate Alert → Check Authentication History → Investigate IP and Location → Review Endpoint Activity → Review Email Activity → Collect Evidence → Assess Risk → Determine Containment,Escalate to Senior Analyst,BLOCKED - Missing Evidence,Escalated Incident
CASE-1170,Endpoint Malware,1,0,0,0,Delhi,0,0,0,1,0,0,5,LOW,Validate Alert → Check Authentication History → Collect Evidence → Assess Risk → Determine Containment,Continue Monitoring,Normal Investigation,Benign Activity
CASE-1171,Cloud Account Anomaly,0,0,0,0,Mumbai,1,0,0,1,0,0,20,LOW,Validate Alert → Check Authentication History → Review Endpoint Activity → Collect Evidence → Assess Risk → Determine Containment,Continue Monitoring,Normal Investigation,Benign Activity
CASE-1172,Cloud Account Anomaly,1,0,1,0,Chennai,0,1,0,1,1,0,25,LOW,Validate Alert → Check Authentication History → Investigate IP and Location → Review Email Activity → Collect Evidence → Assess Risk → Determine Containment,Continue Monitoring,BLOCKED - Missing Evidence,Benign Activity
CASE-1173,Suspicious Login,4,1,0,0,Chennai,0,0,0,1,0,0,15,LOW,Validate Alert → Check Authentication History → Collect Evidence → Assess Risk → Determine Containment,Continue Monitoring,Normal Investigation,Benign Activity
CASE-1174,Cloud Account Anomaly,2,0,0,0,Delhi,0,1,1,0,0,0,20,LOW,Validate Alert → Check Authentication History → Review Email Activity → Review Cloud Activity → Collect Evidence → Assess Risk → Determine Containment,Continue Monitoring,Normal Investigation,Benign Activity
CASE-1175,Cloud Account Anomaly,1,1,0,0,Mumbai,0,0,1,1,1,0,20,LOW,Validate Alert → Check Authentication History → Review Cloud Activity → Collect Evidence → Assess Risk → Determine Containment,Continue Monitoring,BLOCKED - Missing Evidence,Benign Activity
CASE-1176,Suspicious Login,1,1,0,0,Unknown,1,0,0,1,1,0,25,LOW,Validate Alert → Check Authentication History → Review Endpoint Activity → Collect Evidence → Assess Risk → Determine Containment,Continue Monitoring,BLOCKED - Missing Evidence,Benign Activity
CASE-1177,Suspicious Login,1,1,1,0,Mumbai,1,1,1,0,0,1,60,HIGH,Validate Alert → Check Authentication History → Investigate IP and Location → Review Endpoint Activity → Review Email Activity → Review Cloud Activity → Collect Evidence → Assess Risk → Determine Containment,Disable Account,MANUAL REVIEW - Conflicting Evidence,Confirmed Incident
CASE-1178,Phishing Email,2,1,0,1,Mumbai,1,1,1,1,0,1,65,HIGH,Validate Alert → Check Authentication History → Investigate IP and Location → Review Endpoint Activity → Review Email Activity → Review Cloud Activity → Collect Evidence → Assess Risk → Determine Containment,Disable Account,MANUAL REVIEW - Conflicting Evidence,Escalated Incident
CASE-1179,Cloud Account Anomaly,2,0,1,0,Hyderabad,1,1,1,1,0,0,55,MEDIUM,Validate Alert → Check Authentication History → Investigate IP and Location → Review Endpoint Activity → Review Email Activity → Review Cloud Activity → Collect Evidence → Assess Risk → Determine Containment,Escalate for Review,Normal Investigation,Benign Activity
CASE-1180,Endpoint Malware,0,1,0,0,Hyderabad,0,1,0,1,0,1,25,LOW,Validate Alert → Check Authentication History → Review Email Activity → Collect Evidence → Assess Risk → Determine Containment,Continue Monitoring,MANUAL REVIEW - Conflicting Evidence,Benign Activity
CASE-1181,Suspicious Login,2,0,0,1,Hyderabad,0,0,1,1,0,0,30,MEDIUM,Validate Alert → Check Authentication History → Investigate IP and Location → Review Cloud Activity → Collect Evidence → Assess Risk → Determine Containment,Escalate for Review,Normal Investigation,Benign Activity
CASE-1182,Cloud Account Anomaly,1,1,0,1,Unknown,1,0,0,1,0,1,45,MEDIUM,Validate Alert → Check Authentication History → Investigate IP and Location → Review Endpoint Activity → Collect Evidence → Assess Risk → Determine Containment,Escalate for Review,MANUAL REVIEW - Conflicting Evidence,Needs Further Investigation
CASE-1183,Suspicious Login,2,0,1,0,Bangalore,0,1,0,1,0,0,30,MEDIUM,Validate Alert → Check Authentication History → Investigate IP and Location → Review Email Activity → Collect Evidence → Assess Risk → Determine Containment,Escalate for Review,Normal Investigation,Needs Further Investigation
CASE-1184,Suspicious Login,2,0,0,1,Delhi,0,0,0,0,0,0,15,LOW,Validate Alert → Check Authentication History → Investigate IP and Location → Collect Evidence → Assess Risk → Determine Containment,Continue Monitoring,Normal Investigation,Benign Activity
CASE-1185,Suspicious Login,0,1,1,1,Hyderabad,0,1,1,1,0,0,65,HIGH,Validate Alert → Check Authentication History → Investigate IP and Location → Review Email Activity → Review Cloud Activity → Collect Evidence → Assess Risk → Determine Containment,Disable Account,Normal Investigation,Escalated Incident
CASE-1186,Cloud Account Anomaly,2,0,1,0,Delhi,1,1,1,0,0,1,50,MEDIUM,Validate Alert → Check Authentication History → Investigate IP and Location → Review Endpoint Activity → Review Email Activity → Review Cloud Activity → Collect Evidence → Assess Risk → Determine Containment,Escalate for Review,MANUAL REVIEW - Conflicting Evidence,Benign Activity
CASE-1187,Suspicious Login,0,1,1,1,Hyderabad,0,1,0,1,0,0,55,MEDIUM,Validate Alert → Check Authentication History → Investigate IP and Location → Review Email Activity → Collect Evidence → Assess Risk → Determine Containment,Escalate for Review,Normal Investigation,Benign Activity
CASE-1188,Suspicious Login,3,0,0,0,Mumbai,1,1,1,0,1,0,30,MEDIUM,Validate Alert → Check Authentication History → Review Endpoint Activity → Review Email Activity → Review Cloud Activity → Collect Evidence → Assess Risk → Determine Containment,Escalate for Review,BLOCKED - Missing Evidence,Benign Activity
CASE-1189,Cloud Account Anomaly,4,0,1,0,Bangalore,0,0,0,1,0,1,20,LOW,Validate Alert → Check Authentication History → Investigate IP and Location → Collect Evidence → Assess Risk → Determine Containment,Continue Monitoring,MANUAL REVIEW - Conflicting Evidence,Benign Activity
CASE-1190,Cloud Account Anomaly,4,1,1,0,Chennai,1,0,1,0,1,0,45,MEDIUM,Validate Alert → Check Authentication History → Investigate IP and Location → Review Endpoint Activity → Review Cloud Activity → Collect Evidence → Assess Risk → Determine Containment,Escalate for Review,BLOCKED - Missing Evidence,Needs Further Investigation
CASE-1191,Phishing Email,3,1,1,0,Chennai,0,0,0,1,1,0,25,LOW,Validate Alert → Check Authentication History → Investigate IP and Location → Collect Evidence → Assess Risk → Determine Containment,Continue Monitoring,BLOCKED - Missing Evidence,Benign Activity
CASE-1192,Cloud Account Anomaly,3,0,1,0,Unknown,1,0,0,1,1,0,30,MEDIUM,Validate Alert → Check Authentication History → Investigate IP and Location → Review Endpoint Activity → Collect Evidence → Assess Risk → Determine Containment,Escalate for Review,BLOCKED - Missing Evidence,Benign Activity
CASE-1193,Suspicious Login,2,0,0,0,Delhi,0,0,1,1,0,1,15,LOW,Validate Alert → Check Authentication History → Review Cloud Activity → Collect Evidence → Assess Risk → Determine Containment,Continue Monitoring,MANUAL REVIEW - Conflicting Evidence,Benign Activity
CASE-1194,Suspicious Login,0,1,0,1,Chennai,1,0,1,1,1,0,50,MEDIUM,Validate Alert → Check Authentication History → Investigate IP and Location → Review Endpoint Activity → Review Cloud Activity → Collect Evidence → Assess Risk → Determine Containment,Escalate for Review,BLOCKED - Missing Evidence,Needs Further Investigation
CASE-1195,Phishing Email,2,1,1,1,Unknown,0,0,0,0,0,0,40,MEDIUM,Validate Alert → Check Authentication History → Investigate IP and Location → Collect Evidence → Assess Risk → Determine Containment,Escalate for Review,Normal Investigation,Needs Further Investigation
CASE-1196,Endpoint Malware,3,1,1,1,Bangalore,1,0,0,1,0,1,60,HIGH,Validate Alert → Check Authentication History → Investigate IP and Location → Review Endpoint Activity → Collect Evidence → Assess Risk → Determine Containment,Isolate Endpoint,MANUAL REVIEW - Conflicting Evidence,Confirmed Incident
CASE-1197,Endpoint Malware,1,1,0,1,Hyderabad,0,1,0,0,0,1,35,MEDIUM,Validate Alert → Check Authentication History → Investigate IP and Location → Review Email Activity → Collect Evidence → Assess Risk → Determine Containment,Escalate for Review,MANUAL REVIEW - Conflicting Evidence,Benign Activity
CASE-1198,Suspicious Login,2,1,0,1,Bangalore,0,1,0,0,1,0,30,MEDIUM,Validate Alert → Check Authentication History → Investigate IP and Location → Review Email Activity → Collect Evidence → Assess Risk → Determine Containment,Escalate for Review,BLOCKED - Missing Evidence,Benign Activity
CASE-1199,Suspicious Login,1,0,1,0,Chennai,0,0,0,0,1,1,10,LOW,Validate Alert → Check Authentication History → Investigate IP and Location → Collect Evidence → Assess Risk → Determine Containment,Continue Monitoring,BLOCKED - Missing Evidence,Benign Activity
CASE-1200,Endpoint Malware,1,0,1,1,Delhi,0,1,1,0,1,0,45,MEDIUM,Validate Alert → Check Authentication History → Investigate IP and Location → Review Email Activity → Review Cloud Activity → Collect Evidence → Assess Risk → Determine Containment,Escalate for Review,BLOCKED - Missing Evidence,Benign Activity
CASE-1201,Suspicious Login,2,0,1,1,Bangalore,1,0,0,1,1,1,45,MEDIUM,Validate Alert → Check Authentication History → Investigate IP and Location → Review Endpoint Activity → Collect Evidence → Assess Risk → Determine Containment,Escalate for Review,BLOCKED - Missing Evidence,Needs Further Investigation
CASE-1202,Phishing Email,3,1,0,1,Mumbai,0,1,0,0,0,1,35,MEDIUM,Validate Alert → Check Authentication History → Investigate IP and Location → Review Email Activity → Collect Evidence → Assess Risk → Determine Containment,Escalate for Review,MANUAL REVIEW - Conflicting Evidence,Needs Further Investigation
CASE-1203,Phishing Email,2,1,1,1,Unknown,1,1,1,1,1,1,75,HIGH,Validate Alert → Check Authentication History → Investigate IP and Location → Review Endpoint Activity → Review Email Activity → Review Cloud Activity → Collect Evidence → Assess Risk → Determine Containment,Disable Account,BLOCKED - Missing Evidence,Escalated Incident
CASE-1204,Endpoint Malware,0,1,1,0,Hyderabad,1,1,0,1,0,0,55,MEDIUM,Validate Alert → Check Authentication History → Investigate IP and Location → Review Endpoint Activity → Review Email Activity → Collect Evidence → Assess Risk → Determine Containment,Escalate for Review,Normal Investigation,Benign Activity
CASE-1205,Endpoint Malware,3,1,1,0,Mumbai,0,1,1,0,0,1,45,MEDIUM,Validate Alert → Check Authentication History → Investigate IP and Location → Review Email Activity → Review Cloud Activity → Collect Evidence → Assess Risk → Determine Containment,Escalate for Review,MANUAL REVIEW - Conflicting Evidence,Benign Activity
CASE-1206,Phishing Email,2,1,0,0,Chennai,1,0,1,1,0,0,40,MEDIUM,Validate Alert → Check Authentication History → Review Endpoint Activity → Review Cloud Activity → Collect Evidence → Assess Risk → Determine Containment,Escalate for Review,Normal Investigation,Needs Further Investigation
CASE-1207,Phishing Email,2,0,0,1,Hyderabad,0,1,1,0,1,0,30,MEDIUM,Validate Alert → Check Authentication History → Investigate IP and Location → Review Email Activity → Review Cloud Activity → Collect Evidence → Assess Risk → Determine Containment,Escalate for Review,BLOCKED - Missing Evidence,Benign Activity
CASE-1208,Cloud Account Anomaly,0,1,0,1,Bangalore,0,1,0,1,1,0,35,MEDIUM,Validate Alert → Check Authentication History → Investigate IP and Location → Review Email Activity → Collect Evidence → Assess Risk → Determine Containment,Escalate for Review,BLOCKED - Missing Evidence,Needs Further Investigation
CASE-1209,Phishing Email,4,1,1,1,Delhi,1,0,1,0,1,1,60,HIGH,Validate Alert → Check Authentication History → Investigate IP and Location → Review Endpoint Activity → Review Cloud Activity → Collect Evidence → Assess Risk → Determine Containment,Disable Account,BLOCKED - Missing Evidence,Confirmed Incident
CASE-1210,Cloud Account Anomaly,2,1,1,0,Mumbai,0,0,0,1,0,0,30,MEDIUM,Validate Alert → Check Authentication History → Investigate IP and Location → Collect Evidence → Assess Risk → Determine Containment,Escalate for Review,Normal Investigation,Needs Further Investigation
CASE-1211,Suspicious Login,2,1,0,0,Mumbai,1,0,0,0,0,0,25,LOW,Validate Alert → Check Authentication History → Review Endpoint Activity → Collect Evidence → Assess Risk → Determine Containment,Continue Monitoring,Normal Investigation,Benign Activity
CASE-1212,Phishing Email,1,1,1,0,Hyderabad,0,0,1,1,0,0,40,MEDIUM,Validate Alert → Check Authentication History → Investigate IP and Location → Review Cloud Activity → Collect Evidence → Assess Risk → Determine Containment,Escalate for Review,Normal Investigation,Needs Further Investigation
CASE-1213,Phishing Email,2,0,0,1,Chennai,0,0,0,0,0,0,15,LOW,Validate Alert → Check Authentication History → Investigate IP and Location → Collect Evidence → Assess Risk → Determine Containment,Continue Monitoring,Normal Investigation,Benign Activity
CASE-1214,Suspicious Login,2,0,1,0,Chennai,0,1,0,0,0,0,25,LOW,Validate Alert → Check Authentication History → Investigate IP and Location → Review Email Activity → Collect Evidence → Assess Risk → Determine Containment,Continue Monitoring,Normal Investigation,Benign Activity
CASE-1215,Suspicious Login,2,0,1,1,Unknown,1,1,0,0,0,0,55,MEDIUM,Validate Alert → Check Authentication History → Investigate IP and Location → Review Endpoint Activity → Review Email Activity → Collect Evidence → Assess Risk → Determine Containment,Escalate for Review,Normal Investigation,Benign Activity
CASE-1216,Cloud Account Anomaly,4,1,0,1,Mumbai,1,0,1,0,1,0,45,MEDIUM,Validate Alert → Check Authentication History → Investigate IP and Location → Review Endpoint Activity → Review Cloud Activity → Collect Evidence → Assess Risk → Determine Containment,Escalate for Review,BLOCKED - Missing Evidence,Benign Activity
CASE-1217,Suspicious Login,0,1,1,1,Bangalore,0,1,0,0,1,0,45,MEDIUM,Validate Alert → Check Authentication History → Investigate IP and Location → Review Email Activity → Collect Evidence → Assess Risk → Determine Containment,Escalate for Review,BLOCKED - Missing Evidence,Benign Activity
CASE-1218,Endpoint Malware,1,1,1,1,Unknown,1,0,1,0,1,1,60,HIGH,Validate Alert → Check Authentication History → Investigate IP and Location → Review Endpoint Activity → Review Cloud Activity → Collect Evidence → Assess Risk → Determine Containment,Disable Account,BLOCKED - Missing Evidence,Confirmed Incident
CASE-1219,Endpoint Malware,4,0,1,0,Unknown,1,1,1,1,0,0,55,MEDIUM,Validate Alert → Check Authentication History → Investigate IP and Location → Review Endpoint Activity → Review Email Activity → Review Cloud Activity → Collect Evidence → Assess Risk → Determine Containment,Escalate for Review,Normal Investigation,Benign Activity
CASE-1220,Cloud Account Anomaly,0,1,0,1,Bangalore,1,1,0,1,0,0,55,MEDIUM,Validate Alert → Check Authentication History → Investigate IP and Location → Review Endpoint Activity → Review Email Activity → Collect Evidence → Assess Risk → Determine Containment,Escalate for Review,Normal Investigation,Benign Activity
CASE-1221,Endpoint Malware,0,0,0,0,Bangalore,1,1,0,0,0,1,25,LOW,Validate Alert → Check Authentication History → Review Endpoint Activity → Review Email Activity → Collect Evidence → Assess Risk → Determine Containment,Continue Monitoring,MANUAL REVIEW - Conflicting Evidence,Benign Activity
CASE-1222,Suspicious Login,3,0,1,0,Bangalore,1,1,0,1,0,0,45,MEDIUM,Validate Alert → Check Authentication History → Investigate IP and Location → Review Endpoint Activity → Review Email Activity → Collect Evidence → Assess Risk → Determine Containment,Escalate for Review,Normal Investigation,Benign Activity
CASE-1223,Endpoint Malware,0,1,1,0,Hyderabad,0,0,0,0,0,0,25,LOW,Validate Alert → Check Authentication History → Investigate IP and Location → Collect Evidence → Assess Risk → Determine Containment,Continue Monitoring,Normal Investigation,Benign Activity
CASE-1224,Cloud Account Anomaly,1,1,0,0,Bangalore,0,0,0,0,0,0,10,LOW,Validate Alert → Check Authentication History → Collect Evidence → Assess Risk → Determine Containment,Continue Monitoring,Normal Investigation,Benign Activity
CASE-1225,Suspicious Login,0,1,1,0,Mumbai,0,0,0,0,0,0,25,LOW,Validate Alert → Check Authentication History → Investigate IP and Location → Collect Evidence → Assess Risk → Determine Containment,Continue Monitoring,Normal Investigation,Benign Activity
CASE-1226,Suspicious Login,1,0,1,0,Hyderabad,0,0,1,0,0,0,25,LOW,Validate Alert → Check Authentication History → Investigate IP and Location → Review Cloud Activity → Collect Evidence → Assess Risk → Determine Containment,Continue Monitoring,Normal Investigation,Benign Activity
CASE-1227,Phishing Email,2,1,1,0,Chennai,1,0,0,0,0,1,40,MEDIUM,Validate Alert → Check Authentication History → Investigate IP and Location → Review Endpoint Activity → Collect Evidence → Assess Risk → Determine Containment,Escalate for Review,MANUAL REVIEW - Conflicting Evidence,Needs Further Investigation
CASE-1228,Cloud Account Anomaly,2,0,0,1,Hyderabad,1,1,1,1,1,1,50,MEDIUM,Validate Alert → Check Authentication History → Investigate IP and Location → Review Endpoint Activity → Review Email Activity → Review Cloud Activity → Collect Evidence → Assess Risk → Determine Containment,Escalate for Review,BLOCKED - Missing Evidence,Benign Activity
CASE-1229,Cloud Account Anomaly,1,1,1,0,Mumbai,1,0,0,0,0,1,40,MEDIUM,Validate Alert → Check Authentication History → Investigate IP and Location → Review Endpoint Activity → Collect Evidence → Assess Risk → Determine Containment,Escalate for Review,MANUAL REVIEW - Conflicting Evidence,Benign Activity
CASE-1230,Suspicious Login,2,1,1,1,Delhi,1,1,0,1,1,0,65,HIGH,Validate Alert → Check Authentication History → Investigate IP and Location → Review Endpoint Activity → Review Email Activity → Collect Evidence → Assess Risk → Determine Containment,Isolate Endpoint,BLOCKED - Missing Evidence,Confirmed Incident
CASE-1231,Endpoint Malware,3,1,0,1,Delhi,1,0,0,0,0,0,40,MEDIUM,Validate Alert → Check Authentication History → Investigate IP and Location → Review Endpoint Activity → Collect Evidence → Assess Risk → Determine Containment,Escalate for Review,Normal Investigation,Benign Activity
CASE-1232,Cloud Account Anomaly,0,1,1,1,Unknown,0,1,0,1,0,0,55,MEDIUM,Validate Alert → Check Authentication History → Investigate IP and Location → Review Email Activity → Collect Evidence → Assess Risk → Determine Containment,Escalate for Review,Normal Investigation,Needs Further Investigation
CASE-1233,Suspicious Login,3,1,1,0,Hyderabad,1,1,1,1,0,1,65,HIGH,Validate Alert → Check Authentication History → Investigate IP and Location → Review Endpoint Activity → Review Email Activity → Review Cloud Activity → Collect Evidence → Assess Risk → Determine Containment,Disable Account,MANUAL REVIEW - Conflicting Evidence,Escalated Incident
CASE-1234,Cloud Account Anomaly,1,0,1,0,Bangalore,1,1,0,1,0,0,45,MEDIUM,Validate Alert → Check Authentication History → Investigate IP and Location → Review Endpoint Activity → Review Email Activity → Collect Evidence → Assess Risk → Determine Containment,Escalate for Review,Normal Investigation,Needs Further Investigation
CASE-1235,Phishing Email,4,0,0,0,Mumbai,1,0,1,1,0,1,30,MEDIUM,Validate Alert → Check Authentication History → Review Endpoint Activity → Review Cloud Activity → Collect Evidence → Assess Risk → Determine Containment,Escalate for Review,MANUAL REVIEW - Conflicting Evidence,Benign Activity
CASE-1236,Phishing Email,5,1,1,0,Bangalore,0,1,1,1,0,1,70,HIGH,Validate Alert → Check Authentication History → Investigate IP and Location → Review Email Activity → Review Cloud Activity → Collect Evidence → Assess Risk → Determine Containment,Escalate to Senior Analyst,MANUAL REVIEW - Conflicting Evidence,Confirmed Incident
CASE-1237,Cloud Account Anomaly,1,1,1,1,Bangalore,0,0,0,0,1,0,35,MEDIUM,Validate Alert → Check Authentication History → Investigate IP and Location → Collect Evidence → Assess Risk → Determine Containment,Escalate for Review,BLOCKED - Missing Evidence,Benign Activity
CASE-1238,Suspicious Login,1,0,1,0,Delhi,0,0,1,0,1,0,20,LOW,Validate Alert → Check Authentication History → Investigate IP and Location → Review Cloud Activity → Collect Evidence → Assess Risk → Determine Containment,Continue Monitoring,BLOCKED - Missing Evidence,Benign Activity
CASE-1239,Phishing Email,4,0,0,0,Delhi,0,0,1,1,0,0,15,LOW,Validate Alert → Check Authentication History → Review Cloud Activity → Collect Evidence → Assess Risk → Determine Containment,Continue Monitoring,Normal Investigation,Benign Activity
CASE-1240,Endpoint Malware,1,1,0,0,Unknown,1,1,1,1,0,1,50,MEDIUM,Validate Alert → Check Authentication History → Review Endpoint Activity → Review Email Activity → Review Cloud Activity → Collect Evidence → Assess Risk → Determine Containment,Escalate for Review,MANUAL REVIEW - Conflicting Evidence,Benign Activity
CASE-1241,Phishing Email,1,0,1,0,Delhi,0,0,1,1,0,0,30,MEDIUM,Validate Alert → Check Authentication History → Investigate IP and Location → Review Cloud Activity → Collect Evidence → Assess Risk → Determine Containment,Escalate for Review,Normal Investigation,Benign Activity
CASE-1242,Cloud Account Anomaly,3,0,1,1,Chennai,0,0,0,0,0,0,30,MEDIUM,Validate Alert → Check Authentication History → Investigate IP and Location → Collect Evidence → Assess Risk → Determine Containment,Escalate for Review,Normal Investigation,Needs Further Investigation
CASE-1243,Phishing Email,2,1,1,1,Mumbai,1,1,0,0,0,1,65,HIGH,Validate Alert → Check Authentication History → Investigate IP and Location → Review Endpoint Activity → Review Email Activity → Collect Evidence → Assess Risk → Determine Containment,Disable Account,MANUAL REVIEW - Conflicting Evidence,Confirmed Incident
CASE-1244,Suspicious Login,0,1,1,1,Bangalore,0,1,1,0,0,0,60,HIGH,Validate Alert → Check Authentication History → Investigate IP and Location → Review Email Activity → Review Cloud Activity → Collect Evidence → Assess Risk → Determine Containment,Isolate Endpoint,Normal Investigation,Escalated Incident
CASE-1245,Cloud Account Anomaly,1,1,1,0,Mumbai,1,1,0,1,0,1,55,MEDIUM,Validate Alert → Check Authentication History → Investigate IP and Location → Review Endpoint Activity → Review Email Activity → Collect Evidence → Assess Risk → Determine Containment,Escalate for Review,MANUAL REVIEW - Conflicting Evidence,Needs Further Investigation
CASE-1246,Endpoint Malware,2,1,1,0,Delhi,0,0,0,0,0,1,25,LOW,Validate Alert → Check Authentication History → Investigate IP and Location → Collect Evidence → Assess Risk → Determine Containment,Continue Monitoring,MANUAL REVIEW - Conflicting Evidence,Benign Activity
CASE-1247,Cloud Account Anomaly,1,0,0,0,Mumbai,0,1,0,0,0,0,10,LOW,Validate Alert → Check Authentication History → Review Email Activity → Collect Evidence → Assess Risk → Determine Containment,Continue Monitoring,Normal Investigation,Benign Activity
CASE-1248,Phishing Email,4,0,0,0,Hyderabad,1,1,0,0,0,0,25,LOW,Validate Alert → Check Authentication History → Review Endpoint Activity → Review Email Activity → Collect Evidence → Assess Risk → Determine Containment,Continue Monitoring,Normal Investigation,Benign Activity
CASE-1249,Suspicious Login,3,0,0,1,Bangalore,1,0,1,1,0,1,45,MEDIUM,Validate Alert → Check Authentication History → Investigate IP and Location → Review Endpoint Activity → Review Cloud Activity → Collect Evidence → Assess Risk → Determine Containment,Escalate for Review,MANUAL REVIEW - Conflicting Evidence,Benign Activity
CASE-1250,Suspicious Login,0,1,1,0,Unknown,0,1,0,1,0,0,40,MEDIUM,Validate Alert → Check Authentication History → Investigate IP and Location → Review Email Activity → Collect Evidence → Assess Risk → Determine Containment,Escalate for Review,Normal Investigation,Benign Activity
CASE-1251,Endpoint Malware,2,1,1,1,Bangalore,1,1,1,1,0,0,80,HIGH,Validate Alert → Check Authentication History → Investigate IP and Location → Review Endpoint Activity → Review Email Activity → Review Cloud Activity → Collect Evidence → Assess Risk → Determine Containment,Escalate to Senior Analyst,Normal Investigation,Escalated Incident
CASE-1252,Endpoint Malware,4,1,0,0,Delhi,0,0,0,0,0,0,10,LOW,Validate Alert → Check Authentication History → Collect Evidence → Assess Risk → Determine Containment,Continue Monitoring,Normal Investigation,Benign Activity
CASE-1253,Endpoint Malware,2,0,0,1,Unknown,1,1,0,1,1,0,40,MEDIUM,Validate Alert → Check Authentication History → Investigate IP and Location → Review Endpoint Activity → Review Email Activity → Collect Evidence → Assess Risk → Determine Containment,Escalate for Review,BLOCKED - Missing Evidence,Needs Further Investigation
CASE-1254,Phishing Email,1,0,1,0,Chennai,1,0,1,0,0,0,40,MEDIUM,Validate Alert → Check Authentication History → Investigate IP and Location → Review Endpoint Activity → Review Cloud Activity → Collect Evidence → Assess Risk → Determine Containment,Escalate for Review,Normal Investigation,Needs Further Investigation
CASE-1255,Phishing Email,2,1,0,1,Unknown,1,1,1,1,0,0,65,HIGH,Validate Alert → Check Authentication History → Investigate IP and Location → Review Endpoint Activity → Review Email Activity → Review Cloud Activity → Collect Evidence → Assess Risk → Determine Containment,Escalate to Senior Analyst,Normal Investigation,Escalated Incident
CASE-1256,Phishing Email,2,0,0,0,Bangalore,1,1,0,1,0,0,30,MEDIUM,Validate Alert → Check Authentication History → Review Endpoint Activity → Review Email Activity → Collect Evidence → Assess Risk → Determine Containment,Escalate for Review,Normal Investigation,Needs Further Investigation
CASE-1257,Endpoint Malware,2,1,1,0,Hyderabad,0,1,0,0,0,1,35,MEDIUM,Validate Alert → Check Authentication History → Investigate IP and Location → Review Email Activity → Collect Evidence → Assess Risk → Determine Containment,Escalate for Review,MANUAL REVIEW - Conflicting Evidence,Benign Activity
CASE-1258,Phishing Email,1,1,0,0,Unknown,1,0,0,0,0,1,25,LOW,Validate Alert → Check Authentication History → Review Endpoint Activity → Collect Evidence → Assess Risk → Determine Containment,Continue Monitoring,MANUAL REVIEW - Conflicting Evidence,Benign Activity
CASE-1259,Phishing Email,0,1,0,1,Chennai,0,1,1,1,0,0,50,MEDIUM,Validate Alert → Check Authentication History → Investigate IP and Location → Review Email Activity → Review Cloud Activity → Collect Evidence → Assess Risk → Determine Containment,Escalate for Review,Normal Investigation,Benign Activity
CASE-1260,Cloud Account Anomaly,3,0,1,1,Unknown,1,0,1,0,1,0,50,MEDIUM,Validate Alert → Check Authentication History → Investigate IP and Location → Review Endpoint Activity → Review Cloud Activity → Collect Evidence → Assess Risk → Determine Containment,Escalate for Review,BLOCKED - Missing Evidence,Benign Activity
CASE-1261,Suspicious Login,6,0,1,1,Chennai,1,0,0,0,0,0,65,HIGH,Validate Alert → Check Authentication History → Investigate IP and Location → Review Endpoint Activity → Collect Evidence → Assess Risk → Determine Containment,Isolate Endpoint,Normal Investigation,Escalated Incident
CASE-1262,Cloud Account Anomaly,1,0,0,1,Hyderabad,1,0,1,0,1,1,35,MEDIUM,Validate Alert → Check Authentication History → Investigate IP and Location → Review Endpoint Activity → Review Cloud Activity → Collect Evidence → Assess Risk → Determine Containment,Escalate for Review,BLOCKED - Missing Evidence,Needs Further Investigation
CASE-1263,Phishing Email,2,0,0,1,Mumbai,1,0,0,0,1,0,25,LOW,Validate Alert → Check Authentication History → Investigate IP and Location → Review Endpoint Activity → Collect Evidence → Assess Risk → Determine Containment,Continue Monitoring,BLOCKED - Missing Evidence,Benign Activity
CASE-1264,Endpoint Malware,2,1,0,0,Bangalore,0,1,0,1,0,0,25,LOW,Validate Alert → Check Authentication History → Review Email Activity → Collect Evidence → Assess Risk → Determine Containment,Continue Monitoring,Normal Investigation,Benign Activity
CASE-1265,Cloud Account Anomaly,2,0,0,1,Chennai,0,1,1,0,0,0,35,MEDIUM,Validate Alert → Check Authentication History → Investigate IP and Location → Review Email Activity → Review Cloud Activity → Collect Evidence → Assess Risk → Determine Containment,Escalate for Review,Normal Investigation,Needs Further Investigation
CASE-1266,Endpoint Malware,2,0,1,0,Delhi,0,1,1,0,1,1,30,MEDIUM,Validate Alert → Check Authentication History → Investigate IP and Location → Review Email Activity → Review Cloud Activity → Collect Evidence → Assess Risk → Determine Containment,Escalate for Review,BLOCKED - Missing Evidence,Needs Further Investigation
CASE-1267,Phishing Email,2,0,1,0,Hyderabad,1,0,1,0,0,1,40,MEDIUM,Validate Alert → Check Authentication History → Investigate IP and Location → Review Endpoint Activity → Review Cloud Activity → Collect Evidence → Assess Risk → Determine Containment,Escalate for Review,MANUAL REVIEW - Conflicting Evidence,Needs Further Investigation
CASE-1268,Suspicious Login,1,0,0,0,Mumbai,1,0,0,1,0,0,20,LOW,Validate Alert → Check Authentication History → Review Endpoint Activity → Collect Evidence → Assess Risk → Determine Containment,Continue Monitoring,Normal Investigation,Benign Activity
CASE-1269,Cloud Account Anomaly,4,1,0,1,Unknown,0,0,0,1,0,1,30,MEDIUM,Validate Alert → Check Authentication History → Investigate IP and Location → Collect Evidence → Assess Risk → Determine Containment,Escalate for Review,MANUAL REVIEW - Conflicting Evidence,Needs Further Investigation
CASE-1270,Cloud Account Anomaly,3,1,1,1,Hyderabad,1,0,0,0,1,0,50,MEDIUM,Validate Alert → Check Authentication History → Investigate IP and Location → Review Endpoint Activity → Collect Evidence → Assess Risk → Determine Containment,Escalate for Review,BLOCKED - Missing Evidence,Needs Further Investigation
CASE-1271,Phishing Email,0,0,1,1,Hyderabad,1,0,1,1,0,0,60,HIGH,Validate Alert → Check Authentication History → Investigate IP and Location → Review Endpoint Activity → Review Cloud Activity → Collect Evidence → Assess Risk → Determine Containment,Isolate Endpoint,Normal Investigation,Confirmed Incident
CASE-1272,Endpoint Malware,2,1,1,1,Mumbai,0,0,1,0,0,1,50,MEDIUM,Validate Alert → Check Authentication History → Investigate IP and Location → Review Cloud Activity → Collect Evidence → Assess Risk → Determine Containment,Escalate for Review,MANUAL REVIEW - Conflicting Evidence,Benign Activity
CASE-1273,Suspicious Login,2,0,0,1,Chennai,0,1,1,0,0,0,35,MEDIUM,Validate Alert → Check Authentication History → Investigate IP and Location → Review Email Activity → Review Cloud Activity → Collect Evidence → Assess Risk → Determine Containment,Escalate for Review,Normal Investigation,Benign Activity
CASE-1274,Phishing Email,3,0,1,1,Unknown,1,1,0,0,0,0,55,MEDIUM,Validate Alert → Check Authentication History → Investigate IP and Location → Review Endpoint Activity → Review Email Activity → Collect Evidence → Assess Risk → Determine Containment,Escalate for Review,Normal Investigation,Needs Further Investigation
CASE-1275,Suspicious Login,1,0,0,1,Hyderabad,0,0,1,1,0,0,30,MEDIUM,Validate Alert → Check Authentication History → Investigate IP and Location → Review Cloud Activity → Collect Evidence → Assess Risk → Determine Containment,Escalate for Review,Normal Investigation,Needs Further Investigation
CASE-1276,Endpoint Malware,2,0,0,0,Chennai,1,1,0,1,0,0,30,MEDIUM,Validate Alert → Check Authentication History → Review Endpoint Activity → Review Email Activity → Collect Evidence → Assess Risk → Determine Containment,Escalate for Review,Normal Investigation,Benign Activity
CASE-1277,Phishing Email,0,1,0,1,Chennai,1,0,0,0,0,1,40,MEDIUM,Validate Alert → Check Authentication History → Investigate IP and Location → Review Endpoint Activity → Collect Evidence → Assess Risk → Determine Containment,Escalate for Review,MANUAL REVIEW - Conflicting Evidence,Needs Further Investigation
CASE-1278,Cloud Account Anomaly,3,0,1,1,Bangalore,1,0,1,0,0,0,55,MEDIUM,Validate Alert → Check Authentication History → Investigate IP and Location → Review Endpoint Activity → Review Cloud Activity → Collect Evidence → Assess Risk → Determine Containment,Escalate for Review,Normal Investigation,Benign Activity
CASE-1279,Endpoint Malware,3,0,0,1,Unknown,0,0,0,0,1,0,10,LOW,Validate Alert → Check Authentication History → Investigate IP and Location → Collect Evidence → Assess Risk → Determine Containment,Continue Monitoring,BLOCKED - Missing Evidence,Benign Activity
CASE-1280,Phishing Email,2,0,1,0,Mumbai,0,1,0,1,0,1,30,MEDIUM,Validate Alert → Check Authentication History → Investigate IP and Location → Review Email Activity → Collect Evidence → Assess Risk → Determine Containment,Escalate for Review,MANUAL REVIEW - Conflicting Evidence,Benign Activity
CASE-1281,Endpoint Malware,0,1,1,1,Chennai,1,0,0,1,0,1,60,HIGH,Validate Alert → Check Authentication History → Investigate IP and Location → Review Endpoint Activity → Collect Evidence → Assess Risk → Determine Containment,Escalate to Senior Analyst,MANUAL REVIEW - Conflicting Evidence,Escalated Incident
CASE-1282,Suspicious Login,3,1,0,1,Chennai,0,0,0,0,0,1,25,LOW,Validate Alert → Check Authentication History → Investigate IP and Location → Collect Evidence → Assess Risk → Determine Containment,Continue Monitoring,MANUAL REVIEW - Conflicting Evidence,Benign Activity
CASE-1283,Endpoint Malware,2,0,0,0,Chennai,1,0,0,1,0,1,20,LOW,Validate Alert → Check Authentication History → Review Endpoint Activity → Collect Evidence → Assess Risk → Determine Containment,Continue Monitoring,MANUAL REVIEW - Conflicting Evidence,Benign Activity
CASE-1284,Endpoint Malware,4,0,0,1,Mumbai,0,1,0,1,0,0,30,MEDIUM,Validate Alert → Check Authentication History → Investigate IP and Location → Review Email Activity → Collect Evidence → Assess Risk → Determine Containment,Escalate for Review,Normal Investigation,Needs Further Investigation
CASE-1285,Phishing Email,1,1,1,1,Unknown,1,0,0,0,1,0,50,MEDIUM,Validate Alert → Check Authentication History → Investigate IP and Location → Review Endpoint Activity → Collect Evidence → Assess Risk → Determine Containment,Escalate for Review,BLOCKED - Missing Evidence,Needs Further Investigation
CASE-1286,Endpoint Malware,3,1,1,1,Chennai,1,0,1,0,1,0,60,HIGH,Validate Alert → Check Authentication History → Investigate IP and Location → Review Endpoint Activity → Review Cloud Activity → Collect Evidence → Assess Risk → Determine Containment,Isolate Endpoint,BLOCKED - Missing Evidence,Confirmed Incident
CASE-1287,Cloud Account Anomaly,2,1,0,1,Chennai,0,1,0,1,0,0,40,MEDIUM,Validate Alert → Check Authentication History → Investigate IP and Location → Review Email Activity → Collect Evidence → Assess Risk → Determine Containment,Escalate for Review,Normal Investigation,Benign Activity
CASE-1288,Cloud Account Anomaly,4,0,1,1,Mumbai,1,0,1,0,0,0,55,MEDIUM,Validate Alert → Check Authentication History → Investigate IP and Location → Review Endpoint Activity → Review Cloud Activity → Collect Evidence → Assess Risk → Determine Containment,Escalate for Review,Normal Investigation,Benign Activity
CASE-1289,Endpoint Malware,0,1,0,1,Hyderabad,0,0,0,1,1,0,25,LOW,Validate Alert → Check Authentication History → Investigate IP and Location → Collect Evidence → Assess Risk → Determine Containment,Continue Monitoring,BLOCKED - Missing Evidence,Benign Activity
CASE-1290,Endpoint Malware,2,0,1,1,Hyderabad,1,0,1,1,1,0,55,MEDIUM,Validate Alert → Check Authentication History → Investigate IP and Location → Review Endpoint Activity → Review Cloud Activity → Collect Evidence → Assess Risk → Determine Containment,Escalate for Review,BLOCKED - Missing Evidence,Needs Further Investigation
CASE-1291,Suspicious Login,1,0,1,1,Unknown,0,0,1,0,0,0,40,MEDIUM,Validate Alert → Check Authentication History → Investigate IP and Location → Review Cloud Activity → Collect Evidence → Assess Risk → Determine Containment,Escalate for Review,Normal Investigation,Benign Activity
CASE-1292,Cloud Account Anomaly,1,1,0,1,Unknown,0,0,0,1,1,0,25,LOW,Validate Alert → Check Authentication History → Investigate IP and Location → Collect Evidence → Assess Risk → Determine Containment,Continue Monitoring,BLOCKED - Missing Evidence,Benign Activity
CASE-1293,Phishing Email,1,0,1,1,Mumbai,0,1,1,0,0,0,50,MEDIUM,Validate Alert → Check Authentication History → Investigate IP and Location → Review Email Activity → Review Cloud Activity → Collect Evidence → Assess Risk → Determine Containment,Escalate for Review,Normal Investigation,Needs Further Investigation
CASE-1294,Phishing Email,0,1,0,1,Bangalore,1,0,1,0,0,0,50,MEDIUM,Validate Alert → Check Authentication History → Investigate IP and Location → Review Endpoint Activity → Review Cloud Activity → Collect Evidence → Assess Risk → Determine Containment,Escalate for Review,Normal Investigation,Needs Further Investigation
CASE-1295,Cloud Account Anomaly,1,0,0,1,Bangalore,1,0,0,1,0,0,35,MEDIUM,Validate Alert → Check Authentication History → Investigate IP and Location → Review Endpoint Activity → Collect Evidence → Assess Risk → Determine Containment,Escalate for Review,Normal Investigation,Needs Further Investigation
CASE-1296,Phishing Email,2,0,0,1,Chennai,0,1,0,1,1,0,25,LOW,Validate Alert → Check Authentication History → Investigate IP and Location → Review Email Activity → Collect Evidence → Assess Risk → Determine Containment,Continue Monitoring,BLOCKED - Missing Evidence,Benign Activity
CASE-1297,Phishing Email,3,0,0,0,Bangalore,1,0,0,1,0,1,20,LOW,Validate Alert → Check Authentication History → Review Endpoint Activity → Collect Evidence → Assess Risk → Determine Containment,Continue Monitoring,MANUAL REVIEW - Conflicting Evidence,Benign Activity
CASE-1298,Suspicious Login,5,1,0,1,Mumbai,1,0,0,0,0,0,60,HIGH,Validate Alert → Check Authentication History → Investigate IP and Location → Review Endpoint Activity → Collect Evidence → Assess Risk → Determine Containment,Disable Account,Normal Investigation,Escalated Incident
CASE-1299,Cloud Account Anomaly,3,0,0,0,Unknown,0,1,0,0,0,0,10,LOW,Validate Alert → Check Authentication History → Review Email Activity → Collect Evidence → Assess Risk → Determine Containment,Continue Monitoring,Normal Investigation,Benign Activity
CASE-1300,Suspicious Login,2,0,0,0,Delhi,0,0,1,1,0,1,15,LOW,Validate Alert → Check Authentication History → Review Cloud Activity → Collect Evidence → Assess Risk → Determine Containment,Continue Monitoring,MANUAL REVIEW - Conflicting Evidence,Benign Activity
CASE-1301,Endpoint Malware,4,0,0,0,Chennai,0,1,1,1,0,1,25,LOW,Validate Alert → Check Authentication History → Review Email Activity → Review Cloud Activity → Collect Evidence → Assess Risk → Determine Containment,Continue Monitoring,MANUAL REVIEW - Conflicting Evidence,Benign Activity
CASE-1302,Endpoint Malware,3,1,1,0,Bangalore,0,1,0,0,1,0,30,MEDIUM,Validate Alert → Check Authentication History → Investigate IP and Location → Review Email Activity → Collect Evidence → Assess Risk → Determine Containment,Escalate for Review,BLOCKED - Missing Evidence,Needs Further Investigation
CASE-1303,Endpoint Malware,2,0,0,1,Hyderabad,0,1,0,0,0,1,25,LOW,Validate Alert → Check Authentication History → Investigate IP and Location → Review Email Activity → Collect Evidence → Assess Risk → Determine Containment,Continue Monitoring,MANUAL REVIEW - Conflicting Evidence,Benign Activity
CASE-1304,Phishing Email,1,1,0,0,Hyderabad,1,1,0,1,0,0,40,MEDIUM,Validate Alert → Check Authentication History → Review Endpoint Activity → Review Email Activity → Collect Evidence → Assess Risk → Determine Containment,Escalate for Review,Normal Investigation,Benign Activity
CASE-1305,Endpoint Malware,1,0,0,1,Chennai,1,1,1,0,0,1,50,MEDIUM,Validate Alert → Check Authentication History → Investigate IP and Location → Review Endpoint Activity → Review Email Activity → Review Cloud Activity → Collect Evidence → Assess Risk → Determine Containment,Escalate for Review,MANUAL REVIEW - Conflicting Evidence,Needs Further Investigation
CASE-1306,Endpoint Malware,4,0,1,1,Hyderabad,0,0,0,0,0,0,30,MEDIUM,Validate Alert → Check Authentication History → Investigate IP and Location → Collect Evidence → Assess Risk → Determine Containment,Escalate for Review,Normal Investigation,Needs Further Investigation
CASE-1307,Suspicious Login,5,0,0,1,Delhi,0,1,1,1,0,0,60,HIGH,Validate Alert → Check Authentication History → Investigate IP and Location → Review Email Activity → Review Cloud Activity → Collect Evidence → Assess Risk → Determine Containment,Isolate Endpoint,Normal Investigation,Escalated Incident
CASE-1308,Endpoint Malware,1,0,0,0,Mumbai,0,1,0,1,0,1,15,LOW,Validate Alert → Check Authentication History → Review Email Activity → Collect Evidence → Assess Risk → Determine Containment,Continue Monitoring,MANUAL REVIEW - Conflicting Evidence,Benign Activity
CASE-1309,Cloud Account Anomaly,3,0,1,1,Chennai,0,0,0,0,0,1,30,MEDIUM,Validate Alert → Check Authentication History → Investigate IP and Location → Collect Evidence → Assess Risk → Determine Containment,Escalate for Review,MANUAL REVIEW - Conflicting Evidence,Needs Further Investigation
CASE-1310,Phishing Email,2,0,0,0,Unknown,0,1,0,1,0,0,15,LOW,Validate Alert → Check Authentication History → Review Email Activity → Collect Evidence → Assess Risk → Determine Containment,Continue Monitoring,Normal Investigation,Benign Activity
CASE-1311,Suspicious Login,1,0,1,1,Hyderabad,1,0,1,1,0,0,60,HIGH,Validate Alert → Check Authentication History → Investigate IP and Location → Review Endpoint Activity → Review Cloud Activity → Collect Evidence → Assess Risk → Determine Containment,Isolate Endpoint,Normal Investigation,Confirmed Incident
CASE-1312,Cloud Account Anomaly,2,1,1,0,Chennai,0,0,1,0,0,0,35,MEDIUM,Validate Alert → Check Authentication History → Investigate IP and Location → Review Cloud Activity → Collect Evidence → Assess Risk → Determine Containment,Escalate for Review,Normal Investigation,Benign Activity
CASE-1313,Cloud Account Anomaly,1,1,0,0,Unknown,0,0,1,0,1,0,15,LOW,Validate Alert → Check Authentication History → Review Cloud Activity → Collect Evidence → Assess Risk → Determine Containment,Continue Monitoring,BLOCKED - Missing Evidence,Benign Activity
CASE-1314,Phishing Email,2,0,1,1,Mumbai,0,1,1,0,0,0,50,MEDIUM,Validate Alert → Check Authentication History → Investigate IP and Location → Review Email Activity → Review Cloud Activity → Collect Evidence → Assess Risk → Determine Containment,Escalate for Review,Normal Investigation,Needs Further Investigation
CASE-1315,Endpoint Malware,1,1,1,0,Unknown,1,1,0,1,0,1,55,MEDIUM,Validate Alert → Check Authentication History → Investigate IP and Location → Review Endpoint Activity → Review Email Activity → Collect Evidence → Assess Risk → Determine Containment,Escalate for Review,MANUAL REVIEW - Conflicting Evidence,Needs Further Investigation
CASE-1316,Cloud Account Anomaly,0,0,1,0,Bangalore,0,1,1,1,0,1,40,MEDIUM,Validate Alert → Check Authentication History → Investigate IP and Location → Review Email Activity → Review Cloud Activity → Collect Evidence → Assess Risk → Determine Containment,Escalate for Review,MANUAL REVIEW - Conflicting Evidence,Needs Further Investigation
CASE-1317,Suspicious Login,2,0,1,0,Unknown,0,1,1,0,0,0,35,MEDIUM,Validate Alert → Check Authentication History → Investigate IP and Location → Review Email Activity → Review Cloud Activity → Collect Evidence → Assess Risk → Determine Containment,Escalate for Review,Normal Investigation,Benign Activity
CASE-1318,Endpoint Malware,1,1,1,0,Bangalore,0,1,0,0,1,0,30,MEDIUM,Validate Alert → Check Authentication History → Investigate IP and Location → Review Email Activity → Collect Evidence → Assess Risk → Determine Containment,Escalate for Review,BLOCKED - Missing Evidence,Needs Further Investigation
CASE-1319,Suspicious Login,2,0,1,1,Delhi,0,1,1,1,0,0,55,MEDIUM,Validate Alert → Check Authentication History → Investigate IP and Location → Review Email Activity → Review Cloud Activity → Collect Evidence → Assess Risk → Determine Containment,Escalate for Review,Normal Investigation,Needs Further Investigation
CASE-1320,Endpoint Malware,3,1,1,0,Mumbai,0,1,1,0,1,0,40,MEDIUM,Validate Alert → Check Authentication History → Investigate IP and Location → Review Email Activity → Review Cloud Activity → Collect Evidence → Assess Risk → Determine Containment,Escalate for Review,BLOCKED - Missing Evidence,Benign Activity
CASE-1321,Cloud Account Anomaly,0,0,1,1,Mumbai,1,0,0,1,0,1,50,MEDIUM,Validate Alert → Check Authentication History → Investigate IP and Location → Review Endpoint Activity → Collect Evidence → Assess Risk → Determine Containment,Escalate for Review,MANUAL REVIEW - Conflicting Evidence,Benign Activity
CASE-1322,Endpoint Malware,0,1,0,0,Hyderabad,0,1,1,1,1,0,30,MEDIUM,Validate Alert → Check Authentication History → Review Email Activity → Review Cloud Activity → Collect Evidence → Assess Risk → Determine Containment,Escalate for Review,BLOCKED - Missing Evidence,Benign Activity
CASE-1323,Suspicious Login,2,0,0,1,Unknown,0,0,1,1,0,0,30,MEDIUM,Validate Alert → Check Authentication History → Investigate IP and Location → Review Cloud Activity → Collect Evidence → Assess Risk → Determine Containment,Escalate for Review,Normal Investigation,Needs Further Investigation
CASE-1324,Phishing Email,1,0,1,0,Hyderabad,1,0,0,0,0,0,30,MEDIUM,Validate Alert → Check Authentication History → Investigate IP and Location → Review Endpoint Activity → Collect Evidence → Assess Risk → Determine Containment,Escalate for Review,Normal Investigation,Needs Further Investigation
CASE-1325,Phishing Email,2,1,0,1,Hyderabad,0,0,0,0,0,1,25,LOW,Validate Alert → Check Authentication History → Investigate IP and Location → Collect Evidence → Assess Risk → Determine Containment,Continue Monitoring,MANUAL REVIEW - Conflicting Evidence,Benign Activity
CASE-1326,Cloud Account Anomaly,3,1,0,0,Bangalore,0,0,0,0,1,0,5,LOW,Validate Alert → Check Authentication History → Collect Evidence → Assess Risk → Determine Containment,Continue Monitoring,BLOCKED - Missing Evidence,Benign Activity
CASE-1327,Cloud Account Anomaly,2,1,0,0,Delhi,1,0,0,0,1,0,20,LOW,Validate Alert → Check Authentication History → Review Endpoint Activity → Collect Evidence → Assess Risk → Determine Containment,Continue Monitoring,BLOCKED - Missing Evidence,Benign Activity
CASE-1328,Suspicious Login,3,1,1,0,Chennai,0,0,0,0,0,1,25,LOW,Validate Alert → Check Authentication History → Investigate IP and Location → Collect Evidence → Assess Risk → Determine Containment,Continue Monitoring,MANUAL REVIEW - Conflicting Evidence,Benign Activity
CASE-1329,Phishing Email,3,1,0,0,Unknown,0,0,1,1,1,1,20,LOW,Validate Alert → Check Authentication History → Review Cloud Activity → Collect Evidence → Assess Risk → Determine Containment,Continue Monitoring,BLOCKED - Missing Evidence,Benign Activity
CASE-1330,Cloud Account Anomaly,3,1,1,0,Bangalore,1,0,0,1,0,1,45,MEDIUM,Validate Alert → Check Authentication History → Investigate IP and Location → Review Endpoint Activity → Collect Evidence → Assess Risk → Determine Containment,Escalate for Review,MANUAL REVIEW - Conflicting Evidence,Benign Activity
CASE-1331,Suspicious Login,2,0,1,0,Hyderabad,0,1,0,1,0,0,30,MEDIUM,Validate Alert → Check Authentication History → Investigate IP and Location → Review Email Activity → Collect Evidence → Assess Risk → Determine Containment,Escalate for Review,Normal Investigation,Benign Activity
CASE-1332,Cloud Account Anomaly,0,1,0,0,Hyderabad,1,0,0,0,0,1,25,LOW,Validate Alert → Check Authentication History → Review Endpoint Activity → Collect Evidence → Assess Risk → Determine Containment,Continue Monitoring,MANUAL REVIEW - Conflicting Evidence,Benign Activity
CASE-1333,Endpoint Malware,2,0,0,1,Chennai,1,1,1,1,0,0,55,MEDIUM,Validate Alert → Check Authentication History → Investigate IP and Location → Review Endpoint Activity → Review Email Activity → Review Cloud Activity → Collect Evidence → Assess Risk → Determine Containment,Escalate for Review,Normal Investigation,Benign Activity
CASE-1334,Phishing Email,2,0,1,0,Delhi,1,0,1,0,1,0,35,MEDIUM,Validate Alert → Check Authentication History → Investigate IP and Location → Review Endpoint Activity → Review Cloud Activity → Collect Evidence → Assess Risk → Determine Containment,Escalate for Review,BLOCKED - Missing Evidence,Benign Activity
CASE-1335,Suspicious Login,2,0,0,0,Bangalore,1,0,0,0,0,1,15,LOW,Validate Alert → Check Authentication History → Review Endpoint Activity → Collect Evidence → Assess Risk → Determine Containment,Continue Monitoring,MANUAL REVIEW - Conflicting Evidence,Benign Activity
CASE-1336,Phishing Email,3,1,1,0,Chennai,0,1,0,1,0,0,40,MEDIUM,Validate Alert → Check Authentication History → Investigate IP and Location → Review Email Activity → Collect Evidence → Assess Risk → Determine Containment,Escalate for Review,Normal Investigation,Needs Further Investigation
CASE-1337,Endpoint Malware,1,0,1,1,Delhi,1,0,1,0,1,1,50,MEDIUM,Validate Alert → Check Authentication History → Investigate IP and Location → Review Endpoint Activity → Review Cloud Activity → Collect Evidence → Assess Risk → Determine Containment,Escalate for Review,BLOCKED - Missing Evidence,Needs Further Investigation
CASE-1338,Cloud Account Anomaly,2,1,0,0,Hyderabad,1,1,0,0,0,0,35,MEDIUM,Validate Alert → Check Authentication History → Review Endpoint Activity → Review Email Activity → Collect Evidence → Assess Risk → Determine Containment,Escalate for Review,Normal Investigation,Needs Further Investigation
CASE-1339,Cloud Account Anomaly,0,0,1,1,Unknown,0,1,0,1,0,0,45,MEDIUM,Validate Alert → Check Authentication History → Investigate IP and Location → Review Email Activity → Collect Evidence → Assess Risk → Determine Containment,Escalate for Review,Normal Investigation,Needs Further Investigation
CASE-1340,Phishing Email,0,0,0,0,Hyderabad,1,1,0,0,0,1,25,LOW,Validate Alert → Check Authentication History → Review Endpoint Activity → Review Email Activity → Collect Evidence → Assess Risk → Determine Containment,Continue Monitoring,MANUAL REVIEW - Conflicting Evidence,Benign Activity
CASE-1341,Suspicious Login,2,1,1,0,Hyderabad,0,1,1,0,1,1,40,MEDIUM,Validate Alert → Check Authentication History → Investigate IP and Location → Review Email Activity → Review Cloud Activity → Collect Evidence → Assess Risk → Determine Containment,Escalate for Review,BLOCKED - Missing Evidence,Benign Activity
CASE-1342,Cloud Account Anomaly,3,1,1,0,Hyderabad,1,0,1,1,0,0,55,MEDIUM,Validate Alert → Check Authentication History → Investigate IP and Location → Review Endpoint Activity → Review Cloud Activity → Collect Evidence → Assess Risk → Determine Containment,Escalate for Review,Normal Investigation,Benign Activity
CASE-1343,Suspicious Login,1,1,0,1,Mumbai,0,0,0,0,0,0,25,LOW,Validate Alert → Check Authentication History → Investigate IP and Location → Collect Evidence → Assess Risk → Determine Containment,Continue Monitoring,Normal Investigation,Benign Activity
CASE-1344,Endpoint Malware,1,1,1,0,Delhi,1,0,1,0,1,1,45,MEDIUM,Validate Alert → Check Authentication History → Investigate IP and Location → Review Endpoint Activity → Review Cloud Activity → Collect Evidence → Assess Risk → Determine Containment,Escalate for Review,BLOCKED - Missing Evidence,Needs Further Investigation
CASE-1345,Cloud Account Anomaly,4,0,1,0,Unknown,0,1,0,0,0,1,25,LOW,Validate Alert → Check Authentication History → Investigate IP and Location → Review Email Activity → Collect Evidence → Assess Risk → Determine Containment,Continue Monitoring,MANUAL REVIEW - Conflicting Evidence,Benign Activity
CASE-1346,Phishing Email,1,0,0,0,Mumbai,1,0,1,1,0,0,30,MEDIUM,Validate Alert → Check Authentication History → Review Endpoint Activity → Review Cloud Activity → Collect Evidence → Assess Risk → Determine Containment,Escalate for Review,Normal Investigation,Benign Activity
CASE-1347,Suspicious Login,2,0,1,1,Mumbai,0,1,1,0,1,1,45,MEDIUM,Validate Alert → Check Authentication History → Investigate IP and Location → Review Email Activity → Review Cloud Activity → Collect Evidence → Assess Risk → Determine Containment,Escalate for Review,BLOCKED - Missing Evidence,Benign Activity
CASE-1348,Cloud Account Anomaly,0,0,0,0,Mumbai,1,1,0,0,0,1,25,LOW,Validate Alert → Check Authentication History → Review Endpoint Activity → Review Email Activity → Collect Evidence → Assess Risk → Determine Containment,Continue Monitoring,MANUAL REVIEW - Conflicting Evidence,Benign Activity
CASE-1349,Phishing Email,4,0,1,0,Unknown,1,1,0,0,0,1,40,MEDIUM,Validate Alert → Check Authentication History → Investigate IP and Location → Review Endpoint Activity → Review Email Activity → Collect Evidence → Assess Risk → Determine Containment,Escalate for Review,MANUAL REVIEW - Conflicting Evidence,Benign Activity
CASE-1350,Suspicious Login,3,0,0,1,Chennai,0,0,0,1,1,0,15,LOW,Validate Alert → Check Authentication History → Investigate IP and Location → Collect Evidence → Assess Risk → Determine Containment,Continue Monitoring,BLOCKED - Missing Evidence,Benign Activity
CASE-1351,Suspicious Login,2,0,1,0,Chennai,0,0,0,1,0,0,20,LOW,Validate Alert → Check Authentication History → Investigate IP and Location → Collect Evidence → Assess Risk → Determine Containment,Continue Monitoring,Normal Investigation,Benign Activity
CASE-1352,Cloud Account Anomaly,2,0,1,0,Unknown,1,0,1,0,1,0,35,MEDIUM,Validate Alert → Check Authentication History → Investigate IP and Location → Review Endpoint Activity → Review Cloud Activity → Collect Evidence → Assess Risk → Determine Containment,Escalate for Review,BLOCKED - Missing Evidence,Needs Further Investigation
CASE-1353,Endpoint Malware,3,1,1,0,Delhi,0,1,0,1,0,0,40,MEDIUM,Validate Alert → Check Authentication History → Investigate IP and Location → Review Email Activity → Collect Evidence → Assess Risk → Determine Containment,Escalate for Review,Normal Investigation,Benign Activity
CASE-1354,Cloud Account Anomaly,3,1,1,0,Hyderabad,0,1,0,1,1,1,35,MEDIUM,Validate Alert → Check Authentication History → Investigate IP and Location → Review Email Activity → Collect Evidence → Assess Risk → Determine Containment,Escalate for Review,BLOCKED - Missing Evidence,Needs Further Investigation
CASE-1355,Endpoint Malware,1,1,0,0,Mumbai,1,1,1,0,0,1,45,MEDIUM,Validate Alert → Check Authentication History → Review Endpoint Activity → Review Email Activity → Review Cloud Activity → Collect Evidence → Assess Risk → Determine Containment,Escalate for Review,MANUAL REVIEW - Conflicting Evidence,Needs Further Investigation
CASE-1356,Suspicious Login,3,1,1,0,Mumbai,0,0,0,1,0,0,30,MEDIUM,Validate Alert → Check Authentication History → Investigate IP and Location → Collect Evidence → Assess Risk → Determine Containment,Escalate for Review,Normal Investigation,Needs Further Investigation
CASE-1357,Phishing Email,3,0,0,1,Bangalore,1,0,1,0,1,0,35,MEDIUM,Validate Alert → Check Authentication History → Investigate IP and Location → Review Endpoint Activity → Review Cloud Activity → Collect Evidence → Assess Risk → Determine Containment,Escalate for Review,BLOCKED - Missing Evidence,Needs Further Investigation
CASE-1358,Suspicious Login,0,0,0,0,Unknown,1,0,0,1,0,1,20,LOW,Validate Alert → Check Authentication History → Review Endpoint Activity → Collect Evidence → Assess Risk → Determine Containment,Continue Monitoring,MANUAL REVIEW - Conflicting Evidence,Benign Activity
CASE-1359,Phishing Email,4,0,1,1,Unknown,1,1,0,0,0,0,55,MEDIUM,Validate Alert → Check Authentication History → Investigate IP and Location → Review Endpoint Activity → Review Email Activity → Collect Evidence → Assess Risk → Determine Containment,Escalate for Review,Normal Investigation,Needs Further Investigation
CASE-1360,Phishing Email,4,1,1,0,Chennai,0,1,0,0,1,0,30,MEDIUM,Validate Alert → Check Authentication History → Investigate IP and Location → Review Email Activity → Collect Evidence → Assess Risk → Determine Containment,Escalate for Review,BLOCKED - Missing Evidence,Needs Further Investigation
CASE-1361,Cloud Account Anomaly,2,1,1,0,Hyderabad,0,1,0,1,0,0,40,MEDIUM,Validate Alert → Check Authentication History → Investigate IP and Location → Review Email Activity → Collect Evidence → Assess Risk → Determine Containment,Escalate for Review,Normal Investigation,Benign Activity
CASE-1362,Suspicious Login,2,0,1,1,Delhi,0,0,0,0,0,1,30,MEDIUM,Validate Alert → Check Authentication History → Investigate IP and Location → Collect Evidence → Assess Risk → Determine Containment,Escalate for Review,MANUAL REVIEW - Conflicting Evidence,Needs Further Investigation
CASE-1363,Endpoint Malware,2,0,0,1,Bangalore,1,0,1,1,1,0,40,MEDIUM,Validate Alert → Check Authentication History → Investigate IP and Location → Review Endpoint Activity → Review Cloud Activity → Collect Evidence → Assess Risk → Determine Containment,Escalate for Review,BLOCKED - Missing Evidence,Benign Activity
CASE-1364,Endpoint Malware,0,0,0,1,Delhi,1,0,1,0,1,1,35,MEDIUM,Validate Alert → Check Authentication History → Investigate IP and Location → Review Endpoint Activity → Review Cloud Activity → Collect Evidence → Assess Risk → Determine Containment,Escalate for Review,BLOCKED - Missing Evidence,Needs Further Investigation
CASE-1365,Cloud Account Anomaly,2,1,0,1,Chennai,1,0,1,1,0,0,55,MEDIUM,Validate Alert → Check Authentication History → Investigate IP and Location → Review Endpoint Activity → Review Cloud Activity → Collect Evidence → Assess Risk → Determine Containment,Escalate for Review,Normal Investigation,Needs Further Investigation
CASE-1366,Phishing Email,2,0,1,0,Unknown,0,0,0,0,0,0,15,LOW,Validate Alert → Check Authentication History → Investigate IP and Location → Collect Evidence → Assess Risk → Determine Containment,Continue Monitoring,Normal Investigation,Benign Activity
CASE-1367,Endpoint Malware,3,0,1,1,Unknown,0,1,1,0,0,0,50,MEDIUM,Validate Alert → Check Authentication History → Investigate IP and Location → Review Email Activity → Review Cloud Activity → Collect Evidence → Assess Risk → Determine Containment,Escalate for Review,Normal Investigation,Needs Further Investigation
CASE-1368,Suspicious Login,0,0,0,0,Hyderabad,1,1,1,0,0,0,35,MEDIUM,Validate Alert → Check Authentication History → Review Endpoint Activity → Review Email Activity → Review Cloud Activity → Collect Evidence → Assess Risk → Determine Containment,Escalate for Review,Normal Investigation,Benign Activity
CASE-1369,Phishing Email,1,0,0,0,Hyderabad,0,1,0,0,1,1,5,LOW,Validate Alert → Check Authentication History → Review Email Activity → Collect Evidence → Assess Risk → Determine Containment,Continue Monitoring,BLOCKED - Missing Evidence,Benign Activity
CASE-1370,Phishing Email,3,1,0,1,Chennai,1,0,0,1,0,0,45,MEDIUM,Validate Alert → Check Authentication History → Investigate IP and Location → Review Endpoint Activity → Collect Evidence → Assess Risk → Determine Containment,Escalate for Review,Normal Investigation,Benign Activity
CASE-1371,Cloud Account Anomaly,3,0,1,0,Chennai,0,1,1,1,1,0,35,MEDIUM,Validate Alert → Check Authentication History → Investigate IP and Location → Review Email Activity → Review Cloud Activity → Collect Evidence → Assess Risk → Determine Containment,Escalate for Review,BLOCKED - Missing Evidence,Needs Further Investigation
CASE-1372,Cloud Account Anomaly,4,1,1,0,Hyderabad,0,1,1,1,1,1,45,MEDIUM,Validate Alert → Check Authentication History → Investigate IP and Location → Review Email Activity → Review Cloud Activity → Collect Evidence → Assess Risk → Determine Containment,Escalate for Review,BLOCKED - Missing Evidence,Needs Further Investigation
CASE-1373,Cloud Account Anomaly,0,1,0,0,Delhi,1,0,1,0,0,1,35,MEDIUM,Validate Alert → Check Authentication History → Review Endpoint Activity → Review Cloud Activity → Collect Evidence → Assess Risk → Determine Containment,Escalate for Review,MANUAL REVIEW - Conflicting Evidence,Needs Further Investigation
CASE-1374,Endpoint Malware,3,0,1,0,Unknown,1,0,1,1,1,1,40,MEDIUM,Validate Alert → Check Authentication History → Investigate IP and Location → Review Endpoint Activity → Review Cloud Activity → Collect Evidence → Assess Risk → Determine Containment,Escalate for Review,BLOCKED - Missing Evidence,Benign Activity
CASE-1375,Cloud Account Anomaly,1,0,0,0,Mumbai,0,1,0,1,0,0,15,LOW,Validate Alert → Check Authentication History → Review Email Activity → Collect Evidence → Assess Risk → Determine Containment,Continue Monitoring,Normal Investigation,Benign Activity
CASE-1376,Endpoint Malware,2,1,1,1,Unknown,0,0,1,1,0,1,55,MEDIUM,Validate Alert → Check Authentication History → Investigate IP and Location → Review Cloud Activity → Collect Evidence → Assess Risk → Determine Containment,Escalate for Review,MANUAL REVIEW - Conflicting Evidence,Needs Further Investigation
CASE-1377,Endpoint Malware,5,1,1,0,Bangalore,0,0,1,1,0,0,60,HIGH,Validate Alert → Check Authentication History → Investigate IP and Location → Review Cloud Activity → Collect Evidence → Assess Risk → Determine Containment,Isolate Endpoint,Normal Investigation,Escalated Incident
CASE-1378,Phishing Email,0,1,0,1,Mumbai,1,0,0,1,0,1,45,MEDIUM,Validate Alert → Check Authentication History → Investigate IP and Location → Review Endpoint Activity → Collect Evidence → Assess Risk → Determine Containment,Escalate for Review,MANUAL REVIEW - Conflicting Evidence,Needs Further Investigation
CASE-1379,Phishing Email,1,0,0,0,Delhi,1,1,1,0,1,1,30,MEDIUM,Validate Alert → Check Authentication History → Review Endpoint Activity → Review Email Activity → Review Cloud Activity → Collect Evidence → Assess Risk → Determine Containment,Escalate for Review,BLOCKED - Missing Evidence,Benign Activity
CASE-1380,Phishing Email,3,0,1,1,Unknown,1,1,0,0,0,0,55,MEDIUM,Validate Alert → Check Authentication History → Investigate IP and Location → Review Endpoint Activity → Review Email Activity → Collect Evidence → Assess Risk → Determine Containment,Escalate for Review,Normal Investigation,Needs Further Investigation
CASE-1381,Suspicious Login,3,0,1,1,Chennai,0,0,0,1,0,0,35,MEDIUM,Validate Alert → Check Authentication History → Investigate IP and Location → Collect Evidence → Assess Risk → Determine Containment,Escalate for Review,Normal Investigation,Needs Further Investigation
CASE-1382,Phishing Email,1,0,1,1,Bangalore,0,1,1,1,0,0,55,MEDIUM,Validate Alert → Check Authentication History → Investigate IP and Location → Review Email Activity → Review Cloud Activity → Collect Evidence → Assess Risk → Determine Containment,Escalate for Review,Normal Investigation,Benign Activity
CASE-1383,Suspicious Login,0,0,0,1,Mumbai,0,1,1,0,0,0,35,MEDIUM,Validate Alert → Check Authentication History → Investigate IP and Location → Review Email Activity → Review Cloud Activity → Collect Evidence → Assess Risk → Determine Containment,Escalate for Review,Normal Investigation,Benign Activity
CASE-1384,Suspicious Login,3,0,1,0,Delhi,0,1,0,0,0,0,25,LOW,Validate Alert → Check Authentication History → Investigate IP and Location → Review Email Activity → Collect Evidence → Assess Risk → Determine Containment,Continue Monitoring,Normal Investigation,Benign Activity
CASE-1385,Cloud Account Anomaly,3,0,1,0,Hyderabad,0,1,0,1,0,0,30,MEDIUM,Validate Alert → Check Authentication History → Investigate IP and Location → Review Email Activity → Collect Evidence → Assess Risk → Determine Containment,Escalate for Review,Normal Investigation,Needs Further Investigation
CASE-1386,Phishing Email,0,1,0,0,Delhi,1,1,1,0,0,1,45,MEDIUM,Validate Alert → Check Authentication History → Review Endpoint Activity → Review Email Activity → Review Cloud Activity → Collect Evidence → Assess Risk → Determine Containment,Escalate for Review,MANUAL REVIEW - Conflicting Evidence,Benign Activity
CASE-1387,Cloud Account Anomaly,2,1,1,0,Unknown,0,1,1,1,0,1,50,MEDIUM,Validate Alert → Check Authentication History → Investigate IP and Location → Review Email Activity → Review Cloud Activity → Collect Evidence → Assess Risk → Determine Containment,Escalate for Review,MANUAL REVIEW - Conflicting Evidence,Benign Activity
CASE-1388,Cloud Account Anomaly,0,1,1,1,Mumbai,0,0,1,0,0,1,50,MEDIUM,Validate Alert → Check Authentication History → Investigate IP and Location → Review Cloud Activity → Collect Evidence → Assess Risk → Determine Containment,Escalate for Review,MANUAL REVIEW - Conflicting Evidence,Benign Activity
CASE-1389,Suspicious Login,4,0,0,0,Unknown,0,0,1,1,0,1,15,LOW,Validate Alert → Check Authentication History → Review Cloud Activity → Collect Evidence → Assess Risk → Determine Containment,Continue Monitoring,MANUAL REVIEW - Conflicting Evidence,Benign Activity
CASE-1390,Endpoint Malware,0,0,0,0,Mumbai,0,1,1,0,0,0,20,LOW,Validate Alert → Check Authentication History → Review Email Activity → Review Cloud Activity → Collect Evidence → Assess Risk → Determine Containment,Continue Monitoring,Normal Investigation,Benign Activity
CASE-1391,Phishing Email,2,1,0,0,Delhi,1,0,0,1,0,0,30,MEDIUM,Validate Alert → Check Authentication History → Review Endpoint Activity → Collect Evidence → Assess Risk → Determine Containment,Escalate for Review,Normal Investigation,Benign Activity
CASE-1392,Cloud Account Anomaly,1,0,1,0,Bangalore,1,1,1,1,1,0,50,MEDIUM,Validate Alert → Check Authentication History → Investigate IP and Location → Review Endpoint Activity → Review Email Activity → Review Cloud Activity → Collect Evidence → Assess Risk → Determine Containment,Escalate for Review,BLOCKED - Missing Evidence,Needs Further Investigation
CASE-1393,Phishing Email,0,0,1,1,Bangalore,0,0,0,0,0,1,30,MEDIUM,Validate Alert → Check Authentication History → Investigate IP and Location → Collect Evidence → Assess Risk → Determine Containment,Escalate for Review,MANUAL REVIEW - Conflicting Evidence,Needs Further Investigation
CASE-1394,Suspicious Login,1,0,0,0,Chennai,0,1,0,0,1,1,5,LOW,Validate Alert → Check Authentication History → Review Email Activity → Collect Evidence → Assess Risk → Determine Containment,Continue Monitoring,BLOCKED - Missing Evidence,Benign Activity
CASE-1395,Suspicious Login,2,0,1,1,Delhi,1,0,0,1,0,0,50,MEDIUM,Validate Alert → Check Authentication History → Investigate IP and Location → Review Endpoint Activity → Collect Evidence → Assess Risk → Determine Containment,Escalate for Review,Normal Investigation,Needs Further Investigation
CASE-1396,Cloud Account Anomaly,5,0,1,0,Hyderabad,0,1,1,1,0,0,60,HIGH,Validate Alert → Check Authentication History → Investigate IP and Location → Review Email Activity → Review Cloud Activity → Collect Evidence → Assess Risk → Determine Containment,Escalate to Senior Analyst,Normal Investigation,Escalated Incident
CASE-1397,Phishing Email,1,1,0,1,Delhi,0,0,1,0,0,1,35,MEDIUM,Validate Alert → Check Authentication History → Investigate IP and Location → Review Cloud Activity → Collect Evidence → Assess Risk → Determine Containment,Escalate for Review,MANUAL REVIEW - Conflicting Evidence,Benign Activity
CASE-1398,Endpoint Malware,3,0,1,0,Unknown,0,1,0,1,0,0,30,MEDIUM,Validate Alert → Check Authentication History → Investigate IP and Location → Review Email Activity → Collect Evidence → Assess Risk → Determine Containment,Escalate for Review,Normal Investigation,Benign Activity
CASE-1399,Endpoint Malware,1,0,1,0,Hyderabad,0,0,1,0,0,0,25,LOW,Validate Alert → Check Authentication History → Investigate IP and Location → Review Cloud Activity → Collect Evidence → Assess Risk → Determine Containment,Continue Monitoring,Normal Investigation,Benign Activity
CASE-1400,Endpoint Malware,5,1,0,0,Bangalore,1,1,0,1,0,1,60,HIGH,Validate Alert → Check Authentication History → Review Endpoint Activity → Review Email Activity → Collect Evidence → Assess Risk → Determine Containment,Escalate to Senior Analyst,MANUAL REVIEW - Conflicting Evidence,Confirmed Incident
CASE-1401,Endpoint Malware,2,1,1,0,Unknown,0,1,1,1,1,0,45,MEDIUM,Validate Alert → Check Authentication History → Investigate IP and Location → Review Email Activity → Review Cloud Activity → Collect Evidence → Assess Risk → Determine Containment,Escalate for Review,BLOCKED - Missing Evidence,Benign Activity
CASE-1402,Cloud Account Anomaly,0,1,0,0,Hyderabad,1,1,0,0,0,0,35,MEDIUM,Validate Alert → Check Authentication History → Review Endpoint Activity → Review Email Activity → Collect Evidence → Assess Risk → Determine Containment,Escalate for Review,Normal Investigation,Benign Activity
CASE-1403,Cloud Account Anomaly,1,0,0,1,Bangalore,1,0,0,0,1,0,25,LOW,Validate Alert → Check Authentication History → Investigate IP and Location → Review Endpoint Activity → Collect Evidence → Assess Risk → Determine Containment,Continue Monitoring,BLOCKED - Missing Evidence,Benign Activity
CASE-1404,Suspicious Login,2,1,0,1,Bangalore,1,0,0,1,0,0,45,MEDIUM,Validate Alert → Check Authentication History → Investigate IP and Location → Review Endpoint Activity → Collect Evidence → Assess Risk → Determine Containment,Escalate for Review,Normal Investigation,Needs Further Investigation
CASE-1405,Endpoint Malware,0,0,0,0,Chennai,1,1,0,0,0,0,25,LOW,Validate Alert → Check Authentication History → Review Endpoint Activity → Review Email Activity → Collect Evidence → Assess Risk → Determine Containment,Continue Monitoring,Normal Investigation,Benign Activity
CASE-1406,Phishing Email,1,1,1,1,Chennai,1,0,1,1,0,0,70,HIGH,Validate Alert → Check Authentication History → Investigate IP and Location → Review Endpoint Activity → Review Cloud Activity → Collect Evidence → Assess Risk → Determine Containment,Escalate to Senior Analyst,Normal Investigation,Escalated Incident
CASE-1407,Suspicious Login,3,0,0,1,Chennai,1,0,1,0,0,0,40,MEDIUM,Validate Alert → Check Authentication History → Investigate IP and Location → Review Endpoint Activity → Review Cloud Activity → Collect Evidence → Assess Risk → Determine Containment,Escalate for Review,Normal Investigation,Benign Activity
CASE-1408,Phishing Email,0,0,0,0,Mumbai,0,0,0,1,0,0,5,LOW,Validate Alert → Check Authentication History → Collect Evidence → Assess Risk → Determine Containment,Continue Monitoring,Normal Investigation,Benign Activity
CASE-1409,Endpoint Malware,0,1,1,0,Bangalore,0,0,0,1,1,0,25,LOW,Validate Alert → Check Authentication History → Investigate IP and Location → Collect Evidence → Assess Risk → Determine Containment,Continue Monitoring,BLOCKED - Missing Evidence,Benign Activity
CASE-1410,Cloud Account Anomaly,2,0,0,0,Bangalore,1,0,0,0,0,0,15,LOW,Validate Alert → Check Authentication History → Review Endpoint Activity → Collect Evidence → Assess Risk → Determine Containment,Continue Monitoring,Normal Investigation,Benign Activity
CASE-1411,Suspicious Login,2,1,1,1,Delhi,0,0,0,0,0,0,40,MEDIUM,Validate Alert → Check Authentication History → Investigate IP and Location → Collect Evidence → Assess Risk → Determine Containment,Escalate for Review,Normal Investigation,Benign Activity
CASE-1412,Suspicious Login,2,0,0,0,Unknown,0,0,1,0,0,1,10,LOW,Validate Alert → Check Authentication History → Review Cloud Activity → Collect Evidence → Assess Risk → Determine Containment,Continue Monitoring,MANUAL REVIEW - Conflicting Evidence,Benign Activity
CASE-1413,Cloud Account Anomaly,4,0,0,0,Bangalore,0,1,0,1,1,0,10,LOW,Validate Alert → Check Authentication History → Review Email Activity → Collect Evidence → Assess Risk → Determine Containment,Continue Monitoring,BLOCKED - Missing Evidence,Benign Activity
CASE-1414,Suspicious Login,3,0,1,1,Chennai,0,0,1,0,0,0,40,MEDIUM,Validate Alert → Check Authentication History → Investigate IP and Location → Review Cloud Activity → Collect Evidence → Assess Risk → Determine Containment,Escalate for Review,Normal Investigation,Benign Activity
CASE-1415,Cloud Account Anomaly,1,0,1,0,Hyderabad,1,0,0,1,1,0,30,MEDIUM,Validate Alert → Check Authentication History → Investigate IP and Location → Review Endpoint Activity → Collect Evidence → Assess Risk → Determine Containment,Escalate for Review,BLOCKED - Missing Evidence,Needs Further Investigation
CASE-1416,Endpoint Malware,3,1,1,1,Chennai,0,0,0,1,0,1,45,MEDIUM,Validate Alert → Check Authentication History → Investigate IP and Location → Collect Evidence → Assess Risk → Determine Containment,Escalate for Review,MANUAL REVIEW - Conflicting Evidence,Benign Activity
CASE-1417,Suspicious Login,1,0,1,0,Hyderabad,0,1,0,1,0,1,30,MEDIUM,Validate Alert → Check Authentication History → Investigate IP and Location → Review Email Activity → Collect Evidence → Assess Risk → Determine Containment,Escalate for Review,MANUAL REVIEW - Conflicting Evidence,Benign Activity
CASE-1418,Phishing Email,3,1,1,0,Delhi,0,0,1,0,0,0,35,MEDIUM,Validate Alert → Check Authentication History → Investigate IP and Location → Review Cloud Activity → Collect Evidence → Assess Risk → Determine Containment,Escalate for Review,Normal Investigation,Needs Further Investigation
CASE-1419,Suspicious Login,3,1,0,1,Hyderabad,0,1,0,1,0,0,40,MEDIUM,Validate Alert → Check Authentication History → Investigate IP and Location → Review Email Activity → Collect Evidence → Assess Risk → Determine Containment,Escalate for Review,Normal Investigation,Needs Further Investigation
CASE-1420,Suspicious Login,2,1,0,1,Hyderabad,1,0,1,0,0,0,50,MEDIUM,Validate Alert → Check Authentication History → Investigate IP and Location → Review Endpoint Activity → Review Cloud Activity → Collect Evidence → Assess Risk → Determine Containment,Escalate for Review,Normal Investigation,Benign Activity
CASE-1421,Suspicious Login,3,1,1,1,Chennai,0,0,0,1,0,0,45,MEDIUM,Validate Alert → Check Authentication History → Investigate IP and Location → Collect Evidence → Assess Risk → Determine Containment,Escalate for Review,Normal Investigation,Needs Further Investigation
CASE-1422,Suspicious Login,2,1,1,1,Mumbai,1,1,1,1,0,0,80,HIGH,Validate Alert → Check Authentication History → Investigate IP and Location → Review Endpoint Activity → Review Email Activity → Review Cloud Activity → Collect Evidence → Assess Risk → Determine Containment,Disable Account,Normal Investigation,Escalated Incident
CASE-1423,Phishing Email,3,1,0,0,Chennai,1,1,0,0,0,0,35,MEDIUM,Validate Alert → Check Authentication History → Review Endpoint Activity → Review Email Activity → Collect Evidence → Assess Risk → Determine Containment,Escalate for Review,Normal Investigation,Benign Activity
CASE-1424,Suspicious Login,1,0,0,0,Bangalore,0,0,0,0,1,1,0,LOW,Validate Alert → Check Authentication History → Collect Evidence → Assess Risk → Determine Containment,Continue Monitoring,BLOCKED - Missing Evidence,Benign Activity
CASE-1425,Suspicious Login,3,1,1,1,Hyderabad,0,1,0,1,0,1,55,MEDIUM,Validate Alert → Check Authentication History → Investigate IP and Location → Review Email Activity → Collect Evidence → Assess Risk → Determine Containment,Escalate for Review,MANUAL REVIEW - Conflicting Evidence,Needs Further Investigation
CASE-1426,Suspicious Login,2,1,1,0,Bangalore,0,0,0,1,0,0,30,MEDIUM,Validate Alert → Check Authentication History → Investigate IP and Location → Collect Evidence → Assess Risk → Determine Containment,Escalate for Review,Normal Investigation,Needs Further Investigation
CASE-1427,Suspicious Login,4,1,1,0,Mumbai,0,0,1,0,0,0,35,MEDIUM,Validate Alert → Check Authentication History → Investigate IP and Location → Review Cloud Activity → Collect Evidence → Assess Risk → Determine Containment,Escalate for Review,Normal Investigation,Needs Further Investigation
CASE-1428,Phishing Email,3,1,1,1,Hyderabad,0,1,0,0,0,0,50,MEDIUM,Validate Alert → Check Authentication History → Investigate IP and Location → Review Email Activity → Collect Evidence → Assess Risk → Determine Containment,Escalate for Review,Normal Investigation,Needs Further Investigation
CASE-1429,Cloud Account Anomaly,1,0,1,1,Hyderabad,1,1,1,1,1,0,65,HIGH,Validate Alert → Check Authentication History → Investigate IP and Location → Review Endpoint Activity → Review Email Activity → Review Cloud Activity → Collect Evidence → Assess Risk → Determine Containment,Isolate Endpoint,BLOCKED - Missing Evidence,Confirmed Incident
CASE-1430,Suspicious Login,1,1,0,0,Bangalore,1,0,1,1,1,0,35,MEDIUM,Validate Alert → Check Authentication History → Review Endpoint Activity → Review Cloud Activity → Collect Evidence → Assess Risk → Determine Containment,Escalate for Review,BLOCKED - Missing Evidence,Benign Activity
CASE-1431,Suspicious Login,2,1,0,0,Delhi,0,1,0,0,0,0,20,LOW,Validate Alert → Check Authentication History → Review Email Activity → Collect Evidence → Assess Risk → Determine Containment,Continue Monitoring,Normal Investigation,Benign Activity
CASE-1432,Cloud Account Anomaly,4,1,0,1,Unknown,1,0,0,0,0,0,40,MEDIUM,Validate Alert → Check Authentication History → Investigate IP and Location → Review Endpoint Activity → Collect Evidence → Assess Risk → Determine Containment,Escalate for Review,Normal Investigation,Benign Activity
CASE-1433,Cloud Account Anomaly,2,0,1,0,Chennai,0,1,0,0,0,1,25,LOW,Validate Alert → Check Authentication History → Investigate IP and Location → Review Email Activity → Collect Evidence → Assess Risk → Determine Containment,Continue Monitoring,MANUAL REVIEW - Conflicting Evidence,Benign Activity
CASE-1434,Phishing Email,3,0,0,1,Hyderabad,0,0,1,0,0,1,25,LOW,Validate Alert → Check Authentication History → Investigate IP and Location → Review Cloud Activity → Collect Evidence → Assess Risk → Determine Containment,Continue Monitoring,MANUAL REVIEW - Conflicting Evidence,Benign Activity
CASE-1435,Cloud Account Anomaly,1,1,1,0,Hyderabad,0,0,1,1,0,0,40,MEDIUM,Validate Alert → Check Authentication History → Investigate IP and Location → Review Cloud Activity → Collect Evidence → Assess Risk → Determine Containment,Escalate for Review,Normal Investigation,Benign Activity
CASE-1436,Phishing Email,2,0,1,1,Delhi,0,0,0,1,0,0,35,MEDIUM,Validate Alert → Check Authentication History → Investigate IP and Location → Collect Evidence → Assess Risk → Determine Containment,Escalate for Review,Normal Investigation,Benign Activity
CASE-1437,Phishing Email,4,0,0,0,Hyderabad,1,1,0,0,0,1,25,LOW,Validate Alert → Check Authentication History → Review Endpoint Activity → Review Email Activity → Collect Evidence → Assess Risk → Determine Containment,Continue Monitoring,MANUAL REVIEW - Conflicting Evidence,Benign Activity
CASE-1438,Suspicious Login,4,1,0,0,Chennai,1,0,1,0,0,0,35,MEDIUM,Validate Alert → Check Authentication History → Review Endpoint Activity → Review Cloud Activity → Collect Evidence → Assess Risk → Determine Containment,Escalate for Review,Normal Investigation,Benign Activity
CASE-1439,Cloud Account Anomaly,1,0,0,0,Hyderabad,1,0,0,0,0,0,15,LOW,Validate Alert → Check Authentication History → Review Endpoint Activity → Collect Evidence → Assess Risk → Determine Containment,Continue Monitoring,Normal Investigation,Benign Activity
CASE-1440,Suspicious Login,3,0,1,1,Unknown,0,0,0,1,0,1,35,MEDIUM,Validate Alert → Check Authentication History → Investigate IP and Location → Collect Evidence → Assess Risk → Determine Containment,Escalate for Review,MANUAL REVIEW - Conflicting Evidence,Benign Activity
CASE-1441,Suspicious Login,0,0,1,1,Hyderabad,1,0,0,0,1,0,40,MEDIUM,Validate Alert → Check Authentication History → Investigate IP and Location → Review Endpoint Activity → Collect Evidence → Assess Risk → Determine Containment,Escalate for Review,BLOCKED - Missing Evidence,Needs Further Investigation
CASE-1442,Cloud Account Anomaly,2,1,1,0,Mumbai,0,0,0,1,0,0,30,MEDIUM,Validate Alert → Check Authentication History → Investigate IP and Location → Collect Evidence → Assess Risk → Determine Containment,Escalate for Review,Normal Investigation,Benign Activity
CASE-1443,Cloud Account Anomaly,5,0,0,0,Bangalore,1,0,1,1,0,1,50,MEDIUM,Validate Alert → Check Authentication History → Review Endpoint Activity → Review Cloud Activity → Collect Evidence → Assess Risk → Determine Containment,Escalate for Review,MANUAL REVIEW - Conflicting Evidence,Needs Further Investigation
CASE-1444,Cloud Account Anomaly,1,1,0,1,Hyderabad,0,1,1,1,0,0,50,MEDIUM,Validate Alert → Check Authentication History → Investigate IP and Location → Review Email Activity → Review Cloud Activity → Collect Evidence → Assess Risk → Determine Containment,Escalate for Review,Normal Investigation,Needs Further Investigation
CASE-1445,Phishing Email,2,0,0,1,Delhi,0,1,0,1,1,0,25,LOW,Validate Alert → Check Authentication History → Investigate IP and Location → Review Email Activity → Collect Evidence → Assess Risk → Determine Containment,Continue Monitoring,BLOCKED - Missing Evidence,Benign Activity
CASE-1446,Endpoint Malware,2,0,1,1,Bangalore,0,1,1,1,0,0,55,MEDIUM,Validate Alert → Check Authentication History → Investigate IP and Location → Review Email Activity → Review Cloud Activity → Collect Evidence → Assess Risk → Determine Containment,Escalate for Review,Normal Investigation,Benign Activity
CASE-1447,Phishing Email,0,0,1,1,Delhi,1,1,0,1,1,0,55,MEDIUM,Validate Alert → Check Authentication History → Investigate IP and Location → Review Endpoint Activity → Review Email Activity → Collect Evidence → Assess Risk → Determine Containment,Escalate for Review,BLOCKED - Missing Evidence,Benign Activity
CASE-1448,Phishing Email,3,0,0,1,Bangalore,0,0,1,0,1,0,20,LOW,Validate Alert → Check Authentication History → Investigate IP and Location → Review Cloud Activity → Collect Evidence → Assess Risk → Determine Containment,Continue Monitoring,BLOCKED - Missing Evidence,Benign Activity
CASE-1449,Phishing Email,1,0,1,1,Hyderabad,0,0,0,1,1,1,30,MEDIUM,Validate Alert → Check Authentication History → Investigate IP and Location → Collect Evidence → Assess Risk → Determine Containment,Escalate for Review,BLOCKED - Missing Evidence,Needs Further Investigation
CASE-1450,Suspicious Login,4,1,0,1,Hyderabad,1,1,0,1,0,0,55,MEDIUM,Validate Alert → Check Authentication History → Investigate IP and Location → Review Endpoint Activity → Review Email Activity → Collect Evidence → Assess Risk → Determine Containment,Escalate for Review,Normal Investigation,Needs Further Investigation
CASE-1451,Suspicious Login,5,0,1,0,Chennai,0,0,0,1,0,0,40,MEDIUM,Validate Alert → Check Authentication History → Investigate IP and Location → Collect Evidence → Assess Risk → Determine Containment,Escalate for Review,Normal Investigation,Benign Activity
CASE-1452,Endpoint Malware,3,0,1,1,Hyderabad,0,1,0,0,0,0,40,MEDIUM,Validate Alert → Check Authentication History → Investigate IP and Location → Review Email Activity → Collect Evidence → Assess Risk → Determine Containment,Escalate for Review,Normal Investigation,Benign Activity
CASE-1453,Suspicious Login,2,1,1,0,Chennai,0,1,1,1,1,0,45,MEDIUM,Validate Alert → Check Authentication History → Investigate IP and Location → Review Email Activity → Review Cloud Activity → Collect Evidence → Assess Risk → Determine Containment,Escalate for Review,BLOCKED - Missing Evidence,Benign Activity
CASE-1454,Suspicious Login,0,1,1,0,Delhi,0,1,1,0,1,0,40,MEDIUM,Validate Alert → Check Authentication History → Investigate IP and Location → Review Email Activity → Review Cloud Activity → Collect Evidence → Assess Risk → Determine Containment,Escalate for Review,BLOCKED - Missing Evidence,Needs Further Investigation
CASE-1455,Cloud Account Anomaly,3,0,0,1,Chennai,0,0,1,1,0,0,30,MEDIUM,Validate Alert → Check Authentication History → Investigate IP and Location → Review Cloud Activity → Collect Evidence → Assess Risk → Determine Containment,Escalate for Review,Normal Investigation,Benign Activity
CASE-1456,Cloud Account Anomaly,1,1,1,0,Hyderabad,0,1,0,1,1,0,35,MEDIUM,Validate Alert → Check Authentication History → Investigate IP and Location → Review Email Activity → Collect Evidence → Assess Risk → Determine Containment,Escalate for Review,BLOCKED - Missing Evidence,Benign Activity
CASE-1457,Endpoint Malware,1,1,1,1,Unknown,1,1,0,1,0,1,70,HIGH,Validate Alert → Check Authentication History → Investigate IP and Location → Review Endpoint Activity → Review Email Activity → Collect Evidence → Assess Risk → Determine Containment,Disable Account,MANUAL REVIEW - Conflicting Evidence,Escalated Incident
CASE-1458,Suspicious Login,1,0,0,0,Delhi,0,0,1,1,0,1,15,LOW,Validate Alert → Check Authentication History → Review Cloud Activity → Collect Evidence → Assess Risk → Determine Containment,Continue Monitoring,MANUAL REVIEW - Conflicting Evidence,Benign Activity
CASE-1459,Suspicious Login,1,1,0,0,Bangalore,1,0,1,0,0,1,35,MEDIUM,Validate Alert → Check Authentication History → Review Endpoint Activity → Review Cloud Activity → Collect Evidence → Assess Risk → Determine Containment,Escalate for Review,MANUAL REVIEW - Conflicting Evidence,Benign Activity
CASE-1460,Cloud Account Anomaly,2,1,0,1,Delhi,0,0,1,1,0,1,40,MEDIUM,Validate Alert → Check Authentication History → Investigate IP and Location → Review Cloud Activity → Collect Evidence → Assess Risk → Determine Containment,Escalate for Review,MANUAL REVIEW - Conflicting Evidence,Needs Further Investigation
CASE-1461,Cloud Account Anomaly,2,0,0,0,Delhi,1,0,1,1,0,0,30,MEDIUM,Validate Alert → Check Authentication History → Review Endpoint Activity → Review Cloud Activity → Collect Evidence → Assess Risk → Determine Containment,Escalate for Review,Normal Investigation,Benign Activity
CASE-1462,Cloud Account Anomaly,1,1,1,1,Mumbai,1,1,0,1,1,0,65,HIGH,Validate Alert → Check Authentication History → Investigate IP and Location → Review Endpoint Activity → Review Email Activity → Collect Evidence → Assess Risk → Determine Containment,Isolate Endpoint,BLOCKED - Missing Evidence,Confirmed Incident
CASE-1463,Phishing Email,0,1,1,1,Hyderabad,1,1,0,1,0,0,70,HIGH,Validate Alert → Check Authentication History → Investigate IP and Location → Review Endpoint Activity → Review Email Activity → Collect Evidence → Assess Risk → Determine Containment,Isolate Endpoint,Normal Investigation,Confirmed Incident
CASE-1464,Suspicious Login,5,1,0,0,Mumbai,1,1,1,1,0,1,70,HIGH,Validate Alert → Check Authentication History → Review Endpoint Activity → Review Email Activity → Review Cloud Activity → Collect Evidence → Assess Risk → Determine Containment,Isolate Endpoint,MANUAL REVIEW - Conflicting Evidence,Escalated Incident
CASE-1465,Phishing Email,0,0,0,1,Bangalore,1,1,0,0,0,1,40,MEDIUM,Validate Alert → Check Authentication History → Investigate IP and Location → Review Endpoint Activity → Review Email Activity → Collect Evidence → Assess Risk → Determine Containment,Escalate for Review,MANUAL REVIEW - Conflicting Evidence,Benign Activity
CASE-1466,Endpoint Malware,0,0,0,0,Unknown,1,0,1,1,1,1,25,LOW,Validate Alert → Check Authentication History → Review Endpoint Activity → Review Cloud Activity → Collect Evidence → Assess Risk → Determine Containment,Continue Monitoring,BLOCKED - Missing Evidence,Benign Activity
CASE-1467,Cloud Account Anomaly,1,1,1,0,Mumbai,1,0,1,0,0,0,50,MEDIUM,Validate Alert → Check Authentication History → Investigate IP and Location → Review Endpoint Activity → Review Cloud Activity → Collect Evidence → Assess Risk → Determine Containment,Escalate for Review,Normal Investigation,Needs Further Investigation
CASE-1468,Suspicious Login,1,0,1,1,Delhi,1,0,0,0,0,0,45,MEDIUM,Validate Alert → Check Authentication History → Investigate IP and Location → Review Endpoint Activity → Collect Evidence → Assess Risk → Determine Containment,Escalate for Review,Normal Investigation,Benign Activity
CASE-1469,Cloud Account Anomaly,3,0,0,0,Bangalore,0,1,1,0,0,0,20,LOW,Validate Alert → Check Authentication History → Review Email Activity → Review Cloud Activity → Collect Evidence → Assess Risk → Determine Containment,Continue Monitoring,Normal Investigation,Benign Activity
CASE-1470,Cloud Account Anomaly,1,1,0,1,Hyderabad,0,0,0,0,0,0,25,LOW,Validate Alert → Check Authentication History → Investigate IP and Location → Collect Evidence → Assess Risk → Determine Containment,Continue Monitoring,Normal Investigation,Benign Activity
CASE-1471,Phishing Email,0,0,1,1,Unknown,0,1,1,1,0,0,55,MEDIUM,Validate Alert → Check Authentication History → Investigate IP and Location → Review Email Activity → Review Cloud Activity → Collect Evidence → Assess Risk → Determine Containment,Escalate for Review,Normal Investigation,Benign Activity
CASE-1472,Endpoint Malware,1,1,1,0,Mumbai,1,0,0,0,0,0,40,MEDIUM,Validate Alert → Check Authentication History → Investigate IP and Location → Review Endpoint Activity → Collect Evidence → Assess Risk → Determine Containment,Escalate for Review,Normal Investigation,Benign Activity
CASE-1473,Suspicious Login,4,0,1,1,Chennai,1,1,1,1,0,1,70,HIGH,Validate Alert → Check Authentication History → Investigate IP and Location → Review Endpoint Activity → Review Email Activity → Review Cloud Activity → Collect Evidence → Assess Risk → Determine Containment,Isolate Endpoint,MANUAL REVIEW - Conflicting Evidence,Confirmed Incident
CASE-1474,Suspicious Login,2,0,0,0,Bangalore,1,1,1,0,1,0,30,MEDIUM,Validate Alert → Check Authentication History → Review Endpoint Activity → Review Email Activity → Review Cloud Activity → Collect Evidence → Assess Risk → Determine Containment,Escalate for Review,BLOCKED - Missing Evidence,Benign Activity
CASE-1475,Endpoint Malware,0,1,0,1,Mumbai,0,0,0,1,0,0,30,MEDIUM,Validate Alert → Check Authentication History → Investigate IP and Location → Collect Evidence → Assess Risk → Determine Containment,Escalate for Review,Normal Investigation,Benign Activity
CASE-1476,Suspicious Login,3,0,0,1,Hyderabad,0,0,1,1,0,0,30,MEDIUM,Validate Alert → Check Authentication History → Investigate IP and Location → Review Cloud Activity → Collect Evidence → Assess Risk → Determine Containment,Escalate for Review,Normal Investigation,Benign Activity
CASE-1477,Endpoint Malware,1,1,0,1,Hyderabad,0,1,0,1,0,0,40,MEDIUM,Validate Alert → Check Authentication History → Investigate IP and Location → Review Email Activity → Collect Evidence → Assess Risk → Determine Containment,Escalate for Review,Normal Investigation,Needs Further Investigation
CASE-1478,Suspicious Login,1,1,1,1,Unknown,1,0,1,1,0,0,70,HIGH,Validate Alert → Check Authentication History → Investigate IP and Location → Review Endpoint Activity → Review Cloud Activity → Collect Evidence → Assess Risk → Determine Containment,Disable Account,Normal Investigation,Escalated Incident
CASE-1479,Phishing Email,0,1,1,1,Delhi,0,0,1,0,1,1,45,MEDIUM,Validate Alert → Check Authentication History → Investigate IP and Location → Review Cloud Activity → Collect Evidence → Assess Risk → Determine Containment,Escalate for Review,BLOCKED - Missing Evidence,Needs Further Investigation
CASE-1480,Suspicious Login,3,0,1,0,Hyderabad,0,0,1,1,1,1,25,LOW,Validate Alert → Check Authentication History → Investigate IP and Location → Review Cloud Activity → Collect Evidence → Assess Risk → Determine Containment,Continue Monitoring,BLOCKED - Missing Evidence,Benign Activity
CASE-1481,Cloud Account Anomaly,1,0,0,1,Unknown,1,1,0,1,0,0,45,MEDIUM,Validate Alert → Check Authentication History → Investigate IP and Location → Review Endpoint Activity → Review Email Activity → Collect Evidence → Assess Risk → Determine Containment,Escalate for Review,Normal Investigation,Benign Activity
CASE-1482,Endpoint Malware,0,1,1,0,Bangalore,0,0,1,1,0,0,40,MEDIUM,Validate Alert → Check Authentication History → Investigate IP and Location → Review Cloud Activity → Collect Evidence → Assess Risk → Determine Containment,Escalate for Review,Normal Investigation,Needs Further Investigation
CASE-1483,Endpoint Malware,2,1,0,0,Delhi,0,0,0,0,1,0,5,LOW,Validate Alert → Check Authentication History → Collect Evidence → Assess Risk → Determine Containment,Continue Monitoring,BLOCKED - Missing Evidence,Benign Activity
CASE-1484,Endpoint Malware,3,0,0,0,Chennai,0,0,0,0,0,0,0,LOW,Validate Alert → Check Authentication History → Collect Evidence → Assess Risk → Determine Containment,Continue Monitoring,Normal Investigation,Benign Activity
CASE-1485,Endpoint Malware,1,0,0,0,Chennai,0,0,1,1,1,0,10,LOW,Validate Alert → Check Authentication History → Review Cloud Activity → Collect Evidence → Assess Risk → Determine Containment,Continue Monitoring,BLOCKED - Missing Evidence,Benign Activity
CASE-1486,Suspicious Login,5,0,1,1,Chennai,0,0,0,1,0,0,55,MEDIUM,Validate Alert → Check Authentication History → Investigate IP and Location → Collect Evidence → Assess Risk → Determine Containment,Escalate for Review,Normal Investigation,Benign Activity
CASE-1487,Phishing Email,3,0,0,1,Delhi,1,0,0,0,1,0,25,LOW,Validate Alert → Check Authentication History → Investigate IP and Location → Review Endpoint Activity → Collect Evidence → Assess Risk → Determine Containment,Continue Monitoring,BLOCKED - Missing Evidence,Benign Activity
CASE-1488,Endpoint Malware,3,0,1,1,Delhi,1,1,0,0,0,0,55,MEDIUM,Validate Alert → Check Authentication History → Investigate IP and Location → Review Endpoint Activity → Review Email Activity → Collect Evidence → Assess Risk → Determine Containment,Escalate for Review,Normal Investigation,Needs Further Investigation
CASE-1489,Cloud Account Anomaly,4,0,0,1,Unknown,1,1,1,1,0,0,55,MEDIUM,Validate Alert → Check Authentication History → Investigate IP and Location → Review Endpoint Activity → Review Email Activity → Review Cloud Activity → Collect Evidence → Assess Risk → Determine Containment,Escalate for Review,Normal Investigation,Needs Further Investigation
CASE-1490,Suspicious Login,1,1,1,1,Mumbai,1,1,0,0,0,1,65,HIGH,Validate Alert → Check Authentication History → Investigate IP and Location → Review Endpoint Activity → Review Email Activity → Collect Evidence → Assess Risk → Determine Containment,Disable Account,MANUAL REVIEW - Conflicting Evidence,Escalated Incident
CASE-1491,Suspicious Login,2,0,0,1,Hyderabad,0,1,1,0,1,1,30,MEDIUM,Validate Alert → Check Authentication History → Investigate IP and Location → Review Email Activity → Review Cloud Activity → Collect Evidence → Assess Risk → Determine Containment,Escalate for Review,BLOCKED - Missing Evidence,Benign Activity
CASE-1492,Cloud Account Anomaly,2,0,0,1,Delhi,0,1,1,0,0,1,35,MEDIUM,Validate Alert → Check Authentication History → Investigate IP and Location → Review Email Activity → Review Cloud Activity → Collect Evidence → Assess Risk → Determine Containment,Escalate for Review,MANUAL REVIEW - Conflicting Evidence,Needs Further Investigation
CASE-1493,Cloud Account Anomaly,2,0,1,1,Hyderabad,0,0,1,0,1,1,35,MEDIUM,Validate Alert → Check Authentication History → Investigate IP and Location → Review Cloud Activity → Collect Evidence → Assess Risk → Determine Containment,Escalate for Review,BLOCKED - Missing Evidence,Benign Activity
CASE-1494,Suspicious Login,2,1,0,1,Delhi,1,0,1,1,0,1,55,MEDIUM,Validate Alert → Check Authentication History → Investigate IP and Location → Review Endpoint Activity → Review Cloud Activity → Collect Evidence → Assess Risk → Determine Containment,Escalate for Review,MANUAL REVIEW - Conflicting Evidence,Benign Activity
CASE-1495,Suspicious Login,3,0,0,0,Hyderabad,0,0,1,1,1,1,10,LOW,Validate Alert → Check Authentication History → Review Cloud Activity → Collect Evidence → Assess Risk → Determine Containment,Continue Monitoring,BLOCKED - Missing Evidence,Benign Activity
CASE-1496,Endpoint Malware,3,1,0,1,Mumbai,0,0,1,0,0,0,35,MEDIUM,Validate Alert → Check Authentication History → Investigate IP and Location → Review Cloud Activity → Collect Evidence → Assess Risk → Determine Containment,Escalate for Review,Normal Investigation,Benign Activity
CASE-1497,Phishing Email,2,0,1,1,Hyderabad,1,1,0,0,1,0,50,MEDIUM,Validate Alert → Check Authentication History → Investigate IP and Location → Review Endpoint Activity → Review Email Activity → Collect Evidence → Assess Risk → Determine Containment,Escalate for Review,BLOCKED - Missing Evidence,Benign Activity
CASE-1498,Endpoint Malware,3,0,0,0,Bangalore,1,0,1,0,1,0,20,LOW,Validate Alert → Check Authentication History → Review Endpoint Activity → Review Cloud Activity → Collect Evidence → Assess Risk → Determine Containment,Continue Monitoring,BLOCKED - Missing Evidence,Benign Activity
CASE-1499,Endpoint Malware,1,0,1,1,Chennai,0,1,0,1,0,0,45,MEDIUM,Validate Alert → Check Authentication History → Investigate IP and Location → Review Email Activity → Collect Evidence → Assess Risk → Determine Containment,Escalate for Review,Normal Investigation,Needs Further Investigation
CASE-1500,Phishing Email,3,1,1,1,Mumbai,0,1,1,0,0,1,60,HIGH,Validate Alert → Check Authentication History → Investigate IP and Location → Review Email Activity → Review Cloud Activity → Collect Evidence → Assess Risk → Determine Containment,Isolate Endpoint,MANUAL REVIEW - Conflicting Evidence,Confirmed Incident
CASE-1501,Cloud Account Anomaly,5,0,0,0,Delhi,0,1,0,1,1,0,30,MEDIUM,Validate Alert → Check Authentication History → Review Email Activity → Collect Evidence → Assess Risk → Determine Containment,Escalate for Review,BLOCKED - Missing Evidence,Needs Further Investigation
CASE-1502,Endpoint Malware,0,0,0,1,Chennai,1,0,0,1,0,0,35,MEDIUM,Validate Alert → Check Authentication History → Investigate IP and Location → Review Endpoint Activity → Collect Evidence → Assess Risk → Determine Containment,Escalate for Review,Normal Investigation,Needs Further Investigation
CASE-1503,Cloud Account Anomaly,1,0,0,1,Delhi,1,0,0,0,1,0,25,LOW,Validate Alert → Check Authentication History → Investigate IP and Location → Review Endpoint Activity → Collect Evidence → Assess Risk → Determine Containment,Continue Monitoring,BLOCKED - Missing Evidence,Benign Activity
CASE-1504,Phishing Email,2,0,1,0,Mumbai,0,1,0,0,0,1,25,LOW,Validate Alert → Check Authentication History → Investigate IP and Location → Review Email Activity → Collect Evidence → Assess Risk → Determine Containment,Continue Monitoring,MANUAL REVIEW - Conflicting Evidence,Benign Activity
CASE-1505,Suspicious Login,0,0,1,0,Unknown,0,1,0,1,0,1,30,MEDIUM,Validate Alert → Check Authentication History → Investigate IP and Location → Review Email Activity → Collect Evidence → Assess Risk → Determine Containment,Escalate for Review,MANUAL REVIEW - Conflicting Evidence,Needs Further Investigation
CASE-1506,Phishing Email,2,0,1,0,Delhi,0,0,0,0,1,0,10,LOW,Validate Alert → Check Authentication History → Investigate IP and Location → Collect Evidence → Assess Risk → Determine Containment,Continue Monitoring,BLOCKED - Missing Evidence,Benign Activity
CASE-1507,Phishing Email,0,0,0,1,Hyderabad,1,0,1,1,0,0,45,MEDIUM,Validate Alert → Check Authentication History → Investigate IP and Location → Review Endpoint Activity → Review Cloud Activity → Collect Evidence → Assess Risk → Determine Containment,Escalate for Review,Normal Investigation,Needs Further Investigation
CASE-1508,Cloud Account Anomaly,2,1,0,1,Unknown,1,0,1,1,1,0,50,MEDIUM,Validate Alert → Check Authentication History → Investigate IP and Location → Review Endpoint Activity → Review Cloud Activity → Collect Evidence → Assess Risk → Determine Containment,Escalate for Review,BLOCKED - Missing Evidence,Benign Activity
CASE-1509,Suspicious Login,1,0,1,0,Chennai,1,0,0,0,0,0,30,MEDIUM,Validate Alert → Check Authentication History → Investigate IP and Location → Review Endpoint Activity → Collect Evidence → Assess Risk → Determine Containment,Escalate for Review,Normal Investigation,Benign Activity
CASE-1510,Endpoint Malware,3,1,1,0,Delhi,0,0,1,1,0,1,40,MEDIUM,Validate Alert → Check Authentication History → Investigate IP and Location → Review Cloud Activity → Collect Evidence → Assess Risk → Determine Containment,Escalate for Review,MANUAL REVIEW - Conflicting Evidence,Benign Activity
CASE-1511,Phishing Email,2,0,1,0,Delhi,1,0,1,1,1,0,40,MEDIUM,Validate Alert → Check Authentication History → Investigate IP and Location → Review Endpoint Activity → Review Cloud Activity → Collect Evidence → Assess Risk → Determine Containment,Escalate for Review,BLOCKED - Missing Evidence,Benign Activity
CASE-1512,Endpoint Malware,5,0,1,1,Delhi,0,1,0,1,0,0,65,HIGH,Validate Alert → Check Authentication History → Investigate IP and Location → Review Email Activity → Collect Evidence → Assess Risk → Determine Containment,Escalate to Senior Analyst,Normal Investigation,Escalated Incident
CASE-1513,Endpoint Malware,3,0,1,1,Delhi,0,1,1,1,0,0,55,MEDIUM,Validate Alert → Check Authentication History → Investigate IP and Location → Review Email Activity → Review Cloud Activity → Collect Evidence → Assess Risk → Determine Containment,Escalate for Review,Normal Investigation,Benign Activity
CASE-1514,Phishing Email,1,1,0,1,Hyderabad,1,0,0,0,0,1,40,MEDIUM,Validate Alert → Check Authentication History → Investigate IP and Location → Review Endpoint Activity → Collect Evidence → Assess Risk → Determine Containment,Escalate for Review,MANUAL REVIEW - Conflicting Evidence,Needs Further Investigation
CASE-1515,Phishing Email,1,1,0,0,Chennai,1,1,0,0,0,0,35,MEDIUM,Validate Alert → Check Authentication History → Review Endpoint Activity → Review Email Activity → Collect Evidence → Assess Risk → Determine Containment,Escalate for Review,Normal Investigation,Needs Further Investigation
CASE-1516,Cloud Account Anomaly,3,1,0,0,Bangalore,0,1,1,1,1,0,30,MEDIUM,Validate Alert → Check Authentication History → Review Email Activity → Review Cloud Activity → Collect Evidence → Assess Risk → Determine Containment,Escalate for Review,BLOCKED - Missing Evidence,Needs Further Investigation
CASE-1517,Suspicious Login,0,1,1,0,Bangalore,1,1,0,0,0,0,50,MEDIUM,Validate Alert → Check Authentication History → Investigate IP and Location → Review Endpoint Activity → Review Email Activity → Collect Evidence → Assess Risk → Determine Containment,Escalate for Review,Normal Investigation,Needs Further Investigation
CASE-1518,Cloud Account Anomaly,0,1,1,0,Mumbai,0,0,1,0,0,0,35,MEDIUM,Validate Alert → Check Authentication History → Investigate IP and Location → Review Cloud Activity → Collect Evidence → Assess Risk → Determine Containment,Escalate for Review,Normal Investigation,Needs Further Investigation
CASE-1519,Endpoint Malware,1,0,1,1,Delhi,1,1,0,1,0,0,60,HIGH,Validate Alert → Check Authentication History → Investigate IP and Location → Review Endpoint Activity → Review Email Activity → Collect Evidence → Assess Risk → Determine Containment,Disable Account,Normal Investigation,Confirmed Incident
CASE-1520,Endpoint Malware,1,0,1,0,Delhi,1,1,0,0,0,0,40,MEDIUM,Validate Alert → Check Authentication History → Investigate IP and Location → Review Endpoint Activity → Review Email Activity → Collect Evidence → Assess Risk → Determine Containment,Escalate for Review,Normal Investigation,Needs Further Investigation
CASE-1521,Phishing Email,2,0,1,0,Chennai,0,0,0,1,0,0,20,LOW,Validate Alert → Check Authentication History → Investigate IP and Location → Collect Evidence → Assess Risk → Determine Containment,Continue Monitoring,Normal Investigation,Benign Activity
CASE-1522,Endpoint Malware,4,1,0,1,Hyderabad,0,0,1,0,0,1,35,MEDIUM,Validate Alert → Check Authentication History → Investigate IP and Location → Review Cloud Activity → Collect Evidence → Assess Risk → Determine Containment,Escalate for Review,MANUAL REVIEW - Conflicting Evidence,Benign Activity
CASE-1523,Endpoint Malware,2,1,1,0,Chennai,1,1,0,0,0,0,50,MEDIUM,Validate Alert → Check Authentication History → Investigate IP and Location → Review Endpoint Activity → Review Email Activity → Collect Evidence → Assess Risk → Determine Containment,Escalate for Review,Normal Investigation,Needs Further Investigation
CASE-1524,Suspicious Login,6,1,1,0,Delhi,0,1,1,0,0,1,65,HIGH,Validate Alert → Check Authentication History → Investigate IP and Location → Review Email Activity → Review Cloud Activity → Collect Evidence → Assess Risk → Determine Containment,Disable Account,MANUAL REVIEW - Conflicting Evidence,Escalated Incident
CASE-1525,Phishing Email,1,0,0,1,Bangalore,1,0,0,0,0,0,30,MEDIUM,Validate Alert → Check Authentication History → Investigate IP and Location → Review Endpoint Activity → Collect Evidence → Assess Risk → Determine Containment,Escalate for Review,Normal Investigation,Benign Activity
CASE-1526,Suspicious Login,2,0,1,1,Unknown,1,1,0,1,0,0,60,HIGH,Validate Alert → Check Authentication History → Investigate IP and Location → Review Endpoint Activity → Review Email Activity → Collect Evidence → Assess Risk → Determine Containment,Isolate Endpoint,Normal Investigation,Confirmed Incident
CASE-1527,Phishing Email,1,0,0,1,Mumbai,0,1,1,1,0,0,40,MEDIUM,Validate Alert → Check Authentication History → Investigate IP and Location → Review Email Activity → Review Cloud Activity → Collect Evidence → Assess Risk → Determine Containment,Escalate for Review,Normal Investigation,Needs Further Investigation
CASE-1528,Suspicious Login,3,1,1,0,Mumbai,0,0,0,0,0,0,25,LOW,Validate Alert → Check Authentication History → Investigate IP and Location → Collect Evidence → Assess Risk → Determine Containment,Continue Monitoring,Normal Investigation,Benign Activity
CASE-1529,Suspicious Login,3,0,0,0,Unknown,0,1,0,1,0,0,15,LOW,Validate Alert → Check Authentication History → Review Email Activity → Collect Evidence → Assess Risk → Determine Containment,Continue Monitoring,Normal Investigation,Benign Activity
CASE-1530,Cloud Account Anomaly,2,1,0,0,Bangalore,0,0,0,1,1,0,10,LOW,Validate Alert → Check Authentication History → Collect Evidence → Assess Risk → Determine Containment,Continue Monitoring,BLOCKED - Missing Evidence,Benign Activity
CASE-1531,Endpoint Malware,4,0,1,1,Mumbai,1,1,1,1,0,0,70,HIGH,Validate Alert → Check Authentication History → Investigate IP and Location → Review Endpoint Activity → Review Email Activity → Review Cloud Activity → Collect Evidence → Assess Risk → Determine Containment,Isolate Endpoint,Normal Investigation,Escalated Incident
CASE-1532,Endpoint Malware,2,1,0,0,Mumbai,0,1,0,0,0,0,20,LOW,Validate Alert → Check Authentication History → Review Email Activity → Collect Evidence → Assess Risk → Determine Containment,Continue Monitoring,Normal Investigation,Benign Activity
CASE-1533,Phishing Email,3,0,0,1,Chennai,1,1,0,0,0,0,40,MEDIUM,Validate Alert → Check Authentication History → Investigate IP and Location → Review Endpoint Activity → Review Email Activity → Collect Evidence → Assess Risk → Determine Containment,Escalate for Review,Normal Investigation,Needs Further Investigation
CASE-1534,Phishing Email,2,0,0,0,Hyderabad,0,0,1,0,0,1,10,LOW,Validate Alert → Check Authentication History → Review Cloud Activity → Collect Evidence → Assess Risk → Determine Containment,Continue Monitoring,MANUAL REVIEW - Conflicting Evidence,Benign Activity
CASE-1535,Endpoint Malware,2,0,1,0,Hyderabad,1,0,1,0,1,0,35,MEDIUM,Validate Alert → Check Authentication History → Investigate IP and Location → Review Endpoint Activity → Review Cloud Activity → Collect Evidence → Assess Risk → Determine Containment,Escalate for Review,BLOCKED - Missing Evidence,Needs Further Investigation
CASE-1536,Cloud Account Anomaly,1,0,1,1,Delhi,0,1,1,1,0,1,55,MEDIUM,Validate Alert → Check Authentication History → Investigate IP and Location → Review Email Activity → Review Cloud Activity → Collect Evidence → Assess Risk → Determine Containment,Escalate for Review,MANUAL REVIEW - Conflicting Evidence,Needs Further Investigation
CASE-1537,Suspicious Login,3,0,1,0,Bangalore,1,0,0,1,0,1,35,MEDIUM,Validate Alert → Check Authentication History → Investigate IP and Location → Review Endpoint Activity → Collect Evidence → Assess Risk → Determine Containment,Escalate for Review,MANUAL REVIEW - Conflicting Evidence,Benign Activity
CASE-1538,Phishing Email,3,1,1,0,Bangalore,0,0,0,1,0,0,30,MEDIUM,Validate Alert → Check Authentication History → Investigate IP and Location → Collect Evidence → Assess Risk → Determine Containment,Escalate for Review,Normal Investigation,Needs Further Investigation
CASE-1539,Endpoint Malware,2,1,0,0,Mumbai,0,0,0,1,0,0,15,LOW,Validate Alert → Check Authentication History → Collect Evidence → Assess Risk → Determine Containment,Continue Monitoring,Normal Investigation,Benign Activity
CASE-1540,Cloud Account Anomaly,0,1,0,0,Chennai,0,0,1,1,0,1,25,LOW,Validate Alert → Check Authentication History → Review Cloud Activity → Collect Evidence → Assess Risk → Determine Containment,Continue Monitoring,MANUAL REVIEW - Conflicting Evidence,Benign Activity
CASE-1541,Endpoint Malware,1,0,0,0,Bangalore,0,0,1,0,0,0,10,LOW,Validate Alert → Check Authentication History → Review Cloud Activity → Collect Evidence → Assess Risk → Determine Containment,Continue Monitoring,Normal Investigation,Benign Activity
CASE-1542,Cloud Account Anomaly,1,1,1,0,Delhi,0,0,1,0,0,0,35,MEDIUM,Validate Alert → Check Authentication History → Investigate IP and Location → Review Cloud Activity → Collect Evidence → Assess Risk → Determine Containment,Escalate for Review,Normal Investigation,Needs Further Investigation
CASE-1543,Phishing Email,5,0,1,1,Delhi,1,0,0,0,0,1,65,HIGH,Validate Alert → Check Authentication History → Investigate IP and Location → Review Endpoint Activity → Collect Evidence → Assess Risk → Determine Containment,Escalate to Senior Analyst,MANUAL REVIEW - Conflicting Evidence,Confirmed Incident
CASE-1544,Cloud Account Anomaly,1,1,1,1,Hyderabad,0,0,0,0,0,1,40,MEDIUM,Validate Alert → Check Authentication History → Investigate IP and Location → Collect Evidence → Assess Risk → Determine Containment,Escalate for Review,MANUAL REVIEW - Conflicting Evidence,Needs Further Investigation
CASE-1545,Suspicious Login,3,1,0,1,Mumbai,1,1,0,0,0,0,50,MEDIUM,Validate Alert → Check Authentication History → Investigate IP and Location → Review Endpoint Activity → Review Email Activity → Collect Evidence → Assess Risk → Determine Containment,Escalate for Review,Normal Investigation,Needs Further Investigation
CASE-1546,Endpoint Malware,2,1,0,1,Delhi,1,0,0,0,0,0,40,MEDIUM,Validate Alert → Check Authentication History → Investigate IP and Location → Review Endpoint Activity → Collect Evidence → Assess Risk → Determine Containment,Escalate for Review,Normal Investigation,Benign Activity
CASE-1547,Suspicious Login,3,0,1,1,Bangalore,1,1,1,1,0,0,70,HIGH,Validate Alert → Check Authentication History → Investigate IP and Location → Review Endpoint Activity → Review Email Activity → Review Cloud Activity → Collect Evidence → Assess Risk → Determine Containment,Isolate Endpoint,Normal Investigation,Escalated Incident
CASE-1548,Suspicious Login,4,1,1,1,Delhi,0,1,1,1,0,1,65,HIGH,Validate Alert → Check Authentication History → Investigate IP and Location → Review Email Activity → Review Cloud Activity → Collect Evidence → Assess Risk → Determine Containment,Isolate Endpoint,MANUAL REVIEW - Conflicting Evidence,Escalated Incident
CASE-1549,Cloud Account Anomaly,3,0,1,0,Bangalore,0,1,1,0,0,1,35,MEDIUM,Validate Alert → Check Authentication History → Investigate IP and Location → Review Email Activity → Review Cloud Activity → Collect Evidence → Assess Risk → Determine Containment,Escalate for Review,MANUAL REVIEW - Conflicting Evidence,Benign Activity
CASE-1550,Cloud Account Anomaly,3,0,0,0,Bangalore,1,0,1,0,0,0,25,LOW,Validate Alert → Check Authentication History → Review Endpoint Activity → Review Cloud Activity → Collect Evidence → Assess Risk → Determine Containment,Continue Monitoring,Normal Investigation,Benign Activity
CASE-1551,Phishing Email,2,0,1,0,Hyderabad,1,1,1,0,0,1,50,MEDIUM,Validate Alert → Check Authentication History → Investigate IP and Location → Review Endpoint Activity → Review Email Activity → Review Cloud Activity → Collect Evidence → Assess Risk → Determine Containment,Escalate for Review,MANUAL REVIEW - Conflicting Evidence,Needs Further Investigation
CASE-1552,Cloud Account Anomaly,3,0,1,0,Hyderabad,0,1,0,1,0,0,30,MEDIUM,Validate Alert → Check Authentication History → Investigate IP and Location → Review Email Activity → Collect Evidence → Assess Risk → Determine Containment,Escalate for Review,Normal Investigation,Needs Further Investigation
CASE-1553,Phishing Email,2,0,0,1,Bangalore,1,0,1,0,0,1,40,MEDIUM,Validate Alert → Check Authentication History → Investigate IP and Location → Review Endpoint Activity → Review Cloud Activity → Collect Evidence → Assess Risk → Determine Containment,Escalate for Review,MANUAL REVIEW - Conflicting Evidence,Needs Further Investigation
CASE-1554,Endpoint Malware,2,1,0,0,Chennai,0,0,0,1,1,0,10,LOW,Validate Alert → Check Authentication History → Collect Evidence → Assess Risk → Determine Containment,Continue Monitoring,BLOCKED - Missing Evidence,Benign Activity
CASE-1555,Phishing Email,5,1,1,1,Unknown,1,1,1,1,1,0,95,HIGH,Validate Alert → Check Authentication History → Investigate IP and Location → Review Endpoint Activity → Review Email Activity → Review Cloud Activity → Collect Evidence → Assess Risk → Determine Containment,Escalate to Senior Analyst,BLOCKED - Missing Evidence,Escalated Incident
CASE-1556,Phishing Email,4,0,1,0,Chennai,1,1,1,1,1,0,50,MEDIUM,Validate Alert → Check Authentication History → Investigate IP and Location → Review Endpoint Activity → Review Email Activity → Review Cloud Activity → Collect Evidence → Assess Risk → Determine Containment,Escalate for Review,BLOCKED - Missing Evidence,Benign Activity
CASE-1557,Cloud Account Anomaly,1,0,1,0,Hyderabad,0,0,1,1,0,0,30,MEDIUM,Validate Alert → Check Authentication History → Investigate IP and Location → Review Cloud Activity → Collect Evidence → Assess Risk → Determine Containment,Escalate for Review,Normal Investigation,Needs Further Investigation
CASE-1558,Phishing Email,2,1,0,1,Delhi,0,1,0,1,0,1,40,MEDIUM,Validate Alert → Check Authentication History → Investigate IP and Location → Review Email Activity → Collect Evidence → Assess Risk → Determine Containment,Escalate for Review,MANUAL REVIEW - Conflicting Evidence,Benign Activity
CASE-1559,Phishing Email,3,1,0,0,Mumbai,0,0,1,1,0,0,25,LOW,Validate Alert → Check Authentication History → Review Cloud Activity → Collect Evidence → Assess Risk → Determine Containment,Continue Monitoring,Normal Investigation,Benign Activity
CASE-1560,Suspicious Login,2,1,0,1,Delhi,0,1,0,1,0,0,40,MEDIUM,Validate Alert → Check Authentication History → Investigate IP and Location → Review Email Activity → Collect Evidence → Assess Risk → Determine Containment,Escalate for Review,Normal Investigation,Needs Further Investigation
CASE-1561,Suspicious Login,2,1,1,1,Bangalore,0,0,1,1,0,1,55,MEDIUM,Validate Alert → Check Authentication History → Investigate IP and Location → Review Cloud Activity → Collect Evidence → Assess Risk → Determine Containment,Escalate for Review,MANUAL REVIEW - Conflicting Evidence,Benign Activity
CASE-1562,Suspicious Login,0,0,0,0,Mumbai,1,1,0,0,0,0,25,LOW,Validate Alert → Check Authentication History → Review Endpoint Activity → Review Email Activity → Collect Evidence → Assess Risk → Determine Containment,Continue Monitoring,Normal Investigation,Benign Activity
CASE-1563,Cloud Account Anomaly,3,0,1,1,Mumbai,0,0,1,1,0,0,45,MEDIUM,Validate Alert → Check Authentication History → Investigate IP and Location → Review Cloud Activity → Collect Evidence → Assess Risk → Determine Containment,Escalate for Review,Normal Investigation,Benign Activity
CASE-1564,Phishing Email,2,1,0,0,Unknown,1,0,0,0,1,0,20,LOW,Validate Alert → Check Authentication History → Review Endpoint Activity → Collect Evidence → Assess Risk → Determine Containment,Continue Monitoring,BLOCKED - Missing Evidence,Benign Activity
CASE-1565,Endpoint Malware,3,0,1,1,Delhi,1,0,1,1,0,0,60,HIGH,Validate Alert → Check Authentication History → Investigate IP and Location → Review Endpoint Activity → Review Cloud Activity → Collect Evidence → Assess Risk → Determine Containment,Isolate Endpoint,Normal Investigation,Confirmed Incident
CASE-1566,Suspicious Login,2,0,1,0,Mumbai,0,1,0,1,0,0,30,MEDIUM,Validate Alert → Check Authentication History → Investigate IP and Location → Review Email Activity → Collect Evidence → Assess Risk → Determine Containment,Escalate for Review,Normal Investigation,Benign Activity
CASE-1567,Suspicious Login,3,0,0,0,Mumbai,1,0,0,0,0,0,15,LOW,Validate Alert → Check Authentication History → Review Endpoint Activity → Collect Evidence → Assess Risk → Determine Containment,Continue Monitoring,Normal Investigation,Benign Activity
CASE-1568,Cloud Account Anomaly,2,0,0,1,Hyderabad,0,1,0,0,0,0,25,LOW,Validate Alert → Check Authentication History → Investigate IP and Location → Review Email Activity → Collect Evidence → Assess Risk → Determine Containment,Continue Monitoring,Normal Investigation,Benign Activity
CASE-1569,Suspicious Login,2,1,0,0,Unknown,0,0,0,1,0,0,15,LOW,Validate Alert → Check Authentication History → Collect Evidence → Assess Risk → Determine Containment,Continue Monitoring,Normal Investigation,Benign Activity
CASE-1570,Endpoint Malware,2,1,0,0,Mumbai,0,1,0,1,0,1,25,LOW,Validate Alert → Check Authentication History → Review Email Activity → Collect Evidence → Assess Risk → Determine Containment,Continue Monitoring,MANUAL REVIEW - Conflicting Evidence,Benign Activity
CASE-1571,Phishing Email,3,0,0,0,Hyderabad,0,0,1,0,0,1,10,LOW,Validate Alert → Check Authentication History → Review Cloud Activity → Collect Evidence → Assess Risk → Determine Containment,Continue Monitoring,MANUAL REVIEW - Conflicting Evidence,Benign Activity
CASE-1572,Endpoint Malware,2,0,1,1,Delhi,1,0,1,0,0,0,55,MEDIUM,Validate Alert → Check Authentication History → Investigate IP and Location → Review Endpoint Activity → Review Cloud Activity → Collect Evidence → Assess Risk → Determine Containment,Escalate for Review,Normal Investigation,Benign Activity
CASE-1573,Suspicious Login,1,1,0,1,Delhi,1,0,0,1,0,1,45,MEDIUM,Validate Alert → Check Authentication History → Investigate IP and Location → Review Endpoint Activity → Collect Evidence → Assess Risk → Determine Containment,Escalate for Review,MANUAL REVIEW - Conflicting Evidence,Needs Further Investigation
CASE-1574,Cloud Account Anomaly,1,0,0,0,Bangalore,1,0,0,0,1,0,10,LOW,Validate Alert → Check Authentication History → Review Endpoint Activity → Collect Evidence → Assess Risk → Determine Containment,Continue Monitoring,BLOCKED - Missing Evidence,Benign Activity
CASE-1575,Cloud Account Anomaly,3,0,1,0,Delhi,0,0,1,1,0,1,30,MEDIUM,Validate Alert → Check Authentication History → Investigate IP and Location → Review Cloud Activity → Collect Evidence → Assess Risk → Determine Containment,Escalate for Review,MANUAL REVIEW - Conflicting Evidence,Benign Activity
CASE-1576,Cloud Account Anomaly,0,0,1,1,Bangalore,1,0,0,0,0,1,45,MEDIUM,Validate Alert → Check Authentication History → Investigate IP and Location → Review Endpoint Activity → Collect Evidence → Assess Risk → Determine Containment,Escalate for Review,MANUAL REVIEW - Conflicting Evidence,Needs Further Investigation
CASE-1577,Endpoint Malware,0,0,0,1,Delhi,1,0,1,0,0,0,40,MEDIUM,Validate Alert → Check Authentication History → Investigate IP and Location → Review Endpoint Activity → Review Cloud Activity → Collect Evidence → Assess Risk → Determine Containment,Escalate for Review,Normal Investigation,Benign Activity
CASE-1578,Suspicious Login,3,1,0,1,Bangalore,0,1,0,1,0,1,40,MEDIUM,Validate Alert → Check Authentication History → Investigate IP and Location → Review Email Activity → Collect Evidence → Assess Risk → Determine Containment,Escalate for Review,MANUAL REVIEW - Conflicting Evidence,Benign Activity
CASE-1579,Suspicious Login,2,0,0,1,Unknown,1,1,1,0,0,0,50,MEDIUM,Validate Alert → Check Authentication History → Investigate IP and Location → Review Endpoint Activity → Review Email Activity → Review Cloud Activity → Collect Evidence → Assess Risk → Determine Containment,Escalate for Review,Normal Investigation,Benign Activity
CASE-1580,Phishing Email,2,0,1,0,Delhi,1,0,0,0,0,0,30,MEDIUM,Validate Alert → Check Authentication History → Investigate IP and Location → Review Endpoint Activity → Collect Evidence → Assess Risk → Determine Containment,Escalate for Review,Normal Investigation,Needs Further Investigation
CASE-1581,Suspicious Login,0,1,1,0,Chennai,1,1,1,0,0,1,60,HIGH,Validate Alert → Check Authentication History → Investigate IP and Location → Review Endpoint Activity → Review Email Activity → Review Cloud Activity → Collect Evidence → Assess Risk → Determine Containment,Disable Account,MANUAL REVIEW - Conflicting Evidence,Escalated Incident
CASE-1582,Phishing Email,2,1,1,0,Chennai,0,0,1,0,1,1,30,MEDIUM,Validate Alert → Check Authentication History → Investigate IP and Location → Review Cloud Activity → Collect Evidence → Assess Risk → Determine Containment,Escalate for Review,BLOCKED - Missing Evidence,Benign Activity
CASE-1583,Suspicious Login,1,1,1,1,Hyderabad,1,0,0,1,0,1,60,HIGH,Validate Alert → Check Authentication History → Investigate IP and Location → Review Endpoint Activity → Collect Evidence → Assess Risk → Determine Containment,Disable Account,MANUAL REVIEW - Conflicting Evidence,Escalated Incident
CASE-1584,Cloud Account Anomaly,2,1,0,0,Delhi,1,0,0,0,0,0,25,LOW,Validate Alert → Check Authentication History → Review Endpoint Activity → Collect Evidence → Assess Risk → Determine Containment,Continue Monitoring,Normal Investigation,Benign Activity
CASE-1585,Endpoint Malware,3,0,0,1,Bangalore,0,0,0,0,0,0,15,LOW,Validate Alert → Check Authentication History → Investigate IP and Location → Collect Evidence → Assess Risk → Determine Containment,Continue Monitoring,Normal Investigation,Benign Activity
CASE-1586,Endpoint Malware,1,1,1,1,Delhi,1,1,0,1,0,0,70,HIGH,Validate Alert → Check Authentication History → Investigate IP and Location → Review Endpoint Activity → Review Email Activity → Collect Evidence → Assess Risk → Determine Containment,Isolate Endpoint,Normal Investigation,Escalated Incident
CASE-1587,Cloud Account Anomaly,5,0,0,0,Unknown,0,1,1,0,1,0,35,MEDIUM,Validate Alert → Check Authentication History → Review Email Activity → Review Cloud Activity → Collect Evidence → Assess Risk → Determine Containment,Escalate for Review,BLOCKED - Missing Evidence,Benign Activity
CASE-1588,Cloud Account Anomaly,1,1,0,0,Mumbai,1,0,0,0,1,0,20,LOW,Validate Alert → Check Authentication History → Review Endpoint Activity → Collect Evidence → Assess Risk → Determine Containment,Continue Monitoring,BLOCKED - Missing Evidence,Benign Activity
CASE-1589,Endpoint Malware,2,0,1,0,Hyderabad,0,0,0,0,0,0,15,LOW,Validate Alert → Check Authentication History → Investigate IP and Location → Collect Evidence → Assess Risk → Determine Containment,Continue Monitoring,Normal Investigation,Benign Activity
CASE-1590,Suspicious Login,2,1,0,1,Unknown,1,1,1,1,1,0,60,HIGH,Validate Alert → Check Authentication History → Investigate IP and Location → Review Endpoint Activity → Review Email Activity → Review Cloud Activity → Collect Evidence → Assess Risk → Determine Containment,Disable Account,BLOCKED - Missing Evidence,Confirmed Incident
CASE-1591,Suspicious Login,1,0,0,1,Mumbai,1,1,1,1,1,0,50,MEDIUM,Validate Alert → Check Authentication History → Investigate IP and Location → Review Endpoint Activity → Review Email Activity → Review Cloud Activity → Collect Evidence → Assess Risk → Determine Containment,Escalate for Review,BLOCKED - Missing Evidence,Benign Activity
CASE-1592,Cloud Account Anomaly,3,1,1,0,Mumbai,1,0,1,1,1,1,50,MEDIUM,Validate Alert → Check Authentication History → Investigate IP and Location → Review Endpoint Activity → Review Cloud Activity → Collect Evidence → Assess Risk → Determine Containment,Escalate for Review,BLOCKED - Missing Evidence,Needs Further Investigation
CASE-1593,Phishing Email,1,0,0,1,Hyderabad,0,1,1,0,1,0,30,MEDIUM,Validate Alert → Check Authentication History → Investigate IP and Location → Review Email Activity → Review Cloud Activity → Collect Evidence → Assess Risk → Determine Containment,Escalate for Review,BLOCKED - Missing Evidence,Needs Further Investigation
CASE-1594,Cloud Account Anomaly,1,1,1,0,Bangalore,1,1,0,0,0,0,50,MEDIUM,Validate Alert → Check Authentication History → Investigate IP and Location → Review Endpoint Activity → Review Email Activity → Collect Evidence → Assess Risk → Determine Containment,Escalate for Review,Normal Investigation,Benign Activity
CASE-1595,Phishing Email,1,0,0,1,Hyderabad,1,0,0,1,0,0,35,MEDIUM,Validate Alert → Check Authentication History → Investigate IP and Location → Review Endpoint Activity → Collect Evidence → Assess Risk → Determine Containment,Escalate for Review,Normal Investigation,Needs Further Investigation
CASE-1596,Endpoint Malware,1,1,1,0,Hyderabad,1,1,0,0,0,1,50,MEDIUM,Validate Alert → Check Authentication History → Investigate IP and Location → Review Endpoint Activity → Review Email Activity → Collect Evidence → Assess Risk → Determine Containment,Escalate for Review,MANUAL REVIEW - Conflicting Evidence,Benign Activity
CASE-1597,Phishing Email,4,1,1,1,Mumbai,1,1,0,1,0,0,70,HIGH,Validate Alert → Check Authentication History → Investigate IP and Location → Review Endpoint Activity → Review Email Activity → Collect Evidence → Assess Risk → Determine Containment,Disable Account,Normal Investigation,Confirmed Incident
CASE-1598,Phishing Email,0,0,1,0,Mumbai,1,0,0,1,0,1,35,MEDIUM,Validate Alert → Check Authentication History → Investigate IP and Location → Review Endpoint Activity → Collect Evidence → Assess Risk → Determine Containment,Escalate for Review,MANUAL REVIEW - Conflicting Evidence,Benign Activity
CASE-1599,Endpoint Malware,1,1,1,1,Hyderabad,0,0,0,0,0,1,40,MEDIUM,Validate Alert → Check Authentication History → Investigate IP and Location → Collect Evidence → Assess Risk → Determine Containment,Escalate for Review,MANUAL REVIEW - Conflicting Evidence,Benign Activity
CASE-1600,Cloud Account Anomaly,1,0,1,0,Bangalore,1,0,0,0,0,0,30,MEDIUM,Validate Alert → Check Authentication History → Investigate IP and Location → Review Endpoint Activity → Collect Evidence → Assess Risk → Determine Containment,Escalate for Review,Normal Investigation,Benign Activity
CASE-1601,Suspicious Login,1,0,0,1,Unknown,0,1,1,1,0,0,40,MEDIUM,Validate Alert → Check Authentication History → Investigate IP and Location → Review Email Activity → Review Cloud Activity → Collect Evidence → Assess Risk → Determine Containment,Escalate for Review,Normal Investigation,Benign Activity
CASE-1602,Cloud Account Anomaly,1,1,1,1,Mumbai,0,0,0,0,0,0,40,MEDIUM,Validate Alert → Check Authentication History → Investigate IP and Location → Collect Evidence → Assess Risk → Determine Containment,Escalate for Review,Normal Investigation,Benign Activity
CASE-1603,Cloud Account Anomaly,1,1,1,0,Mumbai,0,0,0,0,0,1,25,LOW,Validate Alert → Check Authentication History → Investigate IP and Location → Collect Evidence → Assess Risk → Determine Containment,Continue Monitoring,MANUAL REVIEW - Conflicting Evidence,Benign Activity
CASE-1604,Suspicious Login,0,0,0,0,Hyderabad,1,1,1,1,1,0,35,MEDIUM,Validate Alert → Check Authentication History → Review Endpoint Activity → Review Email Activity → Review Cloud Activity → Collect Evidence → Assess Risk → Determine Containment,Escalate for Review,BLOCKED - Missing Evidence,Benign Activity
CASE-1605,Phishing Email,3,1,0,1,Bangalore,0,0,0,1,0,1,30,MEDIUM,Validate Alert → Check Authentication History → Investigate IP and Location → Collect Evidence → Assess Risk → Determine Containment,Escalate for Review,MANUAL REVIEW - Conflicting Evidence,Benign Activity
CASE-1606,Phishing Email,0,1,1,1,Mumbai,0,0,0,0,0,0,40,MEDIUM,Validate Alert → Check Authentication History → Investigate IP and Location → Collect Evidence → Assess Risk → Determine Containment,Escalate for Review,Normal Investigation,Needs Further Investigation
CASE-1607,Endpoint Malware,3,0,1,0,Mumbai,0,0,0,0,0,0,15,LOW,Validate Alert → Check Authentication History → Investigate IP and Location → Collect Evidence → Assess Risk → Determine Containment,Continue Monitoring,Normal Investigation,Benign Activity
CASE-1608,Endpoint Malware,1,1,1,0,Hyderabad,0,0,1,0,1,1,30,MEDIUM,Validate Alert → Check Authentication History → Investigate IP and Location → Review Cloud Activity → Collect Evidence → Assess Risk → Determine Containment,Escalate for Review,BLOCKED - Missing Evidence,Benign Activity
CASE-1609,Cloud Account Anomaly,6,0,0,1,Unknown,0,1,1,0,0,1,55,MEDIUM,Validate Alert → Check Authentication History → Investigate IP and Location → Review Email Activity → Review Cloud Activity → Collect Evidence → Assess Risk → Determine Containment,Escalate for Review,MANUAL REVIEW - Conflicting Evidence,Needs Further Investigation
CASE-1610,Cloud Account Anomaly,1,1,1,0,Chennai,1,1,0,0,0,0,50,MEDIUM,Validate Alert → Check Authentication History → Investigate IP and Location → Review Endpoint Activity → Review Email Activity → Collect Evidence → Assess Risk → Determine Containment,Escalate for Review,Normal Investigation,Benign Activity
CASE-1611,Endpoint Malware,2,0,1,0,Bangalore,0,0,1,1,1,0,25,LOW,Validate Alert → Check Authentication History → Investigate IP and Location → Review Cloud Activity → Collect Evidence → Assess Risk → Determine Containment,Continue Monitoring,BLOCKED - Missing Evidence,Benign Activity
CASE-1612,Cloud Account Anomaly,1,1,0,0,Chennai,0,0,0,0,0,0,10,LOW,Validate Alert → Check Authentication History → Collect Evidence → Assess Risk → Determine Containment,Continue Monitoring,Normal Investigation,Benign Activity
CASE-1613,Endpoint Malware,1,1,1,0,Bangalore,0,0,0,0,0,0,25,LOW,Validate Alert → Check Authentication History → Investigate IP and Location → Collect Evidence → Assess Risk → Determine Containment,Continue Monitoring,Normal Investigation,Benign Activity
CASE-1614,Phishing Email,4,1,1,1,Delhi,0,0,1,1,0,0,55,MEDIUM,Validate Alert → Check Authentication History → Investigate IP and Location → Review Cloud Activity → Collect Evidence → Assess Risk → Determine Containment,Escalate for Review,Normal Investigation,Benign Activity
CASE-1615,Endpoint Malware,1,1,1,1,Chennai,0,0,0,1,0,0,45,MEDIUM,Validate Alert → Check Authentication History → Investigate IP and Location → Collect Evidence → Assess Risk → Determine Containment,Escalate for Review,Normal Investigation,Needs Further Investigation
CASE-1616,Endpoint Malware,2,0,1,1,Chennai,0,0,0,0,0,1,30,MEDIUM,Validate Alert → Check Authentication History → Investigate IP and Location → Collect Evidence → Assess Risk → Determine Containment,Escalate for Review,MANUAL REVIEW - Conflicting Evidence,Needs Further Investigation
CASE-1617,Endpoint Malware,3,1,1,0,Mumbai,0,0,1,0,0,1,35,MEDIUM,Validate Alert → Check Authentication History → Investigate IP and Location → Review Cloud Activity → Collect Evidence → Assess Risk → Determine Containment,Escalate for Review,MANUAL REVIEW - Conflicting Evidence,Needs Further Investigation
CASE-1618,Suspicious Login,0,1,0,1,Mumbai,1,1,1,0,1,1,55,MEDIUM,Validate Alert → Check Authentication History → Investigate IP and Location → Review Endpoint Activity → Review Email Activity → Review Cloud Activity → Collect Evidence → Assess Risk → Determine Containment,Escalate for Review,BLOCKED - Missing Evidence,Benign Activity
CASE-1619,Phishing Email,1,1,0,0,Bangalore,1,0,1,1,0,1,40,MEDIUM,Validate Alert → Check Authentication History → Review Endpoint Activity → Review Cloud Activity → Collect Evidence → Assess Risk → Determine Containment,Escalate for Review,MANUAL REVIEW - Conflicting Evidence,Benign Activity
CASE-1620,Cloud Account Anomaly,1,0,1,0,Delhi,0,0,1,0,0,0,25,LOW,Validate Alert → Check Authentication History → Investigate IP and Location → Review Cloud Activity → Collect Evidence → Assess Risk → Determine Containment,Continue Monitoring,Normal Investigation,Benign Activity
CASE-1621,Phishing Email,1,1,0,0,Bangalore,1,0,0,1,0,0,30,MEDIUM,Validate Alert → Check Authentication History → Review Endpoint Activity → Collect Evidence → Assess Risk → Determine Containment,Escalate for Review,Normal Investigation,Needs Further Investigation
CASE-1622,Suspicious Login,3,0,0,0,Hyderabad,1,0,0,1,1,1,15,LOW,Validate Alert → Check Authentication History → Review Endpoint Activity → Collect Evidence → Assess Risk → Determine Containment,Continue Monitoring,BLOCKED - Missing Evidence,Benign Activity
CASE-1623,Suspicious Login,1,0,1,0,Hyderabad,1,1,0,0,0,0,40,MEDIUM,Validate Alert → Check Authentication History → Investigate IP and Location → Review Endpoint Activity → Review Email Activity → Collect Evidence → Assess Risk → Determine Containment,Escalate for Review,Normal Investigation,Needs Further Investigation
CASE-1624,Phishing Email,2,1,0,1,Delhi,0,1,0,0,0,0,35,MEDIUM,Validate Alert → Check Authentication History → Investigate IP and Location → Review Email Activity → Collect Evidence → Assess Risk → Determine Containment,Escalate for Review,Normal Investigation,Benign Activity
CASE-1625,Phishing Email,3,0,0,1,Bangalore,0,0,0,1,0,0,20,LOW,Validate Alert → Check Authentication History → Investigate IP and Location → Collect Evidence → Assess Risk → Determine Containment,Continue Monitoring,Normal Investigation,Benign Activity
CASE-1626,Suspicious Login,1,1,0,1,Unknown,1,1,1,0,0,1,60,HIGH,Validate Alert → Check Authentication History → Investigate IP and Location → Review Endpoint Activity → Review Email Activity → Review Cloud Activity → Collect Evidence → Assess Risk → Determine Containment,Escalate to Senior Analyst,MANUAL REVIEW - Conflicting Evidence,Confirmed Incident
CASE-1627,Endpoint Malware,2,0,1,1,Chennai,1,1,0,1,1,1,55,MEDIUM,Validate Alert → Check Authentication History → Investigate IP and Location → Review Endpoint Activity → Review Email Activity → Collect Evidence → Assess Risk → Determine Containment,Escalate for Review,BLOCKED - Missing Evidence,Benign Activity
CASE-1628,Phishing Email,3,1,0,0,Bangalore,0,1,1,1,0,1,35,MEDIUM,Validate Alert → Check Authentication History → Review Email Activity → Review Cloud Activity → Collect Evidence → Assess Risk → Determine Containment,Escalate for Review,MANUAL REVIEW - Conflicting Evidence,Benign Activity
CASE-1629,Cloud Account Anomaly,1,1,1,0,Mumbai,1,1,0,0,0,0,50,MEDIUM,Validate Alert → Check Authentication History → Investigate IP and Location → Review Endpoint Activity → Review Email Activity → Collect Evidence → Assess Risk → Determine Containment,Escalate for Review,Normal Investigation,Needs Further Investigation
CASE-1630,Endpoint Malware,2,1,1,1,Delhi,1,0,0,1,0,0,60,HIGH,Validate Alert → Check Authentication History → Investigate IP and Location → Review Endpoint Activity → Collect Evidence → Assess Risk → Determine Containment,Disable Account,Normal Investigation,Confirmed Incident
CASE-1631,Phishing Email,3,0,0,0,Chennai,0,1,0,0,0,0,10,LOW,Validate Alert → Check Authentication History → Review Email Activity → Collect Evidence → Assess Risk → Determine Containment,Continue Monitoring,Normal Investigation,Benign Activity
CASE-1632,Phishing Email,2,1,0,0,Delhi,0,1,1,1,0,0,35,MEDIUM,Validate Alert → Check Authentication History → Review Email Activity → Review Cloud Activity → Collect Evidence → Assess Risk → Determine Containment,Escalate for Review,Normal Investigation,Needs Further Investigation
CASE-1633,Endpoint Malware,0,1,0,1,Hyderabad,0,0,1,1,0,0,40,MEDIUM,Validate Alert → Check Authentication History → Investigate IP and Location → Review Cloud Activity → Collect Evidence → Assess Risk → Determine Containment,Escalate for Review,Normal Investigation,Benign Activity
CASE-1634,Suspicious Login,3,1,0,0,Hyderabad,0,0,0,0,0,0,10,LOW,Validate Alert → Check Authentication History → Collect Evidence → Assess Risk → Determine Containment,Continue Monitoring,Normal Investigation,Benign Activity
CASE-1635,Endpoint Malware,2,0,0,0,Unknown,0,0,0,0,0,0,0,LOW,Validate Alert → Check Authentication History → Collect Evidence → Assess Risk → Determine Containment,Continue Monitoring,Normal Investigation,Benign Activity
CASE-1636,Phishing Email,2,0,1,0,Hyderabad,1,1,1,1,0,0,55,MEDIUM,Validate Alert → Check Authentication History → Investigate IP and Location → Review Endpoint Activity → Review Email Activity → Review Cloud Activity → Collect Evidence → Assess Risk → Determine Containment,Escalate for Review,Normal Investigation,Needs Further Investigation
CASE-1637,Suspicious Login,0,1,1,0,Hyderabad,1,1,1,0,0,0,60,HIGH,Validate Alert → Check Authentication History → Investigate IP and Location → Review Endpoint Activity → Review Email Activity → Review Cloud Activity → Collect Evidence → Assess Risk → Determine Containment,Disable Account,Normal Investigation,Confirmed Incident
CASE-1638,Cloud Account Anomaly,1,1,1,0,Unknown,1,1,1,1,0,0,65,HIGH,Validate Alert → Check Authentication History → Investigate IP and Location → Review Endpoint Activity → Review Email Activity → Review Cloud Activity → Collect Evidence → Assess Risk → Determine Containment,Escalate to Senior Analyst,Normal Investigation,Escalated Incident
CASE-1639,Suspicious Login,0,1,0,0,Bangalore,1,0,0,0,1,0,20,LOW,Validate Alert → Check Authentication History → Review Endpoint Activity → Collect Evidence → Assess Risk → Determine Containment,Continue Monitoring,BLOCKED - Missing Evidence,Benign Activity
CASE-1640,Suspicious Login,1,0,0,0,Mumbai,1,0,0,1,0,1,20,LOW,Validate Alert → Check Authentication History → Review Endpoint Activity → Collect Evidence → Assess Risk → Determine Containment,Continue Monitoring,MANUAL REVIEW - Conflicting Evidence,Benign Activity
CASE-1641,Endpoint Malware,1,0,1,1,Hyderabad,0,0,1,1,0,0,45,MEDIUM,Validate Alert → Check Authentication History → Investigate IP and Location → Review Cloud Activity → Collect Evidence → Assess Risk → Determine Containment,Escalate for Review,Normal Investigation,Benign Activity
CASE-1642,Suspicious Login,2,0,0,0,Chennai,0,0,0,1,1,0,0,LOW,Validate Alert → Check Authentication History → Collect Evidence → Assess Risk → Determine Containment,Continue Monitoring,BLOCKED - Missing Evidence,Benign Activity
CASE-1643,Endpoint Malware,3,0,0,0,Delhi,1,0,0,1,0,1,20,LOW,Validate Alert → Check Authentication History → Review Endpoint Activity → Collect Evidence → Assess Risk → Determine Containment,Continue Monitoring,MANUAL REVIEW - Conflicting Evidence,Benign Activity
CASE-1644,Endpoint Malware,3,0,0,1,Hyderabad,0,1,0,1,0,1,30,MEDIUM,Validate Alert → Check Authentication History → Investigate IP and Location → Review Email Activity → Collect Evidence → Assess Risk → Determine Containment,Escalate for Review,MANUAL REVIEW - Conflicting Evidence,Needs Further Investigation
CASE-1645,Suspicious Login,2,1,0,1,Unknown,0,0,0,1,1,1,25,LOW,Validate Alert → Check Authentication History → Investigate IP and Location → Collect Evidence → Assess Risk → Determine Containment,Continue Monitoring,BLOCKED - Missing Evidence,Benign Activity
CASE-1646,Cloud Account Anomaly,2,0,1,1,Bangalore,0,0,0,0,1,1,25,LOW,Validate Alert → Check Authentication History → Investigate IP and Location → Collect Evidence → Assess Risk → Determine Containment,Continue Monitoring,BLOCKED - Missing Evidence,Benign Activity
CASE-1647,Endpoint Malware,4,1,1,0,Bangalore,1,0,1,0,1,0,45,MEDIUM,Validate Alert → Check Authentication History → Investigate IP and Location → Review Endpoint Activity → Review Cloud Activity → Collect Evidence → Assess Risk → Determine Containment,Escalate for Review,BLOCKED - Missing Evidence,Needs Further Investigation
CASE-1648,Cloud Account Anomaly,1,1,0,0,Unknown,0,0,0,0,0,0,10,LOW,Validate Alert → Check Authentication History → Collect Evidence → Assess Risk → Determine Containment,Continue Monitoring,Normal Investigation,Benign Activity
CASE-1649,Endpoint Malware,3,0,0,1,Delhi,0,1,0,1,0,1,30,MEDIUM,Validate Alert → Check Authentication History → Investigate IP and Location → Review Email Activity → Collect Evidence → Assess Risk → Determine Containment,Escalate for Review,MANUAL REVIEW - Conflicting Evidence,Needs Further Investigation
CASE-1650,Cloud Account Anomaly,3,1,1,0,Unknown,0,1,1,0,0,1,45,MEDIUM,Validate Alert → Check Authentication History → Investigate IP and Location → Review Email Activity → Review Cloud Activity → Collect Evidence → Assess Risk → Determine Containment,Escalate for Review,MANUAL REVIEW - Conflicting Evidence,Needs Further Investigation
CASE-1651,Phishing Email,4,0,0,0,Mumbai,1,1,1,0,1,1,30,MEDIUM,Validate Alert → Check Authentication History → Review Endpoint Activity → Review Email Activity → Review Cloud Activity → Collect Evidence → Assess Risk → Determine Containment,Escalate for Review,BLOCKED - Missing Evidence,Needs Further Investigation
CASE-1652,Cloud Account Anomaly,2,0,1,1,Unknown,1,0,0,0,1,0,40,MEDIUM,Validate Alert → Check Authentication History → Investigate IP and Location → Review Endpoint Activity → Collect Evidence → Assess Risk → Determine Containment,Escalate for Review,BLOCKED - Missing Evidence,Benign Activity
CASE-1653,Cloud Account Anomaly,4,1,0,1,Mumbai,0,0,1,1,0,0,40,MEDIUM,Validate Alert → Check Authentication History → Investigate IP and Location → Review Cloud Activity → Collect Evidence → Assess Risk → Determine Containment,Escalate for Review,Normal Investigation,Needs Further Investigation
CASE-1654,Phishing Email,3,0,1,1,Unknown,0,1,1,0,0,0,50,MEDIUM,Validate Alert → Check Authentication History → Investigate IP and Location → Review Email Activity → Review Cloud Activity → Collect Evidence → Assess Risk → Determine Containment,Escalate for Review,Normal Investigation,Benign Activity
CASE-1655,Cloud Account Anomaly,2,0,1,1,Hyderabad,1,0,1,1,1,0,55,MEDIUM,Validate Alert → Check Authentication History → Investigate IP and Location → Review Endpoint Activity → Review Cloud Activity → Collect Evidence → Assess Risk → Determine Containment,Escalate for Review,BLOCKED - Missing Evidence,Needs Further Investigation
CASE-1656,Cloud Account Anomaly,3,1,1,1,Chennai,1,1,1,1,0,1,80,HIGH,Validate Alert → Check Authentication History → Investigate IP and Location → Review Endpoint Activity → Review Email Activity → Review Cloud Activity → Collect Evidence → Assess Risk → Determine Containment,Isolate Endpoint,MANUAL REVIEW - Conflicting Evidence,Escalated Incident
CASE-1657,Cloud Account Anomaly,2,1,0,1,Hyderabad,1,1,0,1,0,0,55,MEDIUM,Validate Alert → Check Authentication History → Investigate IP and Location → Review Endpoint Activity → Review Email Activity → Collect Evidence → Assess Risk → Determine Containment,Escalate for Review,Normal Investigation,Benign Activity
CASE-1658,Suspicious Login,2,1,1,1,Chennai,0,0,1,0,0,0,50,MEDIUM,Validate Alert → Check Authentication History → Investigate IP and Location → Review Cloud Activity → Collect Evidence → Assess Risk → Determine Containment,Escalate for Review,Normal Investigation,Needs Further Investigation
CASE-1659,Endpoint Malware,4,1,0,1,Mumbai,0,1,1,1,0,0,50,MEDIUM,Validate Alert → Check Authentication History → Investigate IP and Location → Review Email Activity → Review Cloud Activity → Collect Evidence → Assess Risk → Determine Containment,Escalate for Review,Normal Investigation,Needs Further Investigation
CASE-1660,Phishing Email,4,1,0,0,Unknown,0,0,0,1,1,0,10,LOW,Validate Alert → Check Authentication History → Collect Evidence → Assess Risk → Determine Containment,Continue Monitoring,BLOCKED - Missing Evidence,Benign Activity
CASE-1661,Endpoint Malware,1,1,1,0,Chennai,1,1,0,0,0,0,50,MEDIUM,Validate Alert → Check Authentication History → Investigate IP and Location → Review Endpoint Activity → Review Email Activity → Collect Evidence → Assess Risk → Determine Containment,Escalate for Review,Normal Investigation,Benign Activity
CASE-1662,Suspicious Login,1,0,0,0,Chennai,1,1,1,0,0,1,35,MEDIUM,Validate Alert → Check Authentication History → Review Endpoint Activity → Review Email Activity → Review Cloud Activity → Collect Evidence → Assess Risk → Determine Containment,Escalate for Review,MANUAL REVIEW - Conflicting Evidence,Needs Further Investigation
CASE-1663,Phishing Email,0,1,1,0,Hyderabad,1,0,1,1,1,0,50,MEDIUM,Validate Alert → Check Authentication History → Investigate IP and Location → Review Endpoint Activity → Review Cloud Activity → Collect Evidence → Assess Risk → Determine Containment,Escalate for Review,BLOCKED - Missing Evidence,Needs Further Investigation
CASE-1664,Cloud Account Anomaly,3,0,0,1,Bangalore,0,1,0,0,0,1,25,LOW,Validate Alert → Check Authentication History → Investigate IP and Location → Review Email Activity → Collect Evidence → Assess Risk → Determine Containment,Continue Monitoring,MANUAL REVIEW - Conflicting Evidence,Benign Activity
CASE-1665,Cloud Account Anomaly,1,1,0,0,Delhi,0,1,1,1,0,0,35,MEDIUM,Validate Alert → Check Authentication History → Review Email Activity → Review Cloud Activity → Collect Evidence → Assess Risk → Determine Containment,Escalate for Review,Normal Investigation,Needs Further Investigation
CASE-1666,Cloud Account Anomaly,6,1,1,1,Chennai,1,1,0,1,0,0,90,HIGH,Validate Alert → Check Authentication History → Investigate IP and Location → Review Endpoint Activity → Review Email Activity → Collect Evidence → Assess Risk → Determine Containment,Isolate Endpoint,Normal Investigation,Confirmed Incident
CASE-1667,Phishing Email,1,1,1,1,Mumbai,0,1,1,0,0,0,60,HIGH,Validate Alert → Check Authentication History → Investigate IP and Location → Review Email Activity → Review Cloud Activity → Collect Evidence → Assess Risk → Determine Containment,Isolate Endpoint,Normal Investigation,Confirmed Incident
CASE-1668,Endpoint Malware,1,0,1,1,Hyderabad,0,1,1,1,1,0,50,MEDIUM,Validate Alert → Check Authentication History → Investigate IP and Location → Review Email Activity → Review Cloud Activity → Collect Evidence → Assess Risk → Determine Containment,Escalate for Review,BLOCKED - Missing Evidence,Benign Activity
CASE-1669,Phishing Email,3,1,1,0,Mumbai,1,1,0,0,0,1,50,MEDIUM,Validate Alert → Check Authentication History → Investigate IP and Location → Review Endpoint Activity → Review Email Activity → Collect Evidence → Assess Risk → Determine Containment,Escalate for Review,MANUAL REVIEW - Conflicting Evidence,Needs Further Investigation
CASE-1670,Suspicious Login,3,1,0,0,Chennai,1,1,1,0,0,0,45,MEDIUM,Validate Alert → Check Authentication History → Review Endpoint Activity → Review Email Activity → Review Cloud Activity → Collect Evidence → Assess Risk → Determine Containment,Escalate for Review,Normal Investigation,Needs Further Investigation
CASE-1671,Endpoint Malware,0,1,0,0,Delhi,0,0,1,0,0,1,20,LOW,Validate Alert → Check Authentication History → Review Cloud Activity → Collect Evidence → Assess Risk → Determine Containment,Continue Monitoring,MANUAL REVIEW - Conflicting Evidence,Benign Activity
CASE-1672,Cloud Account Anomaly,2,0,1,1,Hyderabad,0,1,1,1,0,0,55,MEDIUM,Validate Alert → Check Authentication History → Investigate IP and Location → Review Email Activity → Review Cloud Activity → Collect Evidence → Assess Risk → Determine Containment,Escalate for Review,Normal Investigation,Needs Further Investigation
CASE-1673,Phishing Email,1,0,1,0,Hyderabad,1,0,1,0,0,0,40,MEDIUM,Validate Alert → Check Authentication History → Investigate IP and Location → Review Endpoint Activity → Review Cloud Activity → Collect Evidence → Assess Risk → Determine Containment,Escalate for Review,Normal Investigation,Benign Activity
CASE-1674,Suspicious Login,3,1,0,0,Mumbai,1,0,0,1,0,1,30,MEDIUM,Validate Alert → Check Authentication History → Review Endpoint Activity → Collect Evidence → Assess Risk → Determine Containment,Escalate for Review,MANUAL REVIEW - Conflicting Evidence,Needs Further Investigation
CASE-1675,Cloud Account Anomaly,1,1,1,1,Hyderabad,1,0,1,0,0,0,65,HIGH,Validate Alert → Check Authentication History → Investigate IP and Location → Review Endpoint Activity → Review Cloud Activity → Collect Evidence → Assess Risk → Determine Containment,Disable Account,Normal Investigation,Escalated Incident
CASE-1676,Phishing Email,3,0,1,0,Chennai,1,1,1,0,0,0,50,MEDIUM,Validate Alert → Check Authentication History → Investigate IP and Location → Review Endpoint Activity → Review Email Activity → Review Cloud Activity → Collect Evidence → Assess Risk → Determine Containment,Escalate for Review,Normal Investigation,Needs Further Investigation
CASE-1677,Phishing Email,5,0,1,0,Unknown,0,0,0,0,1,0,30,MEDIUM,Validate Alert → Check Authentication History → Investigate IP and Location → Collect Evidence → Assess Risk → Determine Containment,Escalate for Review,BLOCKED - Missing Evidence,Needs Further Investigation
CASE-1678,Endpoint Malware,0,0,0,1,Delhi,0,1,0,0,0,0,25,LOW,Validate Alert → Check Authentication History → Investigate IP and Location → Review Email Activity → Collect Evidence → Assess Risk → Determine Containment,Continue Monitoring,Normal Investigation,Benign Activity
CASE-1679,Cloud Account Anomaly,1,0,0,1,Delhi,1,0,1,0,0,0,40,MEDIUM,Validate Alert → Check Authentication History → Investigate IP and Location → Review Endpoint Activity → Review Cloud Activity → Collect Evidence → Assess Risk → Determine Containment,Escalate for Review,Normal Investigation,Needs Further Investigation
CASE-1680,Phishing Email,2,1,1,0,Mumbai,1,0,1,0,0,1,50,MEDIUM,Validate Alert → Check Authentication History → Investigate IP and Location → Review Endpoint Activity → Review Cloud Activity → Collect Evidence → Assess Risk → Determine Containment,Escalate for Review,MANUAL REVIEW - Conflicting Evidence,Needs Further Investigation
CASE-1681,Cloud Account Anomaly,1,1,0,1,Bangalore,1,1,1,0,1,0,55,MEDIUM,Validate Alert → Check Authentication History → Investigate IP and Location → Review Endpoint Activity → Review Email Activity → Review Cloud Activity → Collect Evidence → Assess Risk → Determine Containment,Escalate for Review,BLOCKED - Missing Evidence,Benign Activity
CASE-1682,Cloud Account Anomaly,5,0,1,0,Mumbai,0,1,0,1,1,1,45,MEDIUM,Validate Alert → Check Authentication History → Investigate IP and Location → Review Email Activity → Collect Evidence → Assess Risk → Determine Containment,Escalate for Review,BLOCKED - Missing Evidence,Benign Activity
CASE-1683,Phishing Email,1,0,0,0,Chennai,0,0,1,1,0,1,15,LOW,Validate Alert → Check Authentication History → Review Cloud Activity → Collect Evidence → Assess Risk → Determine Containment,Continue Monitoring,MANUAL REVIEW - Conflicting Evidence,Benign Activity
CASE-1684,Endpoint Malware,3,1,0,0,Delhi,0,1,1,1,0,1,35,MEDIUM,Validate Alert → Check Authentication History → Review Email Activity → Review Cloud Activity → Collect Evidence → Assess Risk → Determine Containment,Escalate for Review,MANUAL REVIEW - Conflicting Evidence,Benign Activity
CASE-1685,Phishing Email,2,1,1,1,Hyderabad,1,0,1,1,0,1,70,HIGH,Validate Alert → Check Authentication History → Investigate IP and Location → Review Endpoint Activity → Review Cloud Activity → Collect Evidence → Assess Risk → Determine Containment,Escalate to Senior Analyst,MANUAL REVIEW - Conflicting Evidence,Escalated Incident
CASE-1686,Endpoint Malware,2,0,0,0,Mumbai,0,0,1,1,0,0,15,LOW,Validate Alert → Check Authentication History → Review Cloud Activity → Collect Evidence → Assess Risk → Determine Containment,Continue Monitoring,Normal Investigation,Benign Activity
CASE-1687,Endpoint Malware,0,1,0,1,Bangalore,0,1,1,1,0,0,50,MEDIUM,Validate Alert → Check Authentication History → Investigate IP and Location → Review Email Activity → Review Cloud Activity → Collect Evidence → Assess Risk → Determine Containment,Escalate for Review,Normal Investigation,Benign Activity
CASE-1688,Cloud Account Anomaly,2,1,0,1,Hyderabad,0,0,0,0,0,0,25,LOW,Validate Alert → Check Authentication History → Investigate IP and Location → Collect Evidence → Assess Risk → Determine Containment,Continue Monitoring,Normal Investigation,Benign Activity
CASE-1689,Phishing Email,2,1,0,0,Chennai,0,1,0,1,0,1,25,LOW,Validate Alert → Check Authentication History → Review Email Activity → Collect Evidence → Assess Risk → Determine Containment,Continue Monitoring,MANUAL REVIEW - Conflicting Evidence,Benign Activity
CASE-1690,Suspicious Login,4,0,0,1,Delhi,1,0,1,1,0,1,45,MEDIUM,Validate Alert → Check Authentication History → Investigate IP and Location → Review Endpoint Activity → Review Cloud Activity → Collect Evidence → Assess Risk → Determine Containment,Escalate for Review,MANUAL REVIEW - Conflicting Evidence,Benign Activity
CASE-1691,Endpoint Malware,0,0,1,0,Unknown,1,0,1,0,0,0,40,MEDIUM,Validate Alert → Check Authentication History → Investigate IP and Location → Review Endpoint Activity → Review Cloud Activity → Collect Evidence → Assess Risk → Determine Containment,Escalate for Review,Normal Investigation,Needs Further Investigation
CASE-1692,Cloud Account Anomaly,3,0,0,0,Delhi,0,0,0,0,0,1,0,LOW,Validate Alert → Check Authentication History → Collect Evidence → Assess Risk → Determine Containment,Continue Monitoring,MANUAL REVIEW - Conflicting Evidence,Benign Activity
CASE-1693,Phishing Email,3,0,1,1,Hyderabad,0,0,1,0,0,1,40,MEDIUM,Validate Alert → Check Authentication History → Investigate IP and Location → Review Cloud Activity → Collect Evidence → Assess Risk → Determine Containment,Escalate for Review,MANUAL REVIEW - Conflicting Evidence,Benign Activity
CASE-1694,Suspicious Login,3,0,0,1,Bangalore,1,0,0,1,0,1,35,MEDIUM,Validate Alert → Check Authentication History → Investigate IP and Location → Review Endpoint Activity → Collect Evidence → Assess Risk → Determine Containment,Escalate for Review,MANUAL REVIEW - Conflicting Evidence,Benign Activity
CASE-1695,Cloud Account Anomaly,2,0,1,1,Unknown,0,1,1,0,1,0,45,MEDIUM,Validate Alert → Check Authentication History → Investigate IP and Location → Review Email Activity → Review Cloud Activity → Collect Evidence → Assess Risk → Determine Containment,Escalate for Review,BLOCKED - Missing Evidence,Needs Further Investigation
CASE-1696,Phishing Email,0,1,0,0,Mumbai,1,0,0,0,0,1,25,LOW,Validate Alert → Check Authentication History → Review Endpoint Activity → Collect Evidence → Assess Risk → Determine Containment,Continue Monitoring,MANUAL REVIEW - Conflicting Evidence,Benign Activity
CASE-1697,Cloud Account Anomaly,2,0,1,1,Hyderabad,1,0,0,1,1,0,45,MEDIUM,Validate Alert → Check Authentication History → Investigate IP and Location → Review Endpoint Activity → Collect Evidence → Assess Risk → Determine Containment,Escalate for Review,BLOCKED - Missing Evidence,Needs Further Investigation
CASE-1698,Cloud Account Anomaly,2,0,1,1,Unknown,0,0,1,1,0,0,45,MEDIUM,Validate Alert → Check Authentication History → Investigate IP and Location → Review Cloud Activity → Collect Evidence → Assess Risk → Determine Containment,Escalate for Review,Normal Investigation,Needs Further Investigation
CASE-1699,Endpoint Malware,1,0,1,1,Delhi,0,1,0,0,1,1,35,MEDIUM,Validate Alert → Check Authentication History → Investigate IP and Location → Review Email Activity → Collect Evidence → Assess Risk → Determine Containment,Escalate for Review,BLOCKED - Missing Evidence,Benign Activity
CASE-1700,Suspicious Login,0,1,0,1,Chennai,0,0,1,1,0,0,40,MEDIUM,Validate Alert → Check Authentication History → Investigate IP and Location → Review Cloud Activity → Collect Evidence → Assess Risk → Determine Containment,Escalate for Review,Normal Investigation,Benign Activity
CASE-1701,Suspicious Login,0,0,1,1,Chennai,0,1,1,1,0,0,55,MEDIUM,Validate Alert → Check Authentication History → Investigate IP and Location → Review Email Activity → Review Cloud Activity → Collect Evidence → Assess Risk → Determine Containment,Escalate for Review,Normal Investigation,Benign Activity
CASE-1702,Suspicious Login,1,0,0,0,Delhi,1,0,0,1,0,0,20,LOW,Validate Alert → Check Authentication History → Review Endpoint Activity → Collect Evidence → Assess Risk → Determine Containment,Continue Monitoring,Normal Investigation,Benign Activity
CASE-1703,Endpoint Malware,0,1,0,0,Hyderabad,1,1,1,1,0,1,50,MEDIUM,Validate Alert → Check Authentication History → Review Endpoint Activity → Review Email Activity → Review Cloud Activity → Collect Evidence → Assess Risk → Determine Containment,Escalate for Review,MANUAL REVIEW - Conflicting Evidence,Needs Further Investigation
CASE-1704,Phishing Email,2,0,0,1,Hyderabad,0,1,1,1,0,1,40,MEDIUM,Validate Alert → Check Authentication History → Investigate IP and Location → Review Email Activity → Review Cloud Activity → Collect Evidence → Assess Risk → Determine Containment,Escalate for Review,MANUAL REVIEW - Conflicting Evidence,Needs Further Investigation
CASE-1705,Endpoint Malware,1,0,1,1,Bangalore,1,1,1,0,0,0,65,HIGH,Validate Alert → Check Authentication History → Investigate IP and Location → Review Endpoint Activity → Review Email Activity → Review Cloud Activity → Collect Evidence → Assess Risk → Determine Containment,Escalate to Senior Analyst,Normal Investigation,Escalated Incident
CASE-1706,Cloud Account Anomaly,3,0,1,1,Unknown,0,0,1,0,0,0,40,MEDIUM,Validate Alert → Check Authentication History → Investigate IP and Location → Review Cloud Activity → Collect Evidence → Assess Risk → Determine Containment,Escalate for Review,Normal Investigation,Benign Activity
CASE-1707,Suspicious Login,1,0,1,0,Unknown,0,1,0,1,1,1,25,LOW,Validate Alert → Check Authentication History → Investigate IP and Location → Review Email Activity → Collect Evidence → Assess Risk → Determine Containment,Continue Monitoring,BLOCKED - Missing Evidence,Benign Activity
CASE-1708,Phishing Email,1,0,0,0,Bangalore,1,1,1,1,0,0,40,MEDIUM,Validate Alert → Check Authentication History → Review Endpoint Activity → Review Email Activity → Review Cloud Activity → Collect Evidence → Assess Risk → Determine Containment,Escalate for Review,Normal Investigation,Needs Further Investigation
CASE-1709,Suspicious Login,6,0,0,1,Mumbai,0,1,0,0,0,0,45,MEDIUM,Validate Alert → Check Authentication History → Investigate IP and Location → Review Email Activity → Collect Evidence → Assess Risk → Determine Containment,Escalate for Review,Normal Investigation,Needs Further Investigation
CASE-1710,Phishing Email,3,0,0,1,Unknown,0,0,0,0,0,1,15,LOW,Validate Alert → Check Authentication History → Investigate IP and Location → Collect Evidence → Assess Risk → Determine Containment,Continue Monitoring,MANUAL REVIEW - Conflicting Evidence,Benign Activity
CASE-1711,Phishing Email,1,1,1,0,Unknown,0,1,1,0,0,0,45,MEDIUM,Validate Alert → Check Authentication History → Investigate IP and Location → Review Email Activity → Review Cloud Activity → Collect Evidence → Assess Risk → Determine Containment,Escalate for Review,Normal Investigation,Benign Activity
CASE-1712,Phishing Email,1,0,0,0,Delhi,1,1,0,0,0,1,25,LOW,Validate Alert → Check Authentication History → Review Endpoint Activity → Review Email Activity → Collect Evidence → Assess Risk → Determine Containment,Continue Monitoring,MANUAL REVIEW - Conflicting Evidence,Benign Activity
CASE-1713,Phishing Email,4,0,0,0,Mumbai,1,1,0,1,0,1,30,MEDIUM,Validate Alert → Check Authentication History → Review Endpoint Activity → Review Email Activity → Collect Evidence → Assess Risk → Determine Containment,Escalate for Review,MANUAL REVIEW - Conflicting Evidence,Benign Activity
CASE-1714,Cloud Account Anomaly,3,0,0,0,Chennai,1,0,1,1,0,0,30,MEDIUM,Validate Alert → Check Authentication History → Review Endpoint Activity → Review Cloud Activity → Collect Evidence → Assess Risk → Determine Containment,Escalate for Review,Normal Investigation,Benign Activity
CASE-1715,Phishing Email,0,0,0,1,Delhi,0,0,0,0,0,0,15,LOW,Validate Alert → Check Authentication History → Investigate IP and Location → Collect Evidence → Assess Risk → Determine Containment,Continue Monitoring,Normal Investigation,Benign Activity
CASE-1716,Cloud Account Anomaly,0,0,1,0,Unknown,0,1,0,0,1,0,20,LOW,Validate Alert → Check Authentication History → Investigate IP and Location → Review Email Activity → Collect Evidence → Assess Risk → Determine Containment,Continue Monitoring,BLOCKED - Missing Evidence,Benign Activity
CASE-1717,Endpoint Malware,3,0,0,0,Bangalore,0,1,0,1,1,1,10,LOW,Validate Alert → Check Authentication History → Review Email Activity → Collect Evidence → Assess Risk → Determine Containment,Continue Monitoring,BLOCKED - Missing Evidence,Benign Activity
CASE-1718,Suspicious Login,3,1,0,1,Chennai,0,0,1,1,1,1,35,MEDIUM,Validate Alert → Check Authentication History → Investigate IP and Location → Review Cloud Activity → Collect Evidence → Assess Risk → Determine Containment,Escalate for Review,BLOCKED - Missing Evidence,Benign Activity
CASE-1719,Suspicious Login,4,0,1,0,Hyderabad,0,1,0,0,1,0,20,LOW,Validate Alert → Check Authentication History → Investigate IP and Location → Review Email Activity → Collect Evidence → Assess Risk → Determine Containment,Continue Monitoring,BLOCKED - Missing Evidence,Benign Activity
CASE-1720,Cloud Account Anomaly,2,0,0,0,Hyderabad,1,0,0,0,0,0,15,LOW,Validate Alert → Check Authentication History → Review Endpoint Activity → Collect Evidence → Assess Risk → Determine Containment,Continue Monitoring,Normal Investigation,Benign Activity
CASE-1721,Cloud Account Anomaly,1,0,1,0,Mumbai,1,1,0,0,0,0,40,MEDIUM,Validate Alert → Check Authentication History → Investigate IP and Location → Review Endpoint Activity → Review Email Activity → Collect Evidence → Assess Risk → Determine Containment,Escalate for Review,Normal Investigation,Benign Activity
CASE-1722,Phishing Email,4,1,0,1,Mumbai,0,0,0,1,0,0,30,MEDIUM,Validate Alert → Check Authentication History → Investigate IP and Location → Collect Evidence → Assess Risk → Determine Containment,Escalate for Review,Normal Investigation,Benign Activity
CASE-1723,Endpoint Malware,2,1,0,0,Chennai,0,1,1,0,0,0,30,MEDIUM,Validate Alert → Check Authentication History → Review Email Activity → Review Cloud Activity → Collect Evidence → Assess Risk → Determine Containment,Escalate for Review,Normal Investigation,Needs Further Investigation
CASE-1724,Cloud Account Anomaly,1,0,0,1,Unknown,0,0,1,0,0,1,25,LOW,Validate Alert → Check Authentication History → Investigate IP and Location → Review Cloud Activity → Collect Evidence → Assess Risk → Determine Containment,Continue Monitoring,MANUAL REVIEW - Conflicting Evidence,Benign Activity
CASE-1725,Suspicious Login,2,1,1,1,Unknown,1,0,1,0,0,1,65,HIGH,Validate Alert → Check Authentication History → Investigate IP and Location → Review Endpoint Activity → Review Cloud Activity → Collect Evidence → Assess Risk → Determine Containment,Isolate Endpoint,MANUAL REVIEW - Conflicting Evidence,Escalated Incident
CASE-1726,Phishing Email,2,1,0,0,Mumbai,0,1,1,0,1,1,25,LOW,Validate Alert → Check Authentication History → Review Email Activity → Review Cloud Activity → Collect Evidence → Assess Risk → Determine Containment,Continue Monitoring,BLOCKED - Missing Evidence,Benign Activity
CASE-1727,Suspicious Login,2,0,1,1,Hyderabad,1,1,0,1,0,0,60,HIGH,Validate Alert → Check Authentication History → Investigate IP and Location → Review Endpoint Activity → Review Email Activity → Collect Evidence → Assess Risk → Determine Containment,Isolate Endpoint,Normal Investigation,Confirmed Incident
CASE-1728,Suspicious Login,1,1,0,0,Hyderabad,1,1,1,1,0,0,50,MEDIUM,Validate Alert → Check Authentication History → Review Endpoint Activity → Review Email Activity → Review Cloud Activity → Collect Evidence → Assess Risk → Determine Containment,Escalate for Review,Normal Investigation,Benign Activity
CASE-1729,Cloud Account Anomaly,0,0,0,1,Chennai,1,0,0,1,0,0,35,MEDIUM,Validate Alert → Check Authentication History → Investigate IP and Location → Review Endpoint Activity → Collect Evidence → Assess Risk → Determine Containment,Escalate for Review,Normal Investigation,Benign Activity
CASE-1730,Endpoint Malware,3,1,0,0,Chennai,0,1,1,0,0,0,30,MEDIUM,Validate Alert → Check Authentication History → Review Email Activity → Review Cloud Activity → Collect Evidence → Assess Risk → Determine Containment,Escalate for Review,Normal Investigation,Benign Activity
CASE-1731,Suspicious Login,4,1,0,1,Hyderabad,0,0,1,0,0,1,35,MEDIUM,Validate Alert → Check Authentication History → Investigate IP and Location → Review Cloud Activity → Collect Evidence → Assess Risk → Determine Containment,Escalate for Review,MANUAL REVIEW - Conflicting Evidence,Benign Activity
CASE-1732,Cloud Account Anomaly,6,1,1,0,Bangalore,0,0,0,1,0,0,50,MEDIUM,Validate Alert → Check Authentication History → Investigate IP and Location → Collect Evidence → Assess Risk → Determine Containment,Escalate for Review,Normal Investigation,Benign Activity
CASE-1733,Endpoint Malware,4,0,0,0,Mumbai,0,0,1,0,0,0,10,LOW,Validate Alert → Check Authentication History → Review Cloud Activity → Collect Evidence → Assess Risk → Determine Containment,Continue Monitoring,Normal Investigation,Benign Activity
CASE-1734,Suspicious Login,2,0,0,0,Unknown,0,0,0,1,0,0,5,LOW,Validate Alert → Check Authentication History → Collect Evidence → Assess Risk → Determine Containment,Continue Monitoring,Normal Investigation,Benign Activity
CASE-1735,Cloud Account Anomaly,1,1,0,0,Delhi,0,0,0,0,0,0,10,LOW,Validate Alert → Check Authentication History → Collect Evidence → Assess Risk → Determine Containment,Continue Monitoring,Normal Investigation,Benign Activity
CASE-1736,Suspicious Login,4,0,0,1,Unknown,0,0,0,1,0,0,20,LOW,Validate Alert → Check Authentication History → Investigate IP and Location → Collect Evidence → Assess Risk → Determine Containment,Continue Monitoring,Normal Investigation,Benign Activity
CASE-1737,Cloud Account Anomaly,2,0,1,0,Bangalore,1,1,0,1,1,0,40,MEDIUM,Validate Alert → Check Authentication History → Investigate IP and Location → Review Endpoint Activity → Review Email Activity → Collect Evidence → Assess Risk → Determine Containment,Escalate for Review,BLOCKED - Missing Evidence,Benign Activity
CASE-1738,Suspicious Login,3,0,0,1,Bangalore,0,0,1,0,0,1,25,LOW,Validate Alert → Check Authentication History → Investigate IP and Location → Review Cloud Activity → Collect Evidence → Assess Risk → Determine Containment,Continue Monitoring,MANUAL REVIEW - Conflicting Evidence,Benign Activity
CASE-1739,Cloud Account Anomaly,2,0,0,0,Hyderabad,1,0,1,1,0,1,30,MEDIUM,Validate Alert → Check Authentication History → Review Endpoint Activity → Review Cloud Activity → Collect Evidence → Assess Risk → Determine Containment,Escalate for Review,MANUAL REVIEW - Conflicting Evidence,Needs Further Investigation
CASE-1740,Phishing Email,3,0,0,0,Bangalore,1,0,0,1,0,0,20,LOW,Validate Alert → Check Authentication History → Review Endpoint Activity → Collect Evidence → Assess Risk → Determine Containment,Continue Monitoring,Normal Investigation,Benign Activity
CASE-1741,Phishing Email,0,1,1,0,Delhi,1,1,1,1,0,1,65,HIGH,Validate Alert → Check Authentication History → Investigate IP and Location → Review Endpoint Activity → Review Email Activity → Review Cloud Activity → Collect Evidence → Assess Risk → Determine Containment,Escalate to Senior Analyst,MANUAL REVIEW - Conflicting Evidence,Escalated Incident
CASE-1742,Cloud Account Anomaly,2,1,0,0,Unknown,0,0,0,1,0,0,15,LOW,Validate Alert → Check Authentication History → Collect Evidence → Assess Risk → Determine Containment,Continue Monitoring,Normal Investigation,Benign Activity
CASE-1743,Suspicious Login,2,0,0,0,Chennai,1,1,0,0,1,0,20,LOW,Validate Alert → Check Authentication History → Review Endpoint Activity → Review Email Activity → Collect Evidence → Assess Risk → Determine Containment,Continue Monitoring,BLOCKED - Missing Evidence,Benign Activity
CASE-1744,Phishing Email,2,0,1,1,Delhi,1,0,1,0,0,1,55,MEDIUM,Validate Alert → Check Authentication History → Investigate IP and Location → Review Endpoint Activity → Review Cloud Activity → Collect Evidence → Assess Risk → Determine Containment,Escalate for Review,MANUAL REVIEW - Conflicting Evidence,Needs Further Investigation
CASE-1745,Phishing Email,3,0,0,1,Hyderabad,1,0,0,1,0,0,35,MEDIUM,Validate Alert → Check Authentication History → Investigate IP and Location → Review Endpoint Activity → Collect Evidence → Assess Risk → Determine Containment,Escalate for Review,Normal Investigation,Needs Further Investigation
CASE-1746,Endpoint Malware,2,1,0,0,Mumbai,1,0,0,1,0,1,30,MEDIUM,Validate Alert → Check Authentication History → Review Endpoint Activity → Collect Evidence → Assess Risk → Determine Containment,Escalate for Review,MANUAL REVIEW - Conflicting Evidence,Needs Further Investigation
CASE-1747,Cloud Account Anomaly,2,0,0,0,Delhi,1,0,0,0,0,0,15,LOW,Validate Alert → Check Authentication History → Review Endpoint Activity → Collect Evidence → Assess Risk → Determine Containment,Continue Monitoring,Normal Investigation,Benign Activity
CASE-1748,Suspicious Login,3,0,0,0,Unknown,0,0,1,0,0,0,10,LOW,Validate Alert → Check Authentication History → Review Cloud Activity → Collect Evidence → Assess Risk → Determine Containment,Continue Monitoring,Normal Investigation,Benign Activity
CASE-1749,Endpoint Malware,5,0,0,1,Hyderabad,0,1,0,0,0,1,45,MEDIUM,Validate Alert → Check Authentication History → Investigate IP and Location → Review Email Activity → Collect Evidence → Assess Risk → Determine Containment,Escalate for Review,MANUAL REVIEW - Conflicting Evidence,Benign Activity
CASE-1750,Phishing Email,3,0,1,1,Mumbai,1,1,0,1,0,0,60,HIGH,Validate Alert → Check Authentication History → Investigate IP and Location → Review Endpoint Activity → Review Email Activity → Collect Evidence → Assess Risk → Determine Containment,Escalate to Senior Analyst,Normal Investigation,Confirmed Incident
CASE-1751,Endpoint Malware,0,0,1,1,Mumbai,0,1,1,0,0,1,50,MEDIUM,Validate Alert → Check Authentication History → Investigate IP and Location → Review Email Activity → Review Cloud Activity → Collect Evidence → Assess Risk → Determine Containment,Escalate for Review,MANUAL REVIEW - Conflicting Evidence,Needs Further Investigation
CASE-1752,Endpoint Malware,2,0,1,1,Hyderabad,0,1,1,0,0,0,50,MEDIUM,Validate Alert → Check Authentication History → Investigate IP and Location → Review Email Activity → Review Cloud Activity → Collect Evidence → Assess Risk → Determine Containment,Escalate for Review,Normal Investigation,Benign Activity
CASE-1753,Cloud Account Anomaly,3,0,1,1,Delhi,0,0,1,0,0,0,40,MEDIUM,Validate Alert → Check Authentication History → Investigate IP and Location → Review Cloud Activity → Collect Evidence → Assess Risk → Determine Containment,Escalate for Review,Normal Investigation,Needs Further Investigation
CASE-1754,Cloud Account Anomaly,2,0,1,1,Delhi,1,1,1,0,0,0,65,HIGH,Validate Alert → Check Authentication History → Investigate IP and Location → Review Endpoint Activity → Review Email Activity → Review Cloud Activity → Collect Evidence → Assess Risk → Determine Containment,Isolate Endpoint,Normal Investigation,Escalated Incident
CASE-1755,Cloud Account Anomaly,3,1,1,1,Chennai,1,0,0,0,0,0,55,MEDIUM,Validate Alert → Check Authentication History → Investigate IP and Location → Review Endpoint Activity → Collect Evidence → Assess Risk → Determine Containment,Escalate for Review,Normal Investigation,Needs Further Investigation
CASE-1756,Cloud Account Anomaly,2,0,1,1,Mumbai,1,0,0,0,0,0,45,MEDIUM,Validate Alert → Check Authentication History → Investigate IP and Location → Review Endpoint Activity → Collect Evidence → Assess Risk → Determine Containment,Escalate for Review,Normal Investigation,Needs Further Investigation
CASE-1757,Suspicious Login,0,1,1,1,Mumbai,0,0,0,0,0,1,40,MEDIUM,Validate Alert → Check Authentication History → Investigate IP and Location → Collect Evidence → Assess Risk → Determine Containment,Escalate for Review,MANUAL REVIEW - Conflicting Evidence,Benign Activity
CASE-1758,Phishing Email,2,0,1,1,Chennai,0,0,1,1,0,1,45,MEDIUM,Validate Alert → Check Authentication History → Investigate IP and Location → Review Cloud Activity → Collect Evidence → Assess Risk → Determine Containment,Escalate for Review,MANUAL REVIEW - Conflicting Evidence,Needs Further Investigation
CASE-1759,Suspicious Login,1,1,0,0,Mumbai,0,1,0,0,1,0,15,LOW,Validate Alert → Check Authentication History → Review Email Activity → Collect Evidence → Assess Risk → Determine Containment,Continue Monitoring,BLOCKED - Missing Evidence,Benign Activity
CASE-1760,Endpoint Malware,2,1,1,0,Chennai,0,1,1,0,1,0,40,MEDIUM,Validate Alert → Check Authentication History → Investigate IP and Location → Review Email Activity → Review Cloud Activity → Collect Evidence → Assess Risk → Determine Containment,Escalate for Review,BLOCKED - Missing Evidence,Benign Activity
CASE-1761,Phishing Email,2,0,0,0,Unknown,0,0,0,1,0,0,5,LOW,Validate Alert → Check Authentication History → Collect Evidence → Assess Risk → Determine Containment,Continue Monitoring,Normal Investigation,Benign Activity
CASE-1762,Phishing Email,4,0,0,0,Unknown,0,0,1,0,0,1,10,LOW,Validate Alert → Check Authentication History → Review Cloud Activity → Collect Evidence → Assess Risk → Determine Containment,Continue Monitoring,MANUAL REVIEW - Conflicting Evidence,Benign Activity
CASE-1763,Cloud Account Anomaly,0,0,0,1,Bangalore,0,0,1,0,0,0,25,LOW,Validate Alert → Check Authentication History → Investigate IP and Location → Review Cloud Activity → Collect Evidence → Assess Risk → Determine Containment,Continue Monitoring,Normal Investigation,Benign Activity
CASE-1764,Suspicious Login,2,0,0,1,Bangalore,0,0,0,1,0,0,20,LOW,Validate Alert → Check Authentication History → Investigate IP and Location → Collect Evidence → Assess Risk → Determine Containment,Continue Monitoring,Normal Investigation,Benign Activity
CASE-1765,Phishing Email,0,1,0,0,Unknown,0,1,0,1,1,0,20,LOW,Validate Alert → Check Authentication History → Review Email Activity → Collect Evidence → Assess Risk → Determine Containment,Continue Monitoring,BLOCKED - Missing Evidence,Benign Activity
CASE-1766,Suspicious Login,0,1,0,1,Mumbai,0,1,0,1,1,1,35,MEDIUM,Validate Alert → Check Authentication History → Investigate IP and Location → Review Email Activity → Collect Evidence → Assess Risk → Determine Containment,Escalate for Review,BLOCKED - Missing Evidence,Benign Activity
CASE-1767,Suspicious Login,1,0,0,0,Chennai,1,1,0,1,0,1,30,MEDIUM,Validate Alert → Check Authentication History → Review Endpoint Activity → Review Email Activity → Collect Evidence → Assess Risk → Determine Containment,Escalate for Review,MANUAL REVIEW - Conflicting Evidence,Needs Further Investigation
CASE-1768,Cloud Account Anomaly,2,0,1,0,Delhi,1,0,1,0,0,0,40,MEDIUM,Validate Alert → Check Authentication History → Investigate IP and Location → Review Endpoint Activity → Review Cloud Activity → Collect Evidence → Assess Risk → Determine Containment,Escalate for Review,Normal Investigation,Needs Further Investigation
CASE-1769,Suspicious Login,0,1,0,0,Delhi,1,0,0,0,1,0,20,LOW,Validate Alert → Check Authentication History → Review Endpoint Activity → Collect Evidence → Assess Risk → Determine Containment,Continue Monitoring,BLOCKED - Missing Evidence,Benign Activity
CASE-1770,Cloud Account Anomaly,1,0,0,1,Chennai,1,0,0,1,1,1,30,MEDIUM,Validate Alert → Check Authentication History → Investigate IP and Location → Review Endpoint Activity → Collect Evidence → Assess Risk → Determine Containment,Escalate for Review,BLOCKED - Missing Evidence,Needs Further Investigation
CASE-1771,Endpoint Malware,4,1,0,1,Unknown,1,1,0,0,0,1,50,MEDIUM,Validate Alert → Check Authentication History → Investigate IP and Location → Review Endpoint Activity → Review Email Activity → Collect Evidence → Assess Risk → Determine Containment,Escalate for Review,MANUAL REVIEW - Conflicting Evidence,Benign Activity
CASE-1772,Phishing Email,3,0,0,0,Chennai,1,0,0,0,1,1,10,LOW,Validate Alert → Check Authentication History → Review Endpoint Activity → Collect Evidence → Assess Risk → Determine Containment,Continue Monitoring,BLOCKED - Missing Evidence,Benign Activity
CASE-1773,Cloud Account Anomaly,4,1,1,1,Chennai,1,1,1,0,1,0,70,HIGH,Validate Alert → Check Authentication History → Investigate IP and Location → Review Endpoint Activity → Review Email Activity → Review Cloud Activity → Collect Evidence → Assess Risk → Determine Containment,Escalate to Senior Analyst,BLOCKED - Missing Evidence,Escalated Incident
CASE-1774,Cloud Account Anomaly,2,0,0,1,Mumbai,0,0,1,0,0,0,25,LOW,Validate Alert → Check Authentication History → Investigate IP and Location → Review Cloud Activity → Collect Evidence → Assess Risk → Determine Containment,Continue Monitoring,Normal Investigation,Benign Activity
CASE-1775,Endpoint Malware,2,1,0,0,Unknown,1,0,0,0,0,0,25,LOW,Validate Alert → Check Authentication History → Review Endpoint Activity → Collect Evidence → Assess Risk → Determine Containment,Continue Monitoring,Normal Investigation,Benign Activity
CASE-1776,Phishing Email,2,0,1,0,Chennai,0,0,0,1,0,1,20,LOW,Validate Alert → Check Authentication History → Investigate IP and Location → Collect Evidence → Assess Risk → Determine Containment,Continue Monitoring,MANUAL REVIEW - Conflicting Evidence,Benign Activity
CASE-1777,Endpoint Malware,1,0,0,1,Chennai,0,1,0,0,0,0,25,LOW,Validate Alert → Check Authentication History → Investigate IP and Location → Review Email Activity → Collect Evidence → Assess Risk → Determine Containment,Continue Monitoring,Normal Investigation,Benign Activity
CASE-1778,Endpoint Malware,1,0,1,0,Bangalore,1,1,1,1,0,0,55,MEDIUM,Validate Alert → Check Authentication History → Investigate IP and Location → Review Endpoint Activity → Review Email Activity → Review Cloud Activity → Collect Evidence → Assess Risk → Determine Containment,Escalate for Review,Normal Investigation,Needs Further Investigation
CASE-1779,Phishing Email,1,0,1,0,Delhi,0,0,1,0,0,0,25,LOW,Validate Alert → Check Authentication History → Investigate IP and Location → Review Cloud Activity → Collect Evidence → Assess Risk → Determine Containment,Continue Monitoring,Normal Investigation,Benign Activity
CASE-1780,Cloud Account Anomaly,1,1,0,1,Mumbai,1,0,1,1,0,1,55,MEDIUM,Validate Alert → Check Authentication History → Investigate IP and Location → Review Endpoint Activity → Review Cloud Activity → Collect Evidence → Assess Risk → Determine Containment,Escalate for Review,MANUAL REVIEW - Conflicting Evidence,Benign Activity
CASE-1781,Suspicious Login,3,0,0,1,Hyderabad,1,1,0,0,0,1,40,MEDIUM,Validate Alert → Check Authentication History → Investigate IP and Location → Review Endpoint Activity → Review Email Activity → Collect Evidence → Assess Risk → Determine Containment,Escalate for Review,MANUAL REVIEW - Conflicting Evidence,Benign Activity
CASE-1782,Cloud Account Anomaly,2,0,1,1,Unknown,1,0,1,0,1,0,50,MEDIUM,Validate Alert → Check Authentication History → Investigate IP and Location → Review Endpoint Activity → Review Cloud Activity → Collect Evidence → Assess Risk → Determine Containment,Escalate for Review,BLOCKED - Missing Evidence,Needs Further Investigation
CASE-1783,Cloud Account Anomaly,2,0,0,1,Bangalore,1,1,1,1,1,0,50,MEDIUM,Validate Alert → Check Authentication History → Investigate IP and Location → Review Endpoint Activity → Review Email Activity → Review Cloud Activity → Collect Evidence → Assess Risk → Determine Containment,Escalate for Review,BLOCKED - Missing Evidence,Benign Activity
CASE-1784,Suspicious Login,2,1,0,1,Chennai,0,0,1,0,0,1,35,MEDIUM,Validate Alert → Check Authentication History → Investigate IP and Location → Review Cloud Activity → Collect Evidence → Assess Risk → Determine Containment,Escalate for Review,MANUAL REVIEW - Conflicting Evidence,Benign Activity
CASE-1785,Phishing Email,0,1,1,1,Mumbai,0,1,0,0,0,0,50,MEDIUM,Validate Alert → Check Authentication History → Investigate IP and Location → Review Email Activity → Collect Evidence → Assess Risk → Determine Containment,Escalate for Review,Normal Investigation,Benign Activity
CASE-1786,Endpoint Malware,1,0,0,1,Delhi,1,0,1,1,1,1,40,MEDIUM,Validate Alert → Check Authentication History → Investigate IP and Location → Review Endpoint Activity → Review Cloud Activity → Collect Evidence → Assess Risk → Determine Containment,Escalate for Review,BLOCKED - Missing Evidence,Needs Further Investigation
CASE-1787,Suspicious Login,4,0,0,1,Chennai,1,1,1,0,1,0,45,MEDIUM,Validate Alert → Check Authentication History → Investigate IP and Location → Review Endpoint Activity → Review Email Activity → Review Cloud Activity → Collect Evidence → Assess Risk → Determine Containment,Escalate for Review,BLOCKED - Missing Evidence,Benign Activity
CASE-1788,Cloud Account Anomaly,2,1,1,1,Chennai,0,0,1,1,0,0,55,MEDIUM,Validate Alert → Check Authentication History → Investigate IP and Location → Review Cloud Activity → Collect Evidence → Assess Risk → Determine Containment,Escalate for Review,Normal Investigation,Benign Activity
CASE-1789,Endpoint Malware,4,1,0,1,Unknown,1,1,0,1,0,0,55,MEDIUM,Validate Alert → Check Authentication History → Investigate IP and Location → Review Endpoint Activity → Review Email Activity → Collect Evidence → Assess Risk → Determine Containment,Escalate for Review,Normal Investigation,Benign Activity
CASE-1790,Cloud Account Anomaly,4,0,1,0,Mumbai,1,1,0,0,0,1,40,MEDIUM,Validate Alert → Check Authentication History → Investigate IP and Location → Review Endpoint Activity → Review Email Activity → Collect Evidence → Assess Risk → Determine Containment,Escalate for Review,MANUAL REVIEW - Conflicting Evidence,Benign Activity
CASE-1791,Endpoint Malware,2,1,0,1,Mumbai,0,0,1,0,1,1,30,MEDIUM,Validate Alert → Check Authentication History → Investigate IP and Location → Review Cloud Activity → Collect Evidence → Assess Risk → Determine Containment,Escalate for Review,BLOCKED - Missing Evidence,Needs Further Investigation
CASE-1792,Cloud Account Anomaly,1,1,1,0,Hyderabad,1,0,1,1,1,0,50,MEDIUM,Validate Alert → Check Authentication History → Investigate IP and Location → Review Endpoint Activity → Review Cloud Activity → Collect Evidence → Assess Risk → Determine Containment,Escalate for Review,BLOCKED - Missing Evidence,Benign Activity
CASE-1793,Cloud Account Anomaly,3,1,1,1,Bangalore,1,0,1,0,0,0,65,HIGH,Validate Alert → Check Authentication History → Investigate IP and Location → Review Endpoint Activity → Review Cloud Activity → Collect Evidence → Assess Risk → Determine Containment,Escalate to Senior Analyst,Normal Investigation,Escalated Incident
CASE-1794,Endpoint Malware,3,1,0,1,Bangalore,0,1,0,0,0,1,35,MEDIUM,Validate Alert → Check Authentication History → Investigate IP and Location → Review Email Activity → Collect Evidence → Assess Risk → Determine Containment,Escalate for Review,MANUAL REVIEW - Conflicting Evidence,Needs Further Investigation
CASE-1795,Endpoint Malware,1,1,0,0,Delhi,0,1,1,1,1,1,30,MEDIUM,Validate Alert → Check Authentication History → Review Email Activity → Review Cloud Activity → Collect Evidence → Assess Risk → Determine Containment,Escalate for Review,BLOCKED - Missing Evidence,Needs Further Investigation
CASE-1796,Suspicious Login,1,1,0,0,Hyderabad,1,0,1,0,0,0,35,MEDIUM,Validate Alert → Check Authentication History → Review Endpoint Activity → Review Cloud Activity → Collect Evidence → Assess Risk → Determine Containment,Escalate for Review,Normal Investigation,Benign Activity
CASE-1797,Endpoint Malware,4,0,1,0,Chennai,0,1,0,0,0,0,25,LOW,Validate Alert → Check Authentication History → Investigate IP and Location → Review Email Activity → Collect Evidence → Assess Risk → Determine Containment,Continue Monitoring,Normal Investigation,Benign Activity
CASE-1798,Endpoint Malware,1,1,0,0,Delhi,1,0,1,1,1,0,35,MEDIUM,Validate Alert → Check Authentication History → Review Endpoint Activity → Review Cloud Activity → Collect Evidence → Assess Risk → Determine Containment,Escalate for Review,BLOCKED - Missing Evidence,Needs Further Investigation
CASE-1799,Suspicious Login,4,0,1,1,Mumbai,0,0,0,1,0,0,35,MEDIUM,Validate Alert → Check Authentication History → Investigate IP and Location → Collect Evidence → Assess Risk → Determine Containment,Escalate for Review,Normal Investigation,Needs Further Investigation
CASE-1800,Suspicious Login,0,0,1,0,Delhi,0,0,1,1,0,0,30,MEDIUM,Validate Alert → Check Authentication History → Investigate IP and Location → Review Cloud Activity → Collect Evidence → Assess Risk → Determine Containment,Escalate for Review,Normal Investigation,Benign Activity
CASE-1801,Endpoint Malware,3,0,1,0,Hyderabad,1,1,1,0,0,1,50,MEDIUM,Validate Alert → Check Authentication History → Investigate IP and Location → Review Endpoint Activity → Review Email Activity → Review Cloud Activity → Collect Evidence → Assess Risk → Determine Containment,Escalate for Review,MANUAL REVIEW - Conflicting Evidence,Needs Further Investigation
CASE-1802,Suspicious Login,3,1,1,1,Unknown,0,0,1,1,0,1,55,MEDIUM,Validate Alert → Check Authentication History → Investigate IP and Location → Review Cloud Activity → Collect Evidence → Assess Risk → Determine Containment,Escalate for Review,MANUAL REVIEW - Conflicting Evidence,Needs Further Investigation
CASE-1803,Endpoint Malware,3,0,1,0,Mumbai,1,0,0,0,0,0,30,MEDIUM,Validate Alert → Check Authentication History → Investigate IP and Location → Review Endpoint Activity → Collect Evidence → Assess Risk → Determine Containment,Escalate for Review,Normal Investigation,Needs Further Investigation
CASE-1804,Suspicious Login,2,1,1,0,Bangalore,0,1,1,1,1,1,45,MEDIUM,Validate Alert → Check Authentication History → Investigate IP and Location → Review Email Activity → Review Cloud Activity → Collect Evidence → Assess Risk → Determine Containment,Escalate for Review,BLOCKED - Missing Evidence,Benign Activity
CASE-1805,Cloud Account Anomaly,1,0,1,1,Hyderabad,0,1,1,1,0,0,55,MEDIUM,Validate Alert → Check Authentication History → Investigate IP and Location → Review Email Activity → Review Cloud Activity → Collect Evidence → Assess Risk → Determine Containment,Escalate for Review,Normal Investigation,Needs Further Investigation
CASE-1806,Cloud Account Anomaly,0,1,0,1,Unknown,1,1,1,0,0,0,60,HIGH,Validate Alert → Check Authentication History → Investigate IP and Location → Review Endpoint Activity → Review Email Activity → Review Cloud Activity → Collect Evidence → Assess Risk → Determine Containment,Escalate to Senior Analyst,Normal Investigation,Confirmed Incident
CASE-1807,Suspicious Login,2,0,0,0,Chennai,0,0,1,1,0,1,15,LOW,Validate Alert → Check Authentication History → Review Cloud Activity → Collect Evidence → Assess Risk → Determine Containment,Continue Monitoring,MANUAL REVIEW - Conflicting Evidence,Benign Activity
CASE-1808,Phishing Email,2,1,0,0,Bangalore,0,0,1,0,0,0,20,LOW,Validate Alert → Check Authentication History → Review Cloud Activity → Collect Evidence → Assess Risk → Determine Containment,Continue Monitoring,Normal Investigation,Benign Activity
CASE-1809,Suspicious Login,2,0,0,1,Chennai,0,0,0,1,0,0,20,LOW,Validate Alert → Check Authentication History → Investigate IP and Location → Collect Evidence → Assess Risk → Determine Containment,Continue Monitoring,Normal Investigation,Benign Activity
CASE-1810,Suspicious Login,3,0,1,1,Hyderabad,1,0,0,1,0,1,50,MEDIUM,Validate Alert → Check Authentication History → Investigate IP and Location → Review Endpoint Activity → Collect Evidence → Assess Risk → Determine Containment,Escalate for Review,MANUAL REVIEW - Conflicting Evidence,Needs Further Investigation
CASE-1811,Endpoint Malware,3,0,0,0,Chennai,1,0,1,0,1,0,20,LOW,Validate Alert → Check Authentication History → Review Endpoint Activity → Review Cloud Activity → Collect Evidence → Assess Risk → Determine Containment,Continue Monitoring,BLOCKED - Missing Evidence,Benign Activity
CASE-1812,Suspicious Login,1,1,0,0,Delhi,0,1,1,0,0,1,30,MEDIUM,Validate Alert → Check Authentication History → Review Email Activity → Review Cloud Activity → Collect Evidence → Assess Risk → Determine Containment,Escalate for Review,MANUAL REVIEW - Conflicting Evidence,Needs Further Investigation
CASE-1813,Phishing Email,2,1,1,0,Bangalore,0,0,0,0,1,0,20,LOW,Validate Alert → Check Authentication History → Investigate IP and Location → Collect Evidence → Assess Risk → Determine Containment,Continue Monitoring,BLOCKED - Missing Evidence,Benign Activity
CASE-1814,Suspicious Login,1,1,1,1,Unknown,1,1,0,0,0,0,65,HIGH,Validate Alert → Check Authentication History → Investigate IP and Location → Review Endpoint Activity → Review Email Activity → Collect Evidence → Assess Risk → Determine Containment,Isolate Endpoint,Normal Investigation,Escalated Incident
CASE-1815,Suspicious Login,2,0,1,1,Chennai,0,0,0,1,1,0,30,MEDIUM,Validate Alert → Check Authentication History → Investigate IP and Location → Collect Evidence → Assess Risk → Determine Containment,Escalate for Review,BLOCKED - Missing Evidence,Needs Further Investigation
CASE-1816,Cloud Account Anomaly,0,1,0,1,Mumbai,0,1,1,1,0,0,50,MEDIUM,Validate Alert → Check Authentication History → Investigate IP and Location → Review Email Activity → Review Cloud Activity → Collect Evidence → Assess Risk → Determine Containment,Escalate for Review,Normal Investigation,Benign Activity
CASE-1817,Cloud Account Anomaly,1,0,0,0,Hyderabad,1,0,1,0,0,0,25,LOW,Validate Alert → Check Authentication History → Review Endpoint Activity → Review Cloud Activity → Collect Evidence → Assess Risk → Determine Containment,Continue Monitoring,Normal Investigation,Benign Activity
CASE-1818,Endpoint Malware,1,1,1,0,Unknown,1,0,0,0,0,0,40,MEDIUM,Validate Alert → Check Authentication History → Investigate IP and Location → Review Endpoint Activity → Collect Evidence → Assess Risk → Determine Containment,Escalate for Review,Normal Investigation,Benign Activity
CASE-1819,Endpoint Malware,2,1,1,0,Mumbai,1,0,1,0,0,0,50,MEDIUM,Validate Alert → Check Authentication History → Investigate IP and Location → Review Endpoint Activity → Review Cloud Activity → Collect Evidence → Assess Risk → Determine Containment,Escalate for Review,Normal Investigation,Needs Further Investigation
CASE-1820,Endpoint Malware,1,0,1,1,Bangalore,1,0,1,1,0,0,60,HIGH,Validate Alert → Check Authentication History → Investigate IP and Location → Review Endpoint Activity → Review Cloud Activity → Collect Evidence → Assess Risk → Determine Containment,Escalate to Senior Analyst,Normal Investigation,Escalated Incident
CASE-1821,Endpoint Malware,1,0,0,1,Delhi,1,0,0,0,0,1,30,MEDIUM,Validate Alert → Check Authentication History → Investigate IP and Location → Review Endpoint Activity → Collect Evidence → Assess Risk → Determine Containment,Escalate for Review,MANUAL REVIEW - Conflicting Evidence,Benign Activity
CASE-1822,Suspicious Login,2,1,1,1,Mumbai,0,0,0,0,1,0,35,MEDIUM,Validate Alert → Check Authentication History → Investigate IP and Location → Collect Evidence → Assess Risk → Determine Containment,Escalate for Review,BLOCKED - Missing Evidence,Needs Further Investigation
CASE-1823,Suspicious Login,4,0,1,1,Unknown,1,1,1,0,0,1,65,HIGH,Validate Alert → Check Authentication History → Investigate IP and Location → Review Endpoint Activity → Review Email Activity → Review Cloud Activity → Collect Evidence → Assess Risk → Determine Containment,Escalate to Senior Analyst,MANUAL REVIEW - Conflicting Evidence,Escalated Incident
CASE-1824,Endpoint Malware,0,0,1,1,Delhi,1,0,1,0,0,1,55,MEDIUM,Validate Alert → Check Authentication History → Investigate IP and Location → Review Endpoint Activity → Review Cloud Activity → Collect Evidence → Assess Risk → Determine Containment,Escalate for Review,MANUAL REVIEW - Conflicting Evidence,Benign Activity
CASE-1825,Cloud Account Anomaly,1,0,0,1,Bangalore,1,0,1,1,0,1,45,MEDIUM,Validate Alert → Check Authentication History → Investigate IP and Location → Review Endpoint Activity → Review Cloud Activity → Collect Evidence → Assess Risk → Determine Containment,Escalate for Review,MANUAL REVIEW - Conflicting Evidence,Benign Activity
CASE-1826,Endpoint Malware,4,0,0,1,Mumbai,0,0,0,1,1,0,15,LOW,Validate Alert → Check Authentication History → Investigate IP and Location → Collect Evidence → Assess Risk → Determine Containment,Continue Monitoring,BLOCKED - Missing Evidence,Benign Activity
CASE-1827,Cloud Account Anomaly,2,0,1,0,Mumbai,1,0,0,0,0,0,30,MEDIUM,Validate Alert → Check Authentication History → Investigate IP and Location → Review Endpoint Activity → Collect Evidence → Assess Risk → Determine Containment,Escalate for Review,Normal Investigation,Needs Further Investigation
CASE-1828,Suspicious Login,1,1,0,0,Bangalore,0,1,1,0,1,0,25,LOW,Validate Alert → Check Authentication History → Review Email Activity → Review Cloud Activity → Collect Evidence → Assess Risk → Determine Containment,Continue Monitoring,BLOCKED - Missing Evidence,Benign Activity
CASE-1829,Cloud Account Anomaly,1,1,0,1,Delhi,1,0,1,1,0,0,55,MEDIUM,Validate Alert → Check Authentication History → Investigate IP and Location → Review Endpoint Activity → Review Cloud Activity → Collect Evidence → Assess Risk → Determine Containment,Escalate for Review,Normal Investigation,Needs Further Investigation
CASE-1830,Phishing Email,3,0,0,0,Bangalore,0,0,0,0,0,0,0,LOW,Validate Alert → Check Authentication History → Collect Evidence → Assess Risk → Determine Containment,Continue Monitoring,Normal Investigation,Benign Activity
CASE-1831,Endpoint Malware,1,0,0,1,Unknown,1,0,0,0,1,0,25,LOW,Validate Alert → Check Authentication History → Investigate IP and Location → Review Endpoint Activity → Collect Evidence → Assess Risk → Determine Containment,Continue Monitoring,BLOCKED - Missing Evidence,Benign Activity
CASE-1832,Suspicious Login,3,1,0,0,Chennai,1,1,0,1,1,0,35,MEDIUM,Validate Alert → Check Authentication History → Review Endpoint Activity → Review Email Activity → Collect Evidence → Assess Risk → Determine Containment,Escalate for Review,BLOCKED - Missing Evidence,Benign Activity
CASE-1833,Cloud Account Anomaly,3,0,1,1,Hyderabad,0,1,1,0,0,0,50,MEDIUM,Validate Alert → Check Authentication History → Investigate IP and Location → Review Email Activity → Review Cloud Activity → Collect Evidence → Assess Risk → Determine Containment,Escalate for Review,Normal Investigation,Needs Further Investigation
CASE-1834,Phishing Email,2,0,1,0,Bangalore,0,1,1,0,1,0,30,MEDIUM,Validate Alert → Check Authentication History → Investigate IP and Location → Review Email Activity → Review Cloud Activity → Collect Evidence → Assess Risk → Determine Containment,Escalate for Review,BLOCKED - Missing Evidence,Needs Further Investigation
CASE-1835,Suspicious Login,2,0,0,1,Bangalore,0,0,1,1,0,0,30,MEDIUM,Validate Alert → Check Authentication History → Investigate IP and Location → Review Cloud Activity → Collect Evidence → Assess Risk → Determine Containment,Escalate for Review,Normal Investigation,Benign Activity
CASE-1836,Endpoint Malware,4,0,1,1,Delhi,1,1,0,0,1,0,50,MEDIUM,Validate Alert → Check Authentication History → Investigate IP and Location → Review Endpoint Activity → Review Email Activity → Collect Evidence → Assess Risk → Determine Containment,Escalate for Review,BLOCKED - Missing Evidence,Benign Activity
CASE-1837,Cloud Account Anomaly,1,1,1,1,Mumbai,0,1,0,1,0,0,55,MEDIUM,Validate Alert → Check Authentication History → Investigate IP and Location → Review Email Activity → Collect Evidence → Assess Risk → Determine Containment,Escalate for Review,Normal Investigation,Needs Further Investigation
CASE-1838,Cloud Account Anomaly,1,0,1,1,Bangalore,1,0,1,0,0,0,55,MEDIUM,Validate Alert → Check Authentication History → Investigate IP and Location → Review Endpoint Activity → Review Cloud Activity → Collect Evidence → Assess Risk → Determine Containment,Escalate for Review,Normal Investigation,Needs Further Investigation
CASE-1839,Phishing Email,2,0,0,0,Delhi,1,0,1,1,0,0,30,MEDIUM,Validate Alert → Check Authentication History → Review Endpoint Activity → Review Cloud Activity → Collect Evidence → Assess Risk → Determine Containment,Escalate for Review,Normal Investigation,Needs Further Investigation
CASE-1840,Endpoint Malware,1,0,1,1,Bangalore,1,1,0,1,0,0,60,HIGH,Validate Alert → Check Authentication History → Investigate IP and Location → Review Endpoint Activity → Review Email Activity → Collect Evidence → Assess Risk → Determine Containment,Escalate to Senior Analyst,Normal Investigation,Confirmed Incident
CASE-1841,Phishing Email,3,1,1,0,Bangalore,1,0,1,0,0,1,50,MEDIUM,Validate Alert → Check Authentication History → Investigate IP and Location → Review Endpoint Activity → Review Cloud Activity → Collect Evidence → Assess Risk → Determine Containment,Escalate for Review,MANUAL REVIEW - Conflicting Evidence,Benign Activity
CASE-1842,Endpoint Malware,3,1,1,0,Delhi,0,0,1,0,0,1,35,MEDIUM,Validate Alert → Check Authentication History → Investigate IP and Location → Review Cloud Activity → Collect Evidence → Assess Risk → Determine Containment,Escalate for Review,MANUAL REVIEW - Conflicting Evidence,Benign Activity
CASE-1843,Phishing Email,4,0,0,1,Delhi,1,0,1,0,0,1,40,MEDIUM,Validate Alert → Check Authentication History → Investigate IP and Location → Review Endpoint Activity → Review Cloud Activity → Collect Evidence → Assess Risk → Determine Containment,Escalate for Review,MANUAL REVIEW - Conflicting Evidence,Needs Further Investigation
CASE-1844,Suspicious Login,1,1,1,0,Mumbai,1,1,1,0,0,0,60,HIGH,Validate Alert → Check Authentication History → Investigate IP and Location → Review Endpoint Activity → Review Email Activity → Review Cloud Activity → Collect Evidence → Assess Risk → Determine Containment,Disable Account,Normal Investigation,Escalated Incident
CASE-1845,Endpoint Malware,1,1,0,1,Delhi,1,0,1,1,1,0,50,MEDIUM,Validate Alert → Check Authentication History → Investigate IP and Location → Review Endpoint Activity → Review Cloud Activity → Collect Evidence → Assess Risk → Determine Containment,Escalate for Review,BLOCKED - Missing Evidence,Benign Activity
CASE-1846,Endpoint Malware,1,1,0,1,Chennai,0,1,1,0,0,1,45,MEDIUM,Validate Alert → Check Authentication History → Investigate IP and Location → Review Email Activity → Review Cloud Activity → Collect Evidence → Assess Risk → Determine Containment,Escalate for Review,MANUAL REVIEW - Conflicting Evidence,Needs Further Investigation
CASE-1847,Endpoint Malware,1,1,1,0,Unknown,0,0,1,1,0,1,40,MEDIUM,Validate Alert → Check Authentication History → Investigate IP and Location → Review Cloud Activity → Collect Evidence → Assess Risk → Determine Containment,Escalate for Review,MANUAL REVIEW - Conflicting Evidence,Benign Activity
CASE-1848,Cloud Account Anomaly,2,0,1,0,Unknown,1,1,1,0,0,0,50,MEDIUM,Validate Alert → Check Authentication History → Investigate IP and Location → Review Endpoint Activity → Review Email Activity → Review Cloud Activity → Collect Evidence → Assess Risk → Determine Containment,Escalate for Review,Normal Investigation,Needs Further Investigation
CASE-1849,Endpoint Malware,0,1,1,1,Unknown,0,0,0,1,1,1,40,MEDIUM,Validate Alert → Check Authentication History → Investigate IP and Location → Collect Evidence → Assess Risk → Determine Containment,Escalate for Review,BLOCKED - Missing Evidence,Benign Activity
CASE-1850,Endpoint Malware,1,0,1,1,Delhi,0,0,0,0,1,0,25,LOW,Validate Alert → Check Authentication History → Investigate IP and Location → Collect Evidence → Assess Risk → Determine Containment,Continue Monitoring,BLOCKED - Missing Evidence,Benign Activity
CASE-1851,Phishing Email,2,0,0,1,Bangalore,1,1,0,1,0,0,45,MEDIUM,Validate Alert → Check Authentication History → Investigate IP and Location → Review Endpoint Activity → Review Email Activity → Collect Evidence → Assess Risk → Determine Containment,Escalate for Review,Normal Investigation,Benign Activity
CASE-1852,Cloud Account Anomaly,4,0,1,0,Hyderabad,1,1,0,1,0,0,45,MEDIUM,Validate Alert → Check Authentication History → Investigate IP and Location → Review Endpoint Activity → Review Email Activity → Collect Evidence → Assess Risk → Determine Containment,Escalate for Review,Normal Investigation,Benign Activity
CASE-1853,Endpoint Malware,0,0,0,1,Chennai,0,1,1,0,1,1,30,MEDIUM,Validate Alert → Check Authentication History → Investigate IP and Location → Review Email Activity → Review Cloud Activity → Collect Evidence → Assess Risk → Determine Containment,Escalate for Review,BLOCKED - Missing Evidence,Benign Activity
CASE-1854,Cloud Account Anomaly,0,1,0,0,Bangalore,0,0,1,0,0,0,20,LOW,Validate Alert → Check Authentication History → Review Cloud Activity → Collect Evidence → Assess Risk → Determine Containment,Continue Monitoring,Normal Investigation,Benign Activity
CASE-1855,Endpoint Malware,1,0,0,1,Chennai,0,0,1,1,0,0,30,MEDIUM,Validate Alert → Check Authentication History → Investigate IP and Location → Review Cloud Activity → Collect Evidence → Assess Risk → Determine Containment,Escalate for Review,Normal Investigation,Benign Activity
CASE-1856,Cloud Account Anomaly,1,0,1,1,Chennai,1,0,1,1,0,0,60,HIGH,Validate Alert → Check Authentication History → Investigate IP and Location → Review Endpoint Activity → Review Cloud Activity → Collect Evidence → Assess Risk → Determine Containment,Isolate Endpoint,Normal Investigation,Confirmed Incident
CASE-1857,Endpoint Malware,4,1,1,0,Hyderabad,0,1,1,1,1,0,45,MEDIUM,Validate Alert → Check Authentication History → Investigate IP and Location → Review Email Activity → Review Cloud Activity → Collect Evidence → Assess Risk → Determine Containment,Escalate for Review,BLOCKED - Missing Evidence,Benign Activity
CASE-1858,Endpoint Malware,2,0,1,1,Hyderabad,0,0,1,1,0,0,45,MEDIUM,Validate Alert → Check Authentication History → Investigate IP and Location → Review Cloud Activity → Collect Evidence → Assess Risk → Determine Containment,Escalate for Review,Normal Investigation,Needs Further Investigation
CASE-1859,Phishing Email,2,0,0,0,Chennai,0,1,0,1,1,1,10,LOW,Validate Alert → Check Authentication History → Review Email Activity → Collect Evidence → Assess Risk → Determine Containment,Continue Monitoring,BLOCKED - Missing Evidence,Benign Activity
CASE-1860,Cloud Account Anomaly,2,1,1,0,Hyderabad,0,1,0,0,1,1,30,MEDIUM,Validate Alert → Check Authentication History → Investigate IP and Location → Review Email Activity → Collect Evidence → Assess Risk → Determine Containment,Escalate for Review,BLOCKED - Missing Evidence,Benign Activity
CASE-1861,Endpoint Malware,5,0,1,0,Delhi,0,1,0,0,1,0,40,MEDIUM,Validate Alert → Check Authentication History → Investigate IP and Location → Review Email Activity → Collect Evidence → Assess Risk → Determine Containment,Escalate for Review,BLOCKED - Missing Evidence,Needs Further Investigation
CASE-1862,Phishing Email,3,0,1,0,Delhi,0,0,0,0,1,0,10,LOW,Validate Alert → Check Authentication History → Investigate IP and Location → Collect Evidence → Assess Risk → Determine Containment,Continue Monitoring,BLOCKED - Missing Evidence,Benign Activity
CASE-1863,Endpoint Malware,4,0,1,0,Hyderabad,1,1,1,0,0,0,50,MEDIUM,Validate Alert → Check Authentication History → Investigate IP and Location → Review Endpoint Activity → Review Email Activity → Review Cloud Activity → Collect Evidence → Assess Risk → Determine Containment,Escalate for Review,Normal Investigation,Needs Further Investigation
CASE-1864,Phishing Email,3,0,1,1,Unknown,0,0,1,0,1,1,35,MEDIUM,Validate Alert → Check Authentication History → Investigate IP and Location → Review Cloud Activity → Collect Evidence → Assess Risk → Determine Containment,Escalate for Review,BLOCKED - Missing Evidence,Needs Further Investigation
CASE-1865,Cloud Account Anomaly,0,0,0,1,Chennai,1,1,0,0,0,1,40,MEDIUM,Validate Alert → Check Authentication History → Investigate IP and Location → Review Endpoint Activity → Review Email Activity → Collect Evidence → Assess Risk → Determine Containment,Escalate for Review,MANUAL REVIEW - Conflicting Evidence,Needs Further Investigation
CASE-1866,Endpoint Malware,3,0,1,0,Mumbai,0,1,0,1,0,0,30,MEDIUM,Validate Alert → Check Authentication History → Investigate IP and Location → Review Email Activity → Collect Evidence → Assess Risk → Determine Containment,Escalate for Review,Normal Investigation,Needs Further Investigation
CASE-1867,Cloud Account Anomaly,2,0,1,1,Unknown,1,0,0,0,0,1,45,MEDIUM,Validate Alert → Check Authentication History → Investigate IP and Location → Review Endpoint Activity → Collect Evidence → Assess Risk → Determine Containment,Escalate for Review,MANUAL REVIEW - Conflicting Evidence,Benign Activity
CASE-1868,Endpoint Malware,3,1,0,1,Mumbai,0,1,0,0,0,0,35,MEDIUM,Validate Alert → Check Authentication History → Investigate IP and Location → Review Email Activity → Collect Evidence → Assess Risk → Determine Containment,Escalate for Review,Normal Investigation,Benign Activity
CASE-1869,Endpoint Malware,3,0,0,1,Chennai,1,1,0,0,1,1,35,MEDIUM,Validate Alert → Check Authentication History → Investigate IP and Location → Review Endpoint Activity → Review Email Activity → Collect Evidence → Assess Risk → Determine Containment,Escalate for Review,BLOCKED - Missing Evidence,Benign Activity
CASE-1870,Endpoint Malware,1,1,0,1,Unknown,1,0,1,0,0,0,50,MEDIUM,Validate Alert → Check Authentication History → Investigate IP and Location → Review Endpoint Activity → Review Cloud Activity → Collect Evidence → Assess Risk → Determine Containment,Escalate for Review,Normal Investigation,Needs Further Investigation
CASE-1871,Cloud Account Anomaly,1,1,0,1,Hyderabad,1,1,0,0,1,1,45,MEDIUM,Validate Alert → Check Authentication History → Investigate IP and Location → Review Endpoint Activity → Review Email Activity → Collect Evidence → Assess Risk → Determine Containment,Escalate for Review,BLOCKED - Missing Evidence,Benign Activity
CASE-1872,Endpoint Malware,4,0,1,1,Bangalore,1,0,1,1,1,0,55,MEDIUM,Validate Alert → Check Authentication History → Investigate IP and Location → Review Endpoint Activity → Review Cloud Activity → Collect Evidence → Assess Risk → Determine Containment,Escalate for Review,BLOCKED - Missing Evidence,Needs Further Investigation
CASE-1873,Endpoint Malware,0,0,1,0,Bangalore,1,1,1,1,0,1,55,MEDIUM,Validate Alert → Check Authentication History → Investigate IP and Location → Review Endpoint Activity → Review Email Activity → Review Cloud Activity → Collect Evidence → Assess Risk → Determine Containment,Escalate for Review,MANUAL REVIEW - Conflicting Evidence,Needs Further Investigation
CASE-1874,Phishing Email,2,1,1,0,Delhi,0,0,1,0,1,0,30,MEDIUM,Validate Alert → Check Authentication History → Investigate IP and Location → Review Cloud Activity → Collect Evidence → Assess Risk → Determine Containment,Escalate for Review,BLOCKED - Missing Evidence,Needs Further Investigation
CASE-1875,Endpoint Malware,3,0,1,1,Hyderabad,1,0,1,1,0,0,60,HIGH,Validate Alert → Check Authentication History → Investigate IP and Location → Review Endpoint Activity → Review Cloud Activity → Collect Evidence → Assess Risk → Determine Containment,Disable Account,Normal Investigation,Escalated Incident
CASE-1876,Endpoint Malware,1,0,0,1,Mumbai,1,1,1,1,1,1,50,MEDIUM,Validate Alert → Check Authentication History → Investigate IP and Location → Review Endpoint Activity → Review Email Activity → Review Cloud Activity → Collect Evidence → Assess Risk → Determine Containment,Escalate for Review,BLOCKED - Missing Evidence,Needs Further Investigation
CASE-1877,Cloud Account Anomaly,0,0,1,0,Bangalore,0,1,0,0,0,1,25,LOW,Validate Alert → Check Authentication History → Investigate IP and Location → Review Email Activity → Collect Evidence → Assess Risk → Determine Containment,Continue Monitoring,MANUAL REVIEW - Conflicting Evidence,Benign Activity
CASE-1878,Suspicious Login,3,1,0,0,Chennai,0,0,0,1,0,0,15,LOW,Validate Alert → Check Authentication History → Collect Evidence → Assess Risk → Determine Containment,Continue Monitoring,Normal Investigation,Benign Activity
CASE-1879,Suspicious Login,2,1,1,0,Chennai,1,1,0,0,0,1,50,MEDIUM,Validate Alert → Check Authentication History → Investigate IP and Location → Review Endpoint Activity → Review Email Activity → Collect Evidence → Assess Risk → Determine Containment,Escalate for Review,MANUAL REVIEW - Conflicting Evidence,Needs Further Investigation
CASE-1880,Phishing Email,1,0,0,1,Unknown,0,0,0,1,0,0,20,LOW,Validate Alert → Check Authentication History → Investigate IP and Location → Collect Evidence → Assess Risk → Determine Containment,Continue Monitoring,Normal Investigation,Benign Activity
CASE-1881,Cloud Account Anomaly,2,0,0,1,Mumbai,1,1,1,0,0,0,50,MEDIUM,Validate Alert → Check Authentication History → Investigate IP and Location → Review Endpoint Activity → Review Email Activity → Review Cloud Activity → Collect Evidence → Assess Risk → Determine Containment,Escalate for Review,Normal Investigation,Needs Further Investigation
CASE-1882,Endpoint Malware,1,0,0,0,Hyderabad,1,0,0,1,1,0,15,LOW,Validate Alert → Check Authentication History → Review Endpoint Activity → Collect Evidence → Assess Risk → Determine Containment,Continue Monitoring,BLOCKED - Missing Evidence,Benign Activity
CASE-1883,Suspicious Login,0,1,1,0,Unknown,0,1,1,0,0,0,45,MEDIUM,Validate Alert → Check Authentication History → Investigate IP and Location → Review Email Activity → Review Cloud Activity → Collect Evidence → Assess Risk → Determine Containment,Escalate for Review,Normal Investigation,Benign Activity
CASE-1884,Phishing Email,2,0,0,1,Unknown,1,1,0,1,0,0,45,MEDIUM,Validate Alert → Check Authentication History → Investigate IP and Location → Review Endpoint Activity → Review Email Activity → Collect Evidence → Assess Risk → Determine Containment,Escalate for Review,Normal Investigation,Needs Further Investigation
CASE-1885,Phishing Email,0,0,1,0,Chennai,1,1,1,0,0,0,50,MEDIUM,Validate Alert → Check Authentication History → Investigate IP and Location → Review Endpoint Activity → Review Email Activity → Review Cloud Activity → Collect Evidence → Assess Risk → Determine Containment,Escalate for Review,Normal Investigation,Needs Further Investigation
CASE-1886,Endpoint Malware,3,1,1,1,Unknown,0,0,0,1,1,0,40,MEDIUM,Validate Alert → Check Authentication History → Investigate IP and Location → Collect Evidence → Assess Risk → Determine Containment,Escalate for Review,BLOCKED - Missing Evidence,Needs Further Investigation
CASE-1887,Endpoint Malware,2,0,1,1,Unknown,0,0,1,0,0,0,40,MEDIUM,Validate Alert → Check Authentication History → Investigate IP and Location → Review Cloud Activity → Collect Evidence → Assess Risk → Determine Containment,Escalate for Review,Normal Investigation,Needs Further Investigation
CASE-1888,Phishing Email,4,0,0,1,Unknown,0,0,1,0,0,0,25,LOW,Validate Alert → Check Authentication History → Investigate IP and Location → Review Cloud Activity → Collect Evidence → Assess Risk → Determine Containment,Continue Monitoring,Normal Investigation,Benign Activity
CASE-1889,Endpoint Malware,1,1,1,1,Unknown,1,1,0,1,1,0,65,HIGH,Validate Alert → Check Authentication History → Investigate IP and Location → Review Endpoint Activity → Review Email Activity → Collect Evidence → Assess Risk → Determine Containment,Isolate Endpoint,BLOCKED - Missing Evidence,Escalated Incident
CASE-1890,Cloud Account Anomaly,0,0,0,1,Delhi,0,0,1,1,0,0,30,MEDIUM,Validate Alert → Check Authentication History → Investigate IP and Location → Review Cloud Activity → Collect Evidence → Assess Risk → Determine Containment,Escalate for Review,Normal Investigation,Needs Further Investigation
CASE-1891,Suspicious Login,0,1,0,1,Bangalore,0,0,1,0,0,0,35,MEDIUM,Validate Alert → Check Authentication History → Investigate IP and Location → Review Cloud Activity → Collect Evidence → Assess Risk → Determine Containment,Escalate for Review,Normal Investigation,Benign Activity
CASE-1892,Phishing Email,4,0,0,1,Mumbai,0,1,1,0,0,0,35,MEDIUM,Validate Alert → Check Authentication History → Investigate IP and Location → Review Email Activity → Review Cloud Activity → Collect Evidence → Assess Risk → Determine Containment,Escalate for Review,Normal Investigation,Benign Activity
CASE-1893,Phishing Email,0,1,1,0,Mumbai,0,1,0,1,1,0,35,MEDIUM,Validate Alert → Check Authentication History → Investigate IP and Location → Review Email Activity → Collect Evidence → Assess Risk → Determine Containment,Escalate for Review,BLOCKED - Missing Evidence,Needs Further Investigation
CASE-1894,Suspicious Login,5,0,0,1,Bangalore,1,1,0,1,0,0,65,HIGH,Validate Alert → Check Authentication History → Investigate IP and Location → Review Endpoint Activity → Review Email Activity → Collect Evidence → Assess Risk → Determine Containment,Escalate to Senior Analyst,Normal Investigation,Confirmed Incident
CASE-1895,Suspicious Login,0,0,0,1,Unknown,1,0,0,0,0,1,30,MEDIUM,Validate Alert → Check Authentication History → Investigate IP and Location → Review Endpoint Activity → Collect Evidence → Assess Risk → Determine Containment,Escalate for Review,MANUAL REVIEW - Conflicting Evidence,Benign Activity
CASE-1896,Phishing Email,3,0,1,0,Mumbai,0,1,1,0,0,0,35,MEDIUM,Validate Alert → Check Authentication History → Investigate IP and Location → Review Email Activity → Review Cloud Activity → Collect Evidence → Assess Risk → Determine Containment,Escalate for Review,Normal Investigation,Benign Activity
CASE-1897,Cloud Account Anomaly,2,0,0,0,Hyderabad,1,1,0,0,0,0,25,LOW,Validate Alert → Check Authentication History → Review Endpoint Activity → Review Email Activity → Collect Evidence → Assess Risk → Determine Containment,Continue Monitoring,Normal Investigation,Benign Activity
CASE-1898,Cloud Account Anomaly,1,1,1,0,Chennai,0,1,1,0,1,0,40,MEDIUM,Validate Alert → Check Authentication History → Investigate IP and Location → Review Email Activity → Review Cloud Activity → Collect Evidence → Assess Risk → Determine Containment,Escalate for Review,BLOCKED - Missing Evidence,Needs Further Investigation
CASE-1899,Suspicious Login,1,0,1,0,Chennai,0,0,0,0,1,0,10,LOW,Validate Alert → Check Authentication History → Investigate IP and Location → Collect Evidence → Assess Risk → Determine Containment,Continue Monitoring,BLOCKED - Missing Evidence,Benign Activity
CASE-1900,Suspicious Login,1,1,1,1,Chennai,0,1,0,1,0,0,55,MEDIUM,Validate Alert → Check Authentication History → Investigate IP and Location → Review Email Activity → Collect Evidence → Assess Risk → Determine Containment,Escalate for Review,Normal Investigation,Needs Further Investigation
CASE-1901,Cloud Account Anomaly,2,0,1,1,Unknown,0,0,0,1,0,1,35,MEDIUM,Validate Alert → Check Authentication History → Investigate IP and Location → Collect Evidence → Assess Risk → Determine Containment,Escalate for Review,MANUAL REVIEW - Conflicting Evidence,Benign Activity
CASE-1902,Suspicious Login,3,1,1,1,Unknown,1,1,1,1,0,1,80,HIGH,Validate Alert → Check Authentication History → Investigate IP and Location → Review Endpoint Activity → Review Email Activity → Review Cloud Activity → Collect Evidence → Assess Risk → Determine Containment,Escalate to Senior Analyst,MANUAL REVIEW - Conflicting Evidence,Confirmed Incident
CASE-1903,Endpoint Malware,2,0,1,0,Delhi,1,1,0,1,0,1,45,MEDIUM,Validate Alert → Check Authentication History → Investigate IP and Location → Review Endpoint Activity → Review Email Activity → Collect Evidence → Assess Risk → Determine Containment,Escalate for Review,MANUAL REVIEW - Conflicting Evidence,Benign Activity
CASE-1904,Cloud Account Anomaly,3,1,1,0,Bangalore,1,0,0,1,1,0,40,MEDIUM,Validate Alert → Check Authentication History → Investigate IP and Location → Review Endpoint Activity → Collect Evidence → Assess Risk → Determine Containment,Escalate for Review,BLOCKED - Missing Evidence,Benign Activity
CASE-1905,Suspicious Login,3,0,1,0,Chennai,1,0,0,1,1,1,30,MEDIUM,Validate Alert → Check Authentication History → Investigate IP and Location → Review Endpoint Activity → Collect Evidence → Assess Risk → Determine Containment,Escalate for Review,BLOCKED - Missing Evidence,Benign Activity
CASE-1906,Endpoint Malware,1,1,1,0,Bangalore,1,0,1,0,0,0,50,MEDIUM,Validate Alert → Check Authentication History → Investigate IP and Location → Review Endpoint Activity → Review Cloud Activity → Collect Evidence → Assess Risk → Determine Containment,Escalate for Review,Normal Investigation,Benign Activity
CASE-1907,Cloud Account Anomaly,2,0,1,0,Chennai,0,0,1,1,0,1,30,MEDIUM,Validate Alert → Check Authentication History → Investigate IP and Location → Review Cloud Activity → Collect Evidence → Assess Risk → Determine Containment,Escalate for Review,MANUAL REVIEW - Conflicting Evidence,Needs Further Investigation
CASE-1908,Endpoint Malware,2,0,0,0,Chennai,0,0,0,0,0,0,0,LOW,Validate Alert → Check Authentication History → Collect Evidence → Assess Risk → Determine Containment,Continue Monitoring,Normal Investigation,Benign Activity
CASE-1909,Phishing Email,2,1,0,0,Delhi,1,1,1,1,0,0,50,MEDIUM,Validate Alert → Check Authentication History → Review Endpoint Activity → Review Email Activity → Review Cloud Activity → Collect Evidence → Assess Risk → Determine Containment,Escalate for Review,Normal Investigation,Needs Further Investigation
CASE-1910,Suspicious Login,4,0,1,0,Mumbai,0,1,1,1,0,1,40,MEDIUM,Validate Alert → Check Authentication History → Investigate IP and Location → Review Email Activity → Review Cloud Activity → Collect Evidence → Assess Risk → Determine Containment,Escalate for Review,MANUAL REVIEW - Conflicting Evidence,Benign Activity
CASE-1911,Phishing Email,1,0,0,1,Chennai,1,1,1,1,0,1,55,MEDIUM,Validate Alert → Check Authentication History → Investigate IP and Location → Review Endpoint Activity → Review Email Activity → Review Cloud Activity → Collect Evidence → Assess Risk → Determine Containment,Escalate for Review,MANUAL REVIEW - Conflicting Evidence,Needs Further Investigation
CASE-1912,Suspicious Login,0,0,1,1,Bangalore,1,0,1,1,0,0,60,HIGH,Validate Alert → Check Authentication History → Investigate IP and Location → Review Endpoint Activity → Review Cloud Activity → Collect Evidence → Assess Risk → Determine Containment,Disable Account,Normal Investigation,Confirmed Incident
CASE-1913,Phishing Email,1,0,0,1,Delhi,1,0,1,1,1,0,40,MEDIUM,Validate Alert → Check Authentication History → Investigate IP and Location → Review Endpoint Activity → Review Cloud Activity → Collect Evidence → Assess Risk → Determine Containment,Escalate for Review,BLOCKED - Missing Evidence,Needs Further Investigation
CASE-1914,Suspicious Login,2,1,0,1,Delhi,1,0,1,0,0,0,50,MEDIUM,Validate Alert → Check Authentication History → Investigate IP and Location → Review Endpoint Activity → Review Cloud Activity → Collect Evidence → Assess Risk → Determine Containment,Escalate for Review,Normal Investigation,Needs Further Investigation
CASE-1915,Cloud Account Anomaly,0,0,0,0,Bangalore,1,0,1,1,0,0,30,MEDIUM,Validate Alert → Check Authentication History → Review Endpoint Activity → Review Cloud Activity → Collect Evidence → Assess Risk → Determine Containment,Escalate for Review,Normal Investigation,Benign Activity
CASE-1916,Suspicious Login,1,0,1,0,Mumbai,0,1,1,0,0,0,35,MEDIUM,Validate Alert → Check Authentication History → Investigate IP and Location → Review Email Activity → Review Cloud Activity → Collect Evidence → Assess Risk → Determine Containment,Escalate for Review,Normal Investigation,Needs Further Investigation
CASE-1917,Cloud Account Anomaly,0,0,1,0,Mumbai,0,1,1,0,0,0,35,MEDIUM,Validate Alert → Check Authentication History → Investigate IP and Location → Review Email Activity → Review Cloud Activity → Collect Evidence → Assess Risk → Determine Containment,Escalate for Review,Normal Investigation,Benign Activity
CASE-1918,Cloud Account Anomaly,2,1,0,1,Hyderabad,1,1,0,0,0,1,50,MEDIUM,Validate Alert → Check Authentication History → Investigate IP and Location → Review Endpoint Activity → Review Email Activity → Collect Evidence → Assess Risk → Determine Containment,Escalate for Review,MANUAL REVIEW - Conflicting Evidence,Benign Activity
CASE-1919,Suspicious Login,2,1,1,0,Delhi,0,1,1,1,1,1,45,MEDIUM,Validate Alert → Check Authentication History → Investigate IP and Location → Review Email Activity → Review Cloud Activity → Collect Evidence → Assess Risk → Determine Containment,Escalate for Review,BLOCKED - Missing Evidence,Needs Further Investigation
CASE-1920,Phishing Email,3,1,0,0,Mumbai,0,1,1,1,1,0,30,MEDIUM,Validate Alert → Check Authentication History → Review Email Activity → Review Cloud Activity → Collect Evidence → Assess Risk → Determine Containment,Escalate for Review,BLOCKED - Missing Evidence,Needs Further Investigation
CASE-1921,Cloud Account Anomaly,0,0,0,0,Hyderabad,1,1,0,1,0,0,30,MEDIUM,Validate Alert → Check Authentication History → Review Endpoint Activity → Review Email Activity → Collect Evidence → Assess Risk → Determine Containment,Escalate for Review,Normal Investigation,Needs Further Investigation
CASE-1922,Endpoint Malware,5,0,0,1,Bangalore,1,1,0,0,0,0,60,HIGH,Validate Alert → Check Authentication History → Investigate IP and Location → Review Endpoint Activity → Review Email Activity → Collect Evidence → Assess Risk → Determine Containment,Escalate to Senior Analyst,Normal Investigation,Escalated Incident
CASE-1923,Endpoint Malware,5,0,1,1,Delhi,1,0,0,0,0,0,65,HIGH,Validate Alert → Check Authentication History → Investigate IP and Location → Review Endpoint Activity → Collect Evidence → Assess Risk → Determine Containment,Isolate Endpoint,Normal Investigation,Escalated Incident
CASE-1924,Cloud Account Anomaly,1,0,1,0,Unknown,1,1,0,0,0,1,40,MEDIUM,Validate Alert → Check Authentication History → Investigate IP and Location → Review Endpoint Activity → Review Email Activity → Collect Evidence → Assess Risk → Determine Containment,Escalate for Review,MANUAL REVIEW - Conflicting Evidence,Benign Activity
CASE-1925,Endpoint Malware,4,0,0,0,Delhi,0,0,0,1,0,0,5,LOW,Validate Alert → Check Authentication History → Collect Evidence → Assess Risk → Determine Containment,Continue Monitoring,Normal Investigation,Benign Activity
CASE-1926,Endpoint Malware,2,0,0,1,Hyderabad,1,0,0,1,1,1,30,MEDIUM,Validate Alert → Check Authentication History → Investigate IP and Location → Review Endpoint Activity → Collect Evidence → Assess Risk → Determine Containment,Escalate for Review,BLOCKED - Missing Evidence,Needs Further Investigation
CASE-1927,Endpoint Malware,3,0,1,1,Delhi,1,0,1,1,0,0,60,HIGH,Validate Alert → Check Authentication History → Investigate IP and Location → Review Endpoint Activity → Review Cloud Activity → Collect Evidence → Assess Risk → Determine Containment,Disable Account,Normal Investigation,Confirmed Incident
CASE-1928,Phishing Email,2,1,0,0,Bangalore,0,0,0,0,1,0,5,LOW,Validate Alert → Check Authentication History → Collect Evidence → Assess Risk → Determine Containment,Continue Monitoring,BLOCKED - Missing Evidence,Benign Activity
CASE-1929,Endpoint Malware,3,0,0,1,Bangalore,0,0,1,1,1,0,25,LOW,Validate Alert → Check Authentication History → Investigate IP and Location → Review Cloud Activity → Collect Evidence → Assess Risk → Determine Containment,Continue Monitoring,BLOCKED - Missing Evidence,Benign Activity
CASE-1930,Endpoint Malware,2,0,1,0,Bangalore,1,1,1,1,0,0,55,MEDIUM,Validate Alert → Check Authentication History → Investigate IP and Location → Review Endpoint Activity → Review Email Activity → Review Cloud Activity → Collect Evidence → Assess Risk → Determine Containment,Escalate for Review,Normal Investigation,Needs Further Investigation
CASE-1931,Phishing Email,2,0,0,1,Chennai,0,1,1,0,0,0,35,MEDIUM,Validate Alert → Check Authentication History → Investigate IP and Location → Review Email Activity → Review Cloud Activity → Collect Evidence → Assess Risk → Determine Containment,Escalate for Review,Normal Investigation,Benign Activity
CASE-1932,Suspicious Login,2,1,1,0,Hyderabad,0,1,1,0,1,0,40,MEDIUM,Validate Alert → Check Authentication History → Investigate IP and Location → Review Email Activity → Review Cloud Activity → Collect Evidence → Assess Risk → Determine Containment,Escalate for Review,BLOCKED - Missing Evidence,Benign Activity
CASE-1933,Endpoint Malware,2,1,1,1,Bangalore,0,1,0,1,0,0,55,MEDIUM,Validate Alert → Check Authentication History → Investigate IP and Location → Review Email Activity → Collect Evidence → Assess Risk → Determine Containment,Escalate for Review,Normal Investigation,Needs Further Investigation
CASE-1934,Cloud Account Anomaly,0,0,1,1,Hyderabad,1,1,0,1,1,0,55,MEDIUM,Validate Alert → Check Authentication History → Investigate IP and Location → Review Endpoint Activity → Review Email Activity → Collect Evidence → Assess Risk → Determine Containment,Escalate for Review,BLOCKED - Missing Evidence,Benign Activity
CASE-1935,Cloud Account Anomaly,4,0,0,0,Hyderabad,1,1,0,1,1,0,25,LOW,Validate Alert → Check Authentication History → Review Endpoint Activity → Review Email Activity → Collect Evidence → Assess Risk → Determine Containment,Continue Monitoring,BLOCKED - Missing Evidence,Benign Activity
CASE-1936,Phishing Email,4,1,0,1,Bangalore,0,0,1,1,0,0,40,MEDIUM,Validate Alert → Check Authentication History → Investigate IP and Location → Review Cloud Activity → Collect Evidence → Assess Risk → Determine Containment,Escalate for Review,Normal Investigation,Needs Further Investigation
CASE-1937,Endpoint Malware,1,1,1,0,Hyderabad,0,0,0,0,0,0,25,LOW,Validate Alert → Check Authentication History → Investigate IP and Location → Collect Evidence → Assess Risk → Determine Containment,Continue Monitoring,Normal Investigation,Benign Activity
CASE-1938,Phishing Email,3,1,0,1,Unknown,0,0,0,0,1,0,20,LOW,Validate Alert → Check Authentication History → Investigate IP and Location → Collect Evidence → Assess Risk → Determine Containment,Continue Monitoring,BLOCKED - Missing Evidence,Benign Activity
CASE-1939,Endpoint Malware,0,0,0,1,Unknown,1,1,0,0,0,0,40,MEDIUM,Validate Alert → Check Authentication History → Investigate IP and Location → Review Endpoint Activity → Review Email Activity → Collect Evidence → Assess Risk → Determine Containment,Escalate for Review,Normal Investigation,Benign Activity
CASE-1940,Cloud Account Anomaly,2,0,0,0,Hyderabad,0,1,1,0,0,1,20,LOW,Validate Alert → Check Authentication History → Review Email Activity → Review Cloud Activity → Collect Evidence → Assess Risk → Determine Containment,Continue Monitoring,MANUAL REVIEW - Conflicting Evidence,Benign Activity
CASE-1941,Phishing Email,0,0,1,0,Delhi,1,0,0,1,0,0,35,MEDIUM,Validate Alert → Check Authentication History → Investigate IP and Location → Review Endpoint Activity → Collect Evidence → Assess Risk → Determine Containment,Escalate for Review,Normal Investigation,Benign Activity
CASE-1942,Phishing Email,3,1,0,1,Chennai,1,1,1,1,0,1,65,HIGH,Validate Alert → Check Authentication History → Investigate IP and Location → Review Endpoint Activity → Review Email Activity → Review Cloud Activity → Collect Evidence → Assess Risk → Determine Containment,Escalate to Senior Analyst,MANUAL REVIEW - Conflicting Evidence,Confirmed Incident
CASE-1943,Cloud Account Anomaly,2,0,0,1,Delhi,0,0,0,0,1,0,10,LOW,Validate Alert → Check Authentication History → Investigate IP and Location → Collect Evidence → Assess Risk → Determine Containment,Continue Monitoring,BLOCKED - Missing Evidence,Benign Activity
CASE-1944,Cloud Account Anomaly,1,0,0,0,Mumbai,1,1,1,1,1,1,35,MEDIUM,Validate Alert → Check Authentication History → Review Endpoint Activity → Review Email Activity → Review Cloud Activity → Collect Evidence → Assess Risk → Determine Containment,Escalate for Review,BLOCKED - Missing Evidence,Benign Activity
CASE-1945,Phishing Email,0,1,1,1,Delhi,1,1,1,1,0,0,80,HIGH,Validate Alert → Check Authentication History → Investigate IP and Location → Review Endpoint Activity → Review Email Activity → Review Cloud Activity → Collect Evidence → Assess Risk → Determine Containment,Disable Account,Normal Investigation,Escalated Incident
CASE-1946,Phishing Email,0,0,0,0,Mumbai,1,1,1,1,0,0,40,MEDIUM,Validate Alert → Check Authentication History → Review Endpoint Activity → Review Email Activity → Review Cloud Activity → Collect Evidence → Assess Risk → Determine Containment,Escalate for Review,Normal Investigation,Needs Further Investigation
CASE-1947,Suspicious Login,4,1,1,1,Chennai,1,1,0,0,0,0,65,HIGH,Validate Alert → Check Authentication History → Investigate IP and Location → Review Endpoint Activity → Review Email Activity → Collect Evidence → Assess Risk → Determine Containment,Disable Account,Normal Investigation,Escalated Incident
CASE-1948,Cloud Account Anomaly,2,1,0,0,Bangalore,0,0,1,1,0,1,25,LOW,Validate Alert → Check Authentication History → Review Cloud Activity → Collect Evidence → Assess Risk → Determine Containment,Continue Monitoring,MANUAL REVIEW - Conflicting Evidence,Benign Activity
CASE-1949,Phishing Email,2,1,0,0,Mumbai,1,0,0,1,0,0,30,MEDIUM,Validate Alert → Check Authentication History → Review Endpoint Activity → Collect Evidence → Assess Risk → Determine Containment,Escalate for Review,Normal Investigation,Benign Activity
CASE-1950,Endpoint Malware,3,0,1,0,Hyderabad,0,0,1,0,0,0,25,LOW,Validate Alert → Check Authentication History → Investigate IP and Location → Review Cloud Activity → Collect Evidence → Assess Risk → Determine Containment,Continue Monitoring,Normal Investigation,Benign Activity
CASE-1951,Phishing Email,5,0,0,1,Bangalore,0,1,0,1,1,1,45,MEDIUM,Validate Alert → Check Authentication History → Investigate IP and Location → Review Email Activity → Collect Evidence → Assess Risk → Determine Containment,Escalate for Review,BLOCKED - Missing Evidence,Benign Activity
CASE-1952,Phishing Email,3,1,0,1,Mumbai,0,0,1,1,0,1,40,MEDIUM,Validate Alert → Check Authentication History → Investigate IP and Location → Review Cloud Activity → Collect Evidence → Assess Risk → Determine Containment,Escalate for Review,MANUAL REVIEW - Conflicting Evidence,Needs Further Investigation
CASE-1953,Phishing Email,0,0,1,0,Delhi,1,1,1,1,0,1,55,MEDIUM,Validate Alert → Check Authentication History → Investigate IP and Location → Review Endpoint Activity → Review Email Activity → Review Cloud Activity → Collect Evidence → Assess Risk → Determine Containment,Escalate for Review,MANUAL REVIEW - Conflicting Evidence,Benign Activity
CASE-1954,Endpoint Malware,0,1,0,1,Mumbai,0,0,1,0,0,1,35,MEDIUM,Validate Alert → Check Authentication History → Investigate IP and Location → Review Cloud Activity → Collect Evidence → Assess Risk → Determine Containment,Escalate for Review,MANUAL REVIEW - Conflicting Evidence,Benign Activity
CASE-1955,Endpoint Malware,2,0,0,0,Mumbai,1,0,1,1,0,0,30,MEDIUM,Validate Alert → Check Authentication History → Review Endpoint Activity → Review Cloud Activity → Collect Evidence → Assess Risk → Determine Containment,Escalate for Review,Normal Investigation,Needs Further Investigation
CASE-1956,Endpoint Malware,2,0,0,0,Hyderabad,1,1,1,1,1,0,35,MEDIUM,Validate Alert → Check Authentication History → Review Endpoint Activity → Review Email Activity → Review Cloud Activity → Collect Evidence → Assess Risk → Determine Containment,Escalate for Review,BLOCKED - Missing Evidence,Benign Activity
CASE-1957,Phishing Email,2,0,1,0,Hyderabad,1,1,0,0,0,1,40,MEDIUM,Validate Alert → Check Authentication History → Investigate IP and Location → Review Endpoint Activity → Review Email Activity → Collect Evidence → Assess Risk → Determine Containment,Escalate for Review,MANUAL REVIEW - Conflicting Evidence,Needs Further Investigation
CASE-1958,Phishing Email,3,1,1,0,Unknown,1,0,0,0,0,0,40,MEDIUM,Validate Alert → Check Authentication History → Investigate IP and Location → Review Endpoint Activity → Collect Evidence → Assess Risk → Determine Containment,Escalate for Review,Normal Investigation,Needs Further Investigation
CASE-1959,Phishing Email,0,1,1,0,Unknown,1,1,1,1,0,0,65,HIGH,Validate Alert → Check Authentication History → Investigate IP and Location → Review Endpoint Activity → Review Email Activity → Review Cloud Activity → Collect Evidence → Assess Risk → Determine Containment,Disable Account,Normal Investigation,Confirmed Incident
CASE-1960,Suspicious Login,0,1,1,0,Mumbai,0,0,1,0,0,0,35,MEDIUM,Validate Alert → Check Authentication History → Investigate IP and Location → Review Cloud Activity → Collect Evidence → Assess Risk → Determine Containment,Escalate for Review,Normal Investigation,Needs Further Investigation
CASE-1961,Endpoint Malware,3,1,1,1,Unknown,1,1,0,1,0,0,70,HIGH,Validate Alert → Check Authentication History → Investigate IP and Location → Review Endpoint Activity → Review Email Activity → Collect Evidence → Assess Risk → Determine Containment,Isolate Endpoint,Normal Investigation,Escalated Incident
CASE-1962,Endpoint Malware,2,0,1,0,Chennai,1,0,0,0,0,0,30,MEDIUM,Validate Alert → Check Authentication History → Investigate IP and Location → Review Endpoint Activity → Collect Evidence → Assess Risk → Determine Containment,Escalate for Review,Normal Investigation,Needs Further Investigation
CASE-1963,Cloud Account Anomaly,3,1,1,1,Unknown,0,1,1,1,0,1,65,HIGH,Validate Alert → Check Authentication History → Investigate IP and Location → Review Email Activity → Review Cloud Activity → Collect Evidence → Assess Risk → Determine Containment,Disable Account,MANUAL REVIEW - Conflicting Evidence,Confirmed Incident
CASE-1964,Cloud Account Anomaly,1,1,1,1,Delhi,1,0,0,0,1,1,50,MEDIUM,Validate Alert → Check Authentication History → Investigate IP and Location → Review Endpoint Activity → Collect Evidence → Assess Risk → Determine Containment,Escalate for Review,BLOCKED - Missing Evidence,Needs Further Investigation
CASE-1965,Suspicious Login,3,1,0,1,Hyderabad,1,0,1,1,1,0,50,MEDIUM,Validate Alert → Check Authentication History → Investigate IP and Location → Review Endpoint Activity → Review Cloud Activity → Collect Evidence → Assess Risk → Determine Containment,Escalate for Review,BLOCKED - Missing Evidence,Benign Activity
CASE-1966,Endpoint Malware,3,1,1,1,Bangalore,0,0,0,0,1,0,35,MEDIUM,Validate Alert → Check Authentication History → Investigate IP and Location → Collect Evidence → Assess Risk → Determine Containment,Escalate for Review,BLOCKED - Missing Evidence,Needs Further Investigation
CASE-1967,Endpoint Malware,1,1,0,0,Hyderabad,0,0,1,0,0,0,20,LOW,Validate Alert → Check Authentication History → Review Cloud Activity → Collect Evidence → Assess Risk → Determine Containment,Continue Monitoring,Normal Investigation,Benign Activity
CASE-1968,Cloud Account Anomaly,3,0,0,0,Delhi,1,0,1,1,0,0,30,MEDIUM,Validate Alert → Check Authentication History → Review Endpoint Activity → Review Cloud Activity → Collect Evidence → Assess Risk → Determine Containment,Escalate for Review,Normal Investigation,Needs Further Investigation
CASE-1969,Endpoint Malware,4,0,1,0,Hyderabad,0,1,0,0,0,1,25,LOW,Validate Alert → Check Authentication History → Investigate IP and Location → Review Email Activity → Collect Evidence → Assess Risk → Determine Containment,Continue Monitoring,MANUAL REVIEW - Conflicting Evidence,Benign Activity
CASE-1970,Cloud Account Anomaly,2,1,1,0,Hyderabad,0,1,0,1,1,0,35,MEDIUM,Validate Alert → Check Authentication History → Investigate IP and Location → Review Email Activity → Collect Evidence → Assess Risk → Determine Containment,Escalate for Review,BLOCKED - Missing Evidence,Benign Activity
CASE-1971,Cloud Account Anomaly,1,0,0,1,Bangalore,1,1,0,1,1,0,40,MEDIUM,Validate Alert → Check Authentication History → Investigate IP and Location → Review Endpoint Activity → Review Email Activity → Collect Evidence → Assess Risk → Determine Containment,Escalate for Review,BLOCKED - Missing Evidence,Needs Further Investigation
CASE-1972,Endpoint Malware,4,0,1,1,Hyderabad,1,0,1,1,0,0,60,HIGH,Validate Alert → Check Authentication History → Investigate IP and Location → Review Endpoint Activity → Review Cloud Activity → Collect Evidence → Assess Risk → Determine Containment,Isolate Endpoint,Normal Investigation,Confirmed Incident
CASE-1973,Cloud Account Anomaly,1,0,1,1,Chennai,1,0,1,1,0,0,60,HIGH,Validate Alert → Check Authentication History → Investigate IP and Location → Review Endpoint Activity → Review Cloud Activity → Collect Evidence → Assess Risk → Determine Containment,Isolate Endpoint,Normal Investigation,Escalated Incident
CASE-1974,Phishing Email,1,1,0,0,Hyderabad,0,0,1,0,0,0,20,LOW,Validate Alert → Check Authentication History → Review Cloud Activity → Collect Evidence → Assess Risk → Determine Containment,Continue Monitoring,Normal Investigation,Benign Activity
CASE-1975,Cloud Account Anomaly,3,0,1,1,Bangalore,0,0,1,1,1,1,40,MEDIUM,Validate Alert → Check Authentication History → Investigate IP and Location → Review Cloud Activity → Collect Evidence → Assess Risk → Determine Containment,Escalate for Review,BLOCKED - Missing Evidence,Needs Further Investigation
CASE-1976,Endpoint Malware,1,1,1,1,Bangalore,1,1,1,1,1,1,75,HIGH,Validate Alert → Check Authentication History → Investigate IP and Location → Review Endpoint Activity → Review Email Activity → Review Cloud Activity → Collect Evidence → Assess Risk → Determine Containment,Disable Account,BLOCKED - Missing Evidence,Confirmed Incident
CASE-1977,Cloud Account Anomaly,4,1,1,0,Delhi,0,1,0,0,0,0,35,MEDIUM,Validate Alert → Check Authentication History → Investigate IP and Location → Review Email Activity → Collect Evidence → Assess Risk → Determine Containment,Escalate for Review,Normal Investigation,Needs Further Investigation
CASE-1978,Endpoint Malware,3,0,1,1,Hyderabad,1,1,0,0,1,0,50,MEDIUM,Validate Alert → Check Authentication History → Investigate IP and Location → Review Endpoint Activity → Review Email Activity → Collect Evidence → Assess Risk → Determine Containment,Escalate for Review,BLOCKED - Missing Evidence,Needs Further Investigation
CASE-1979,Cloud Account Anomaly,0,0,0,0,Bangalore,0,1,1,1,0,0,25,LOW,Validate Alert → Check Authentication History → Review Email Activity → Review Cloud Activity → Collect Evidence → Assess Risk → Determine Containment,Continue Monitoring,Normal Investigation,Benign Activity
CASE-1980,Endpoint Malware,2,1,0,1,Delhi,1,0,1,1,0,1,55,MEDIUM,Validate Alert → Check Authentication History → Investigate IP and Location → Review Endpoint Activity → Review Cloud Activity → Collect Evidence → Assess Risk → Determine Containment,Escalate for Review,MANUAL REVIEW - Conflicting Evidence,Benign Activity
CASE-1981,Suspicious Login,3,1,0,1,Mumbai,1,1,1,1,1,0,60,HIGH,Validate Alert → Check Authentication History → Investigate IP and Location → Review Endpoint Activity → Review Email Activity → Review Cloud Activity → Collect Evidence → Assess Risk → Determine Containment,Escalate to Senior Analyst,BLOCKED - Missing Evidence,Confirmed Incident
CASE-1982,Phishing Email,2,1,0,1,Chennai,1,0,1,0,1,0,45,MEDIUM,Validate Alert → Check Authentication History → Investigate IP and Location → Review Endpoint Activity → Review Cloud Activity → Collect Evidence → Assess Risk → Determine Containment,Escalate for Review,BLOCKED - Missing Evidence,Benign Activity
CASE-1983,Endpoint Malware,1,0,0,0,Mumbai,1,0,1,0,0,0,25,LOW,Validate Alert → Check Authentication History → Review Endpoint Activity → Review Cloud Activity → Collect Evidence → Assess Risk → Determine Containment,Continue Monitoring,Normal Investigation,Benign Activity
CASE-1984,Cloud Account Anomaly,4,1,0,1,Hyderabad,0,1,1,1,0,1,50,MEDIUM,Validate Alert → Check Authentication History → Investigate IP and Location → Review Email Activity → Review Cloud Activity → Collect Evidence → Assess Risk → Determine Containment,Escalate for Review,MANUAL REVIEW - Conflicting Evidence,Needs Further Investigation
CASE-1985,Endpoint Malware,1,1,1,0,Hyderabad,0,0,0,1,0,1,30,MEDIUM,Validate Alert → Check Authentication History → Investigate IP and Location → Collect Evidence → Assess Risk → Determine Containment,Escalate for Review,MANUAL REVIEW - Conflicting Evidence,Needs Further Investigation
CASE-1986,Cloud Account Anomaly,1,0,0,0,Delhi,1,1,1,1,0,1,40,MEDIUM,Validate Alert → Check Authentication History → Review Endpoint Activity → Review Email Activity → Review Cloud Activity → Collect Evidence → Assess Risk → Determine Containment,Escalate for Review,MANUAL REVIEW - Conflicting Evidence,Benign Activity
CASE-1987,Cloud Account Anomaly,0,1,0,0,Bangalore,0,1,1,0,0,0,30,MEDIUM,Validate Alert → Check Authentication History → Review Email Activity → Review Cloud Activity → Collect Evidence → Assess Risk → Determine Containment,Escalate for Review,Normal Investigation,Needs Further Investigation
CASE-1988,Endpoint Malware,3,0,0,1,Bangalore,0,0,0,1,1,1,15,LOW,Validate Alert → Check Authentication History → Investigate IP and Location → Collect Evidence → Assess Risk → Determine Containment,Continue Monitoring,BLOCKED - Missing Evidence,Benign Activity
CASE-1989,Cloud Account Anomaly,0,1,1,0,Mumbai,0,1,1,0,0,0,45,MEDIUM,Validate Alert → Check Authentication History → Investigate IP and Location → Review Email Activity → Review Cloud Activity → Collect Evidence → Assess Risk → Determine Containment,Escalate for Review,Normal Investigation,Benign Activity
CASE-1990,Cloud Account Anomaly,2,0,1,1,Mumbai,0,0,0,0,0,0,30,MEDIUM,Validate Alert → Check Authentication History → Investigate IP and Location → Collect Evidence → Assess Risk → Determine Containment,Escalate for Review,Normal Investigation,Benign Activity
CASE-1991,Cloud Account Anomaly,1,1,1,1,Bangalore,0,1,0,0,1,0,45,MEDIUM,Validate Alert → Check Authentication History → Investigate IP and Location → Review Email Activity → Collect Evidence → Assess Risk → Determine Containment,Escalate for Review,BLOCKED - Missing Evidence,Benign Activity
CASE-1992,Cloud Account Anomaly,1,0,0,1,Delhi,1,1,1,0,0,0,50,MEDIUM,Validate Alert → Check Authentication History → Investigate IP and Location → Review Endpoint Activity → Review Email Activity → Review Cloud Activity → Collect Evidence → Assess Risk → Determine Containment,Escalate for Review,Normal Investigation,Benign Activity
CASE-1993,Phishing Email,2,0,1,0,Mumbai,0,0,1,0,0,1,25,LOW,Validate Alert → Check Authentication History → Investigate IP and Location → Review Cloud Activity → Collect Evidence → Assess Risk → Determine Containment,Continue Monitoring,MANUAL REVIEW - Conflicting Evidence,Benign Activity
CASE-1994,Phishing Email,4,0,0,1,Hyderabad,1,1,1,1,0,0,55,MEDIUM,Validate Alert → Check Authentication History → Investigate IP and Location → Review Endpoint Activity → Review Email Activity → Review Cloud Activity → Collect Evidence → Assess Risk → Determine Containment,Escalate for Review,Normal Investigation,Needs Further Investigation
CASE-1995,Suspicious Login,4,1,1,0,Mumbai,0,0,1,1,0,0,40,MEDIUM,Validate Alert → Check Authentication History → Investigate IP and Location → Review Cloud Activity → Collect Evidence → Assess Risk → Determine Containment,Escalate for Review,Normal Investigation,Needs Further Investigation
CASE-1996,Cloud Account Anomaly,3,1,0,0,Hyderabad,1,0,0,1,1,1,25,LOW,Validate Alert → Check Authentication History → Review Endpoint Activity → Collect Evidence → Assess Risk → Determine Containment,Continue Monitoring,BLOCKED - Missing Evidence,Benign Activity
CASE-1997,Cloud Account Anomaly,4,1,0,0,Bangalore,0,0,1,0,0,0,20,LOW,Validate Alert → Check Authentication History → Review Cloud Activity → Collect Evidence → Assess Risk → Determine Containment,Continue Monitoring,Normal Investigation,Benign Activity
CASE-1998,Cloud Account Anomaly,1,1,1,1,Unknown,0,0,0,1,0,0,45,MEDIUM,Validate Alert → Check Authentication History → Investigate IP and Location → Collect Evidence → Assess Risk → Determine Containment,Escalate for Review,Normal Investigation,Needs Further Investigation
CASE-1999,Cloud Account Anomaly,2,0,0,1,Bangalore,0,0,1,0,0,0,25,LOW,Validate Alert → Check Authentication History → Investigate IP and Location → Review Cloud Activity → Collect Evidence → Assess Risk → Determine Containment,Continue Monitoring,Normal Investigation,Benign Activity
CASE-2000,Cloud Account Anomaly,1,1,1,0,Hyderabad,0,0,1,0,1,0,30,MEDIUM,Validate Alert → Check Authentication History → Investigate IP and Location → Review Cloud Activity → Collect Evidence → Assess Risk → Determine Containment,Escalate for Review,BLOCKED - Missing Evidence,Needs Further Investigation
